id,number,title,state,user,created_at,updated_at,comments,url
3528801125,165836,[ROCm][CI] Machines under the label linux.rocm.gpu.2 are undergoing maintenance.,open,amdfaa,2025-10-18T12:54:28Z,2025-10-18T12:54:33Z,0,https://github.com/pytorch/pytorch/issues/165836
3528521178,165832,DataLoader timeout for child Process,open,wuhuachaocoding,2025-10-18T10:06:51Z,2025-10-18T10:06:51Z,0,https://github.com/pytorch/pytorch/issues/165832
3528478338,165830,Feedback about torch.is_tensor,open,belmakt,2025-10-18T09:45:37Z,2025-10-18T09:45:37Z,0,https://github.com/pytorch/pytorch/issues/165830
3528409793,165829,Floating Point Exception (Core Dumped) with Dynamic Quantization on nn.Linear with Output Dimension 0,open,qiqicliff,2025-10-18T09:15:52Z,2025-10-18T09:15:52Z,0,https://github.com/pytorch/pytorch/issues/165829
3528260434,165826,“Request: Add CUDA support for NVIDIA RTX 5070 Ti (Ada Lovelace Refresh)”,open,reno-gtk,2025-10-18T07:44:52Z,2025-10-18T07:44:52Z,0,https://github.com/pytorch/pytorch/issues/165826
3527902216,165812,cannot find libcudnn.so.9,open,braindevices,2025-10-18T01:01:33Z,2025-10-18T01:54:31Z,0,https://github.com/pytorch/pytorch/issues/165812
3527890441,165811,[RFC] A Python backend registration API,open,qihqi,2025-10-18T00:46:37Z,2025-10-18T00:46:37Z,0,https://github.com/pytorch/pytorch/issues/165811
3527889273,165810,"Stack trace and annotation on node is ""wrong"" after `aot_export_joint_with_descriptors` because of regenerate_from_base",open,yushangdi,2025-10-18T00:44:54Z,2025-10-18T02:11:45Z,3,https://github.com/pytorch/pytorch/issues/165810
3527767358,165801,[CUDA][cuDNN][2.9] CUDA 12.8 wheels ship with cuDNN 9.10.2 but CI is installing 9.8.0,open,eqy,2025-10-17T22:58:51Z,2025-10-17T22:59:01Z,1,https://github.com/pytorch/pytorch/issues/165801
3527735794,165799,`torch.where` does not accept scalar argument when `out=` is passed,open,hchau630,2025-10-17T22:30:10Z,2025-10-18T06:09:32Z,1,https://github.com/pytorch/pytorch/issues/165799
3527735692,165798,matmul/mm/bmm crashes on CUDA 13.0 + Libtorch 2.9 on Ubuntu 24.04,open,miriameng,2025-10-17T22:30:05Z,2025-10-18T01:15:24Z,2,https://github.com/pytorch/pytorch/issues/165798
3527397037,165786,torch._inductor.fx_passes.control_dependencies.ControlDeps missing implementation for DispatchKey.Autograd,open,benjaminglass1,2025-10-17T20:10:47Z,2025-10-17T20:14:33Z,0,https://github.com/pytorch/pytorch/issues/165786
3527388143,165785,Harden CuTeDSL Inductor Path,open,NikhilAPatel,2025-10-17T20:07:48Z,2025-10-17T21:26:20Z,0,https://github.com/pytorch/pytorch/issues/165785
3527304693,165781,Add support for sparse tensors with view_as_complex,open,cleonard530,2025-10-17T19:35:22Z,2025-10-17T21:29:40Z,1,https://github.com/pytorch/pytorch/issues/165781
3527174299,165778,DISABLED test_compile_selective_checkpoint_must_not_recompute_gemm_no_functionalization_cuda (__main__.ActivationCheckpointingViaTagsTestsCUDA),open,pytorch-bot[bot],2025-10-17T18:50:01Z,2025-10-17T18:50:05Z,1,https://github.com/pytorch/pytorch/issues/165778
3526902992,165771,DISABLED test_batchmatmul (__main__.TestTritonDotReduction),open,etaf,2025-10-17T17:11:57Z,2025-10-17T17:12:01Z,1,https://github.com/pytorch/pytorch/issues/165771
3526822183,165768,UNSTABLE rocm-mi355 / linux-noble-rocm-py3.12-mi355 / test (default),open,jithunnair-amd,2025-10-17T16:38:37Z,2025-10-17T16:39:35Z,1,https://github.com/pytorch/pytorch/issues/165768
3526640631,165761,ModuleNotFoundError: No module named 'torch.ops.symm_mem',closed,tonyf,2025-10-17T15:46:49Z,2025-10-17T20:34:00Z,6,https://github.com/pytorch/pytorch/issues/165761
3526572899,165758,[ONNX] Better documentation needed for output_names arg,open,ir2718,2025-10-17T15:24:36Z,2025-10-17T20:51:29Z,2,https://github.com/pytorch/pytorch/issues/165758
3526417014,165753,wrong accuracy_status when check_accuracy occur exception.,closed,xuhancn,2025-10-17T14:36:50Z,2025-10-17T16:44:57Z,1,https://github.com/pytorch/pytorch/issues/165753
3526194869,165751,`torch.distribution.Gamma` sampling forces a `torch.compile` graph break with dynamic shapes.,open,peterdsharpe,2025-10-17T13:29:59Z,2025-10-17T13:32:45Z,0,https://github.com/pytorch/pytorch/issues/165751
3526081867,165749,Backward pass failure for `nn.Conv2d` with `weight_norm` and `torch.compile`,open,mxmpl,2025-10-17T12:56:20Z,2025-10-17T12:56:23Z,0,https://github.com/pytorch/pytorch/issues/165749
3526073758,165748,dynamic_axes in torch.onnx.export seems broken in 2.9.0,open,wdhongtw,2025-10-17T12:54:24Z,2025-10-18T01:30:33Z,6,https://github.com/pytorch/pytorch/issues/165748
3525336849,165744,Inconsistency in `conv_transpose2d` for float16 with inf weights between CPU and CUDA,open,rookieLiu2018,2025-10-17T09:57:13Z,2025-10-17T14:42:16Z,0,https://github.com/pytorch/pytorch/issues/165744
3525204061,165743,[B200] Smoke Tests fail on _scaled_mm_v2 op,closed,Aidyn-A,2025-10-17T09:15:39Z,2025-10-17T17:52:22Z,1,https://github.com/pytorch/pytorch/issues/165743
3524983217,165742,DISABLED test_comprehensive_to_sparse_xpu_float16 (__main__.TestInductorOpInfoXPU),closed,etaf,2025-10-17T08:09:41Z,2025-10-17T22:34:25Z,2,https://github.com/pytorch/pytorch/issues/165742
3524893319,165741,Ctx or at least Thread level switch for fp32 IEEE precision tolerance,open,Qubitium,2025-10-17T07:38:13Z,2025-10-17T07:51:49Z,0,https://github.com/pytorch/pytorch/issues/165741
3524868814,165739,Inconsistent in `torch.fft.irfft` and `torch.fft.ifftn` for complex64 inputs containing `Inf`,open,rookieLiu2018,2025-10-17T07:29:33Z,2025-10-17T14:41:15Z,0,https://github.com/pytorch/pytorch/issues/165739
3524801975,165738,[intel gpu] performance on xpu are very slow when using tl.sqrt_rn,open,jianyizh,2025-10-17T07:05:56Z,2025-10-17T07:16:48Z,0,https://github.com/pytorch/pytorch/issues/165738
3524507224,165730,"autocast('cuda', enabled=False) silently ignored on NPU without warning, causing precision issues",open,ZRICHARD9527,2025-10-17T04:55:22Z,2025-10-17T18:25:23Z,3,https://github.com/pytorch/pytorch/issues/165730
3524435598,165727,DDP hangs at first AllGather during parameter broadcast with tied weights on Blackwell GPUs (sm_120),open,lakshminarasimmanv,2025-10-17T04:16:25Z,2025-10-17T18:13:29Z,0,https://github.com/pytorch/pytorch/issues/165727
3524371854,165724,Bug: Incorrect dependency length calculation for `node2` in `score_fusion_memory`,open,bozhiyou,2025-10-17T03:51:22Z,2025-10-17T03:51:25Z,0,https://github.com/pytorch/pytorch/issues/165724
3524347574,165722,[dynamo] RelationalGuard classes store raw PyObject* without proper reference counting,closed,lingebeng,2025-10-17T03:41:21Z,2025-10-17T23:21:55Z,0,https://github.com/pytorch/pytorch/issues/165722
3524336504,165721,Error while building extension on Windows with PyTorch 2.9.0,closed,jaquilio,2025-10-17T03:37:07Z,2025-10-17T04:22:42Z,0,https://github.com/pytorch/pytorch/issues/165721
3524243028,165720,DISABLED test_binomial_sample (__main__.TestDistributions),open,etaf,2025-10-17T03:03:01Z,2025-10-17T03:03:05Z,1,https://github.com/pytorch/pytorch/issues/165720
3524237074,165719,DISABLED test_3mm_add (__main__.TestTritonDotReduction),open,etaf,2025-10-17T03:01:09Z,2025-10-17T03:01:12Z,1,https://github.com/pytorch/pytorch/issues/165719
3524183094,165718,"[Fuzzer][Eager/Compile Divergence]  RuntimeError: self and mat2 must have the same dtype, but got Half and Float",open,bobrenjc93,2025-10-17T02:41:18Z,2025-10-17T03:09:32Z,0,https://github.com/pytorch/pytorch/issues/165718
3524079231,165715,Missing spans in CPU section of profile likely caused by memory allocation with expandable segments,open,ad8e,2025-10-17T01:35:33Z,2025-10-17T01:35:33Z,0,https://github.com/pytorch/pytorch/issues/165715
3524045877,165713,DISABLED test_fn_gradgrad_cholesky_solve_cuda_float64 (__main__.TestBwdGradientsCUDA),open,pytorch-bot[bot],2025-10-17T01:12:25Z,2025-10-17T01:12:28Z,1,https://github.com/pytorch/pytorch/issues/165713
3523617855,165691,[Triton][LLVM] Triton llvm version bump appears to break maxpool2d tests,open,eqy,2025-10-16T21:47:41Z,2025-10-16T22:52:14Z,0,https://github.com/pytorch/pytorch/issues/165691
3523554831,165685,"`PYTORCH_CUDA_ALLOC_CONF=""expandable_segments:True""` triggers `RuntimeError: pidfd_getfd: Operation not permitted` for CUDA IPC transfer",open,SumanthRH,2025-10-16T21:21:17Z,2025-10-17T04:32:48Z,2,https://github.com/pytorch/pytorch/issues/165685
3523490904,165684,Python version in test CI job doesn't align with the python version in the docker build log,open,yushangdi,2025-10-16T20:58:16Z,2025-10-16T22:51:16Z,2,https://github.com/pytorch/pytorch/issues/165684
3523415886,165681,DISABLED test_fuzzer_issue_164086 (__main__.TestFuzzerCompileIssues),open,jeffdaily,2025-10-16T20:28:47Z,2025-10-17T04:32:12Z,4,https://github.com/pytorch/pytorch/issues/165681
3523253339,165671,DISABLED test_truediv_base_not_bitwise_equivalent (__main__.CudaReproTests),open,jeffdaily,2025-10-16T19:37:14Z,2025-10-17T04:31:07Z,1,https://github.com/pytorch/pytorch/issues/165671
3522790174,165654,PyTorch on aarch64 crashes with ConvTranspose1d,open,malfet,2025-10-16T17:19:04Z,2025-10-18T11:37:17Z,5,https://github.com/pytorch/pytorch/issues/165654
3522787081,165653,[distributed] test_symmetric_memory fails on odd-numbered GPU configurations (3 GPUs),open,RohitRathore1,2025-10-16T17:18:13Z,2025-10-17T04:28:56Z,0,https://github.com/pytorch/pytorch/issues/165653
3522728834,165650,"`torch.remainder` with integer divisor 0 should raise, but returns large values in CUDA",open,rookieLiu2018,2025-10-16T17:02:28Z,2025-10-16T22:57:52Z,1,https://github.com/pytorch/pytorch/issues/165650
3522621018,165649,`torch.fmod` crashes on integer tensors when dividend is the minimum representable value and divisor is -1,open,rookieLiu2018,2025-10-16T16:30:08Z,2025-10-18T11:01:02Z,3,https://github.com/pytorch/pytorch/issues/165649
3522394425,165641,strict export doesn't work with global constants,open,tugsbayasgalan,2025-10-16T15:27:01Z,2025-10-17T04:29:00Z,0,https://github.com/pytorch/pytorch/issues/165641
3522233928,165634,make_fx pre_dispatch=True produces incorrect graph when BatchedFallback is triggered,open,ezyang,2025-10-16T14:46:56Z,2025-10-17T04:30:22Z,0,https://github.com/pytorch/pytorch/issues/165634
3521403801,165628,[Meta] Type Hints in Pytorch,open,randolf-scholz,2025-10-16T11:10:48Z,2025-10-17T16:50:31Z,5,https://github.com/pytorch/pytorch/issues/165628
3521110234,165626,Code Style Cleanup: Replace python3 -mpip with the more readable python3 -m pip,open,lingebeng,2025-10-16T09:41:58Z,2025-10-18T00:10:16Z,2,https://github.com/pytorch/pytorch/issues/165626
3520946719,165624,[inductor][joint_graph.py] A Likely Merge Mistake,open,QZero233,2025-10-16T08:55:34Z,2025-10-17T04:30:58Z,0,https://github.com/pytorch/pytorch/issues/165624
3520854719,165621,Feedback about RNN,open,student868,2025-10-16T08:26:58Z,2025-10-16T14:18:23Z,0,https://github.com/pytorch/pytorch/issues/165621
3520456020,165615,Feedback about torch.nn.ConvTranspose1d Need adding an example,closed,vishalgoyal316,2025-10-16T06:08:37Z,2025-10-17T19:12:00Z,0,https://github.com/pytorch/pytorch/issues/165615
3520289709,165613,Tril Does not Support SymInt,open,YifanShenSZ,2025-10-16T04:37:06Z,2025-10-16T14:23:17Z,1,https://github.com/pytorch/pytorch/issues/165613
3520271382,165612,RFC: Optionally accept NumPy dtypes in all APIs where torch dtypes are accepted,open,leofang,2025-10-16T04:24:52Z,2025-10-16T14:35:11Z,0,https://github.com/pytorch/pytorch/issues/165612
3519975669,165603,DISABLED test_ops_append_to_existing_file_tunableop_cuda_float32 (__main__.TestLinalgCUDA),open,pytorch-bot[bot],2025-10-16T01:09:17Z,2025-10-16T18:50:42Z,4,https://github.com/pytorch/pytorch/issues/165603
3519975600,165602,DISABLED test_fn_fwgrad_bwgrad_cholesky_solve_cuda_float64 (__main__.TestFwdGradientsCUDA),open,pytorch-bot[bot],2025-10-16T01:09:14Z,2025-10-16T01:09:17Z,1,https://github.com/pytorch/pytorch/issues/165602
3519865588,165595,inductor graph partition extension mechanism doesn't work with fx graph cache,open,zou3519,2025-10-15T23:42:24Z,2025-10-15T23:43:31Z,0,https://github.com/pytorch/pytorch/issues/165595
3519785698,165590,RuntimeError: non-positive groups is not supported,open,st085318,2025-10-15T22:44:54Z,2025-10-17T18:59:35Z,1,https://github.com/pytorch/pytorch/issues/165590
3519539129,165579,Inductor bug when compiling Gemma,closed,yushangdi,2025-10-15T20:50:53Z,2025-10-16T19:06:10Z,1,https://github.com/pytorch/pytorch/issues/165579
3519535393,165578,Out of tree backend documentation does not seem accurate,open,pganssle-google,2025-10-15T20:49:12Z,2025-10-17T04:30:01Z,1,https://github.com/pytorch/pytorch/issues/165578
3519481471,165577,CI: What is the purpose of `slow.yml`,open,malfet,2025-10-15T20:33:34Z,2025-10-16T09:24:45Z,1,https://github.com/pytorch/pytorch/issues/165577
3519164462,165570,Add support for element-wise operations to flop counter,open,alisyeMeta,2025-10-15T18:40:15Z,2025-10-17T04:29:30Z,2,https://github.com/pytorch/pytorch/issues/165570
3518826357,165559,Release 2.9 README.md has links to images that do not work on pypi,open,atalman,2025-10-15T16:45:19Z,2025-10-16T13:21:07Z,2,https://github.com/pytorch/pytorch/issues/165559
3518650307,165552,"Feature Request: Add a mechanism to track ""dead"" ReLU activations",closed,Mark799,2025-10-15T15:55:39Z,2025-10-16T09:22:44Z,2,https://github.com/pytorch/pytorch/issues/165552
3518594437,165549,Operations like `abs` (dispatched via CompositeExplicitAutograd) return empty tensors when run through cpu_fallback,open,fizzxed,2025-10-15T15:40:44Z,2025-10-17T18:45:38Z,1,https://github.com/pytorch/pytorch/issues/165549
3518378453,165547,error message for deepcopy a cuda tensor under FakeTensorMode is pretty cryptic,open,zou3519,2025-10-15T14:41:19Z,2025-10-15T14:44:37Z,0,https://github.com/pytorch/pytorch/issues/165547
3517284765,165537,"`torch.linspace` with `inf` endpoint and `float16` dtype returns all `nan`,inconsistent with NumPy",open,rookieLiu2018,2025-10-15T10:01:22Z,2025-10-15T13:15:18Z,0,https://github.com/pytorch/pytorch/issues/165537
3517242170,165536,some questions for contributing,closed,wenlinchong17-web,2025-10-15T09:48:39Z,2025-10-17T14:41:52Z,1,https://github.com/pytorch/pytorch/issues/165536
3516624591,165532,PyTorch CPU / DataLoader: “Too many open files” (`EMFILE`),open,dipikakhullar,2025-10-15T06:55:58Z,2025-10-17T08:31:53Z,5,https://github.com/pytorch/pytorch/issues/165532
3516613339,165530,`torch.func.jvp` does not support flash_attention calculation,closed,pnotp,2025-10-15T06:52:20Z,2025-10-16T09:05:05Z,1,https://github.com/pytorch/pytorch/issues/165530
3516464674,165525,view size is not compatible with input tensor’s size and stride,closed,dipikakhullar,2025-10-15T06:04:11Z,2025-10-15T19:52:16Z,0,https://github.com/pytorch/pytorch/issues/165525
3516326300,165517,torch.func.jvp does not support flash_attn,closed,pnotp,2025-10-15T04:50:29Z,2025-10-16T09:04:34Z,1,https://github.com/pytorch/pytorch/issues/165517
3516108640,165506,[torch.compile] dynamic shape kernel mismatch,open,dxqb,2025-10-15T02:30:20Z,2025-10-15T02:30:23Z,0,https://github.com/pytorch/pytorch/issues/165506
3516100008,165503,Feedback about torch.Tensor.index_put_,closed,NGC13009,2025-10-15T02:24:33Z,2025-10-15T23:28:49Z,2,https://github.com/pytorch/pytorch/issues/165503
3516091243,165501,Inductor custom pass mechanism that maintains config constraints,open,zou3519,2025-10-15T02:17:45Z,2025-10-15T02:18:06Z,0,https://github.com/pytorch/pytorch/issues/165501
3515902690,165491,symbolic_trace removes some pkg.torch.onnx.stack_trace metadata,open,jsmonson,2025-10-15T00:09:14Z,2025-10-17T04:31:53Z,3,https://github.com/pytorch/pytorch/issues/165491
3515756053,165486,Update user-extensible inductor graph partition design,closed,zou3519,2025-10-14T22:51:54Z,2025-10-14T22:54:02Z,1,https://github.com/pytorch/pytorch/issues/165486
3515641281,165480,View decomposition of moe fails in nightly,open,cehongwang,2025-10-14T21:59:16Z,2025-10-16T08:57:30Z,0,https://github.com/pytorch/pytorch/issues/165480
3515551537,165471,inductor graph partition x AOTAutograd Cache issue,open,BoyuanFeng,2025-10-14T21:22:34Z,2025-10-14T22:49:35Z,0,https://github.com/pytorch/pytorch/issues/165471
3515368037,165468,flex_attention does not work with amp,open,wzm2256,2025-10-14T20:21:53Z,2025-10-16T08:55:30Z,1,https://github.com/pytorch/pytorch/issues/165468
3514961801,165455,PrivateUse1 backends starting with cpu and cuda fail in de-serialization,open,matthewdcong,2025-10-14T18:04:41Z,2025-10-14T22:14:43Z,0,https://github.com/pytorch/pytorch/issues/165455
3514824379,165448,`import torch` fails on 3.13 Linux nightly jobs with AST parsing errors,open,izaitsevfb,2025-10-14T17:15:26Z,2025-10-14T20:12:01Z,2,https://github.com/pytorch/pytorch/issues/165448
3514822185,165447,[precompile] AOT Precompile serialization failed when running mutliple times,closed,yiming0416,2025-10-14T17:14:41Z,2025-10-17T17:47:26Z,3,https://github.com/pytorch/pytorch/issues/165447
3514738175,165444,AOTInductor not updating buffers inplace,open,olarucatalin,2025-10-14T16:48:34Z,2025-10-18T01:54:47Z,2,https://github.com/pytorch/pytorch/issues/165444
3514650522,165439,[distributed] wrong typing for fully_shard reshard_after_forward overloads,open,Laurent2916,2025-10-14T16:23:16Z,2025-10-14T16:42:17Z,0,https://github.com/pytorch/pytorch/issues/165439
3513110277,165428,Using NCCL for Global Group and MPI for Sub-Groups in torch.distributed,closed,cq-eng,2025-10-14T09:26:47Z,2025-10-15T13:44:42Z,11,https://github.com/pytorch/pytorch/issues/165428
3513099085,165427,"PyTorch's atan2 function avoids computational anomalies when the input is zero, but the backward gradient becomes NaN.",open,cilence,2025-10-14T09:23:45Z,2025-10-14T14:02:35Z,0,https://github.com/pytorch/pytorch/issues/165427
3513029438,165425,Support FFT operations in FLOP counter,open,rudolfwilliam,2025-10-14T09:04:04Z,2025-10-14T23:15:49Z,2,https://github.com/pytorch/pytorch/issues/165425
3512953447,165422,`_set_pg_timeout` doesn't work for the gloo backend,open,WindowsXp-Beta,2025-10-14T08:41:38Z,2025-10-14T22:55:12Z,3,https://github.com/pytorch/pytorch/issues/165422
3512818560,165421,[torch.compile][fullgraph][dynamic shapes] aten.masked_select.default rejected as “Dynamic shape operator” (eager OK),open,tinywisdom,2025-10-14T08:04:40Z,2025-10-14T08:04:44Z,0,https://github.com/pytorch/pytorch/issues/165421
3512783810,165419,[RFC] Make PyTorch Expandable Segments interoperate with CUDA VMM-based allocators (NCCL ncclMemAlloc),open,eee4017,2025-10-14T07:53:01Z,2025-10-15T17:35:31Z,4,https://github.com/pytorch/pytorch/issues/165419
3512749817,165417,[torch.compile][fullgraph][dynamic shapes] `torch.unique` (`aten._unique2.default`) rejected as “Dynamic shape operator” in fullgraph mode (eager OK),open,tinywisdom,2025-10-14T07:41:11Z,2025-10-14T07:41:14Z,0,https://github.com/pytorch/pytorch/issues/165417
3512743072,165416,DISABLED test_unspec_inputs_int8_xpu (__main__.GPUTests),closed,etaf,2025-10-14T07:38:46Z,2025-10-17T22:34:30Z,2,https://github.com/pytorch/pytorch/issues/165416
3512742050,165415,DISABLED test_comprehensive_atanh_xpu_float16 (__main__.TestInductorOpInfoXPU),closed,etaf,2025-10-14T07:38:24Z,2025-10-17T22:34:22Z,2,https://github.com/pytorch/pytorch/issues/165415
3512740540,165414,DISABLED test_var_correction_xpu (__main__.GPUTests),closed,etaf,2025-10-14T07:37:51Z,2025-10-17T22:34:32Z,2,https://github.com/pytorch/pytorch/issues/165414
3512738556,165413,DISABLED test_correctness_RAdam_use_closure_True_xpu_float32 (__main__.CompiledOptimizerParityTestsXPU),closed,etaf,2025-10-14T07:37:10Z,2025-10-17T22:34:26Z,2,https://github.com/pytorch/pytorch/issues/165413
3512736518,165412,DISABLED test_unspec_inputs_int32_dynamic_shapes_xpu (__main__.DynamicShapesGPUTests),closed,etaf,2025-10-14T07:36:25Z,2025-10-17T22:34:29Z,2,https://github.com/pytorch/pytorch/issues/165412
3512735270,165411,DISABLED test_unspec_inputs_uint8_dynamic_shapes_xpu (__main__.DynamicShapesGPUTests),closed,etaf,2025-10-14T07:35:57Z,2025-10-17T22:34:31Z,2,https://github.com/pytorch/pytorch/issues/165411
3512710475,165409,[torch.compile][fullgraph][functionalization] In-place op on overlapped view from unfold fails: “tensor being mutated has internal overlap” (eager OK),open,tinywisdom,2025-10-14T07:27:03Z,2025-10-14T07:27:06Z,0,https://github.com/pytorch/pytorch/issues/165409
3512658854,165408,[torch.compile][fullgraph] Dynamo rejects comparing `data_ptr()` results (`Unsupported: Builtin operator.* comparison with constant self`),open,tinywisdom,2025-10-14T07:12:03Z,2025-10-14T07:12:23Z,0,https://github.com/pytorch/pytorch/issues/165408
3512647434,165407,Specific torch compile memory leak involving flash_attn_varlen_func,open,CoffeeVampir3,2025-10-14T07:08:37Z,2025-10-14T09:52:30Z,0,https://github.com/pytorch/pytorch/issues/165407
3512578683,165403,DISABLED test_div_by_zero_dynamic_shapes_xpu (__main__.DynamicShapesGPUTests),closed,daisyden,2025-10-14T06:42:25Z,2025-10-17T22:34:27Z,2,https://github.com/pytorch/pytorch/issues/165403
3512446217,165400,aten::bitwise_xor,open,RaminAI9,2025-10-14T05:44:44Z,2025-10-14T13:33:35Z,0,https://github.com/pytorch/pytorch/issues/165400
3512281837,165399,dist.reduce_scatter_tensor produce wrong output on some input shape,open,idning,2025-10-14T04:10:01Z,2025-10-17T05:59:18Z,3,https://github.com/pytorch/pytorch/issues/165399
3512244229,165398,Skipping combo kernel for large pointwise nodes,open,BoyuanFeng,2025-10-14T03:50:05Z,2025-10-14T22:53:20Z,0,https://github.com/pytorch/pytorch/issues/165398
3512207328,165396,error installing in python 3.14.0,closed,mcandre,2025-10-14T03:23:44Z,2025-10-16T08:02:40Z,3,https://github.com/pytorch/pytorch/issues/165396
3512166317,165395,[export] run_decompositions fails with index error,open,justinchuby,2025-10-14T02:57:28Z,2025-10-14T02:58:29Z,0,https://github.com/pytorch/pytorch/issues/165395
3512109878,165392,[Intel GPU] Conv1d produces incorrect results with permuted input under eager mode,open,etaf,2025-10-14T02:23:00Z,2025-10-14T07:16:49Z,1,https://github.com/pytorch/pytorch/issues/165392
3511974669,165389,DISABLED test_nested_masked_select_cpu (__main__.TestNestedTensorDeviceTypeCPU),open,pytorch-bot[bot],2025-10-14T01:06:34Z,2025-10-14T06:50:13Z,2,https://github.com/pytorch/pytorch/issues/165389
3511974614,165388,DISABLED test_mark_unbacked_with_hint_override_cuda (__main__.GPUTests),open,pytorch-bot[bot],2025-10-14T01:06:31Z,2025-10-17T13:02:15Z,8,https://github.com/pytorch/pytorch/issues/165388
3511974545,165387,DISABLED test_module_to (__main__.FakeTensorOperatorInvariants),open,pytorch-bot[bot],2025-10-14T01:06:28Z,2025-10-14T06:50:08Z,2,https://github.com/pytorch/pytorch/issues/165387
3511974492,165386,DISABLED test_fn_fwgrad_bwgrad_cholesky_solve_cuda_complex128 (__main__.TestFwdGradientsCUDA),open,pytorch-bot[bot],2025-10-14T01:06:25Z,2025-10-14T01:06:28Z,1,https://github.com/pytorch/pytorch/issues/165386
3511970197,165385,[dynamo] Invalid setattr's are not handled properly in general,open,williamwen42,2025-10-14T01:02:57Z,2025-10-14T16:11:02Z,1,https://github.com/pytorch/pytorch/issues/165385
3511422687,165360,More checks for custom op registration,closed,BoyuanFeng,2025-10-13T20:38:43Z,2025-10-13T20:48:23Z,3,https://github.com/pytorch/pytorch/issues/165360
3511211303,165354,[ONNX] Idea of a `torch.onnx.ExportableModule`,open,justinchuby,2025-10-13T19:22:55Z,2025-10-13T19:23:00Z,0,https://github.com/pytorch/pytorch/issues/165354
3511168955,165350,Remove MPSGraph impl of `torch.cat` in favor of Metal kernel,closed,kurtamohler,2025-10-13T19:08:13Z,2025-10-17T00:03:07Z,0,https://github.com/pytorch/pytorch/issues/165350
3511131011,165349,torch.compile custom operators (and maybe more) debug mode,open,zou3519,2025-10-13T18:53:32Z,2025-10-13T20:54:26Z,0,https://github.com/pytorch/pytorch/issues/165349
3511116021,165346,DISABLED test_conj_view_cholesky_solve_cuda_complex64 (__main__.TestMathBitsCUDA),open,pytorch-bot[bot],2025-10-13T18:48:38Z,2025-10-13T18:48:42Z,1,https://github.com/pytorch/pytorch/issues/165346
3511055058,165343,doctests are failing on MacOS,closed,malfet,2025-10-13T18:26:19Z,2025-10-14T19:19:06Z,1,https://github.com/pytorch/pytorch/issues/165343
3511002431,165341,fix registration design for inductor graph partition for vLLM,open,zou3519,2025-10-13T18:09:22Z,2025-10-15T16:41:12Z,4,https://github.com/pytorch/pytorch/issues/165341
3510998164,165340,Nll_loss2d can cause heap corruption.,open,elliott-wen,2025-10-13T18:07:45Z,2025-10-13T21:08:43Z,1,https://github.com/pytorch/pytorch/issues/165340
3510375251,165324,How to enable Bfloat16 when using torch.func.jvp,open,pnotp,2025-10-13T14:52:15Z,2025-10-13T16:22:58Z,0,https://github.com/pytorch/pytorch/issues/165324
3510267566,165320,numerical mismatches in test_cp_flex_attention_causal_mask,open,Aidyn-A,2025-10-13T14:20:29Z,2025-10-14T09:11:56Z,0,https://github.com/pytorch/pytorch/issues/165320
3510192053,165319,Memory leak when converting from numpy array,open,raphaelreme,2025-10-13T13:58:22Z,2025-10-14T08:06:37Z,4,https://github.com/pytorch/pytorch/issues/165319
3509654869,165312,TransformerEncoder crashes with IndexError when num_layers=0,open,abhitorch81,2025-10-13T11:24:46Z,2025-10-14T13:34:02Z,0,https://github.com/pytorch/pytorch/issues/165312
3508751080,165297,[BUG] MaxPool2d with channels_last + bfloat16 on CUDA produces NaNs for large tensors,closed,GCQi,2025-10-13T07:09:15Z,2025-10-16T07:59:51Z,4,https://github.com/pytorch/pytorch/issues/165297
3508700755,165296,DISABLED test_comprehensive___rpow___cuda_float32 (__main__.TestInductorOpInfoCUDA),open,pytorch-bot[bot],2025-10-13T06:49:28Z,2025-10-13T06:49:33Z,1,https://github.com/pytorch/pytorch/issues/165296
3508700668,165295,DISABLED test_noncontiguous_samples_cholesky_solve_cuda_float32 (__main__.TestCommonCUDA),open,pytorch-bot[bot],2025-10-13T06:49:25Z,2025-10-13T12:57:53Z,2,https://github.com/pytorch/pytorch/issues/165295
3508700570,165294,DISABLED test_noncontiguous_samples_cholesky_solve_cuda_complex64 (__main__.TestCommonCUDA),open,pytorch-bot[bot],2025-10-13T06:49:22Z,2025-10-13T06:49:26Z,1,https://github.com/pytorch/pytorch/issues/165294
3508700467,165293,DISABLED test_neg_view_cholesky_solve_cuda_float64 (__main__.TestMathBitsCUDA),open,pytorch-bot[bot],2025-10-13T06:49:19Z,2025-10-13T12:57:47Z,2,https://github.com/pytorch/pytorch/issues/165293
3508700351,165292,DISABLED test_neg_view_cholesky_inverse_cuda_float64 (__main__.TestMathBitsCUDA),open,pytorch-bot[bot],2025-10-13T06:49:16Z,2025-10-13T12:57:50Z,2,https://github.com/pytorch/pytorch/issues/165292
3508477038,165286,"torch.amp.autocast returning set_autocast_enabled(): argument 'enabled' (position 2) must be bool, not str",closed,mineralsss,2025-10-13T05:09:02Z,2025-10-13T12:44:41Z,4,https://github.com/pytorch/pytorch/issues/165286
3508346374,165280,[inductor] avoid triton kernel when creating zero tensor,open,BoyuanFeng,2025-10-13T03:41:13Z,2025-10-14T23:35:05Z,1,https://github.com/pytorch/pytorch/issues/165280
3508314311,165277,"autowrap_modules should be tuple[ModuleType, ...]",open,Freed-Wu,2025-10-13T03:17:45Z,2025-10-14T13:56:12Z,0,https://github.com/pytorch/pytorch/issues/165277
3508275104,165276,pip install torch==2.7.0 ERROR: No matching distribution found for torch==2.7.0,closed,wangdabee,2025-10-13T02:47:53Z,2025-10-13T16:44:35Z,1,https://github.com/pytorch/pytorch/issues/165276
3507053348,165262,c10::intrusive_ptr::reset_() may never delet object due to incorrect weakcount handling,closed,mayeths,2025-10-12T12:01:37Z,2025-10-15T03:57:59Z,3,https://github.com/pytorch/pytorch/issues/165262
3506818534,165259,ONNX export with dynamo=True fails to create proper dynamic batch dimension when example input has batch size 1,open,peoxin,2025-10-12T08:20:57Z,2025-10-13T16:31:24Z,1,https://github.com/pytorch/pytorch/issues/165259
3506717276,165257,MPS Random in-place operations fail silently on non-contiguous tensors (macOS < 15.0),open,ElanaPearl,2025-10-12T06:05:44Z,2025-10-12T06:42:47Z,0,https://github.com/pytorch/pytorch/issues/165257
3506495449,165251,out_dtype for einsum,open,ad8e,2025-10-12T00:32:42Z,2025-10-17T15:55:36Z,1,https://github.com/pytorch/pytorch/issues/165251
3506340971,165244,torch.tensor slicing with negative step raises ValueError,open,Mark799,2025-10-11T20:56:36Z,2025-10-14T15:05:25Z,2,https://github.com/pytorch/pytorch/issues/165244
3506217109,165240,[ROCm][CI] Machines under the label linux.rocm.gpu.2 are undergoing maintenance.,closed,amdfaa,2025-10-11T18:27:14Z,2025-10-14T14:07:00Z,3,https://github.com/pytorch/pytorch/issues/165240
3506022972,165238,IndentationError: expected an indented block after function definition on line 4,closed,lutzroeder,2025-10-11T15:48:23Z,2025-10-13T03:18:46Z,2,https://github.com/pytorch/pytorch/issues/165238
3505754572,165231,_scaled_mm errors with row-major rhs matrix,open,dxqb,2025-10-11T12:44:46Z,2025-10-14T14:02:00Z,0,https://github.com/pytorch/pytorch/issues/165231
3505753467,165230,_int_mm is slow with row-major rhs matrix,open,dxqb,2025-10-11T12:44:18Z,2025-10-17T04:28:23Z,0,https://github.com/pytorch/pytorch/issues/165230
3505621768,165227,`torch.kthvalue` lacks deterministic CUDA implementation (RuntimeError when determinism is enabled),open,n181062-maker,2025-10-11T10:44:12Z,2025-10-17T16:07:30Z,5,https://github.com/pytorch/pytorch/issues/165227
3505147263,165215,[DeviceMesh] DeviceMesh.get_local_rank() failing when inside of `torch.compile` with wrong error message,closed,varunneal,2025-10-11T04:19:09Z,2025-10-16T18:20:37Z,7,https://github.com/pytorch/pytorch/issues/165215
3505056856,165210,[torch.compile][dynamic shapes][meta] aten._convolution.default meta path fails with symbolic sizes: Cannot call numel() on tensor with symbolic sizes/strides,open,tinywisdom,2025-10-11T02:45:33Z,2025-10-15T18:08:38Z,1,https://github.com/pytorch/pytorch/issues/165210
3504966632,165208,Expandable segments not working with source build,closed,kjain1810,2025-10-11T01:41:07Z,2025-10-15T20:01:00Z,3,https://github.com/pytorch/pytorch/issues/165208
3504963370,165207,Macos CI runners unavailable,closed,izaitsevfb,2025-10-11T01:37:20Z,2025-10-14T03:15:37Z,4,https://github.com/pytorch/pytorch/issues/165207
3504332857,165177,cryptic symbolic shape error with FSDP2 and torch.compile,open,AndreasMadsen,2025-10-10T19:53:04Z,2025-10-15T18:59:02Z,8,https://github.com/pytorch/pytorch/issues/165177
3504221927,165173,Add CUDA 13.0 in CI,open,tinglvv,2025-10-10T19:15:29Z,2025-10-10T23:52:46Z,0,https://github.com/pytorch/pytorch/issues/165173
3504081913,165170,"A distributed test ""test_cupy_as_tensor"" fails on B200.",open,Aidyn-A,2025-10-10T18:31:38Z,2025-10-17T23:58:12Z,1,https://github.com/pytorch/pytorch/issues/165170
3504029274,165168,Run full lint on PRs after ciflow/trunk added,closed,clee2000,2025-10-10T18:15:08Z,2025-10-10T21:22:40Z,1,https://github.com/pytorch/pytorch/issues/165168
3503956318,165166,khan,closed,awaisyoushaf5-star,2025-10-10T17:55:53Z,2025-10-10T18:08:30Z,0,https://github.com/pytorch/pytorch/issues/165166
3503948469,165165,Proposal to bring back 12.9 wheels,open,huydhn,2025-10-10T17:54:18Z,2025-10-13T22:40:04Z,5,https://github.com/pytorch/pytorch/issues/165165
3503460462,165151,Custom operator registration doesn't work when libtorch.so changes,open,Flamefire,2025-10-10T15:39:55Z,2025-10-14T13:56:50Z,2,https://github.com/pytorch/pytorch/issues/165151
3503026578,165143,Pipeline Parallelism Across Nodes Fails with EOFError,closed,rrutmann,2025-10-10T13:48:33Z,2025-10-15T15:05:58Z,1,https://github.com/pytorch/pytorch/issues/165143
3502565811,165141,"[ROCm][RDNA3/GFX1100] MIOpen Conv3d catastrophically fails on large batches with bfloat16, causing vLLM to extremely slowdown",open,healy-hub,2025-10-10T11:54:17Z,2025-10-16T19:06:37Z,1,https://github.com/pytorch/pytorch/issues/165141
3502161236,165137,[FSDP][DeviceMesh] test_fsdp_ep fails with KeyError,closed,Aidyn-A,2025-10-10T09:56:44Z,2025-10-13T15:27:34Z,4,https://github.com/pytorch/pytorch/issues/165137
3501946787,165134,Links on MaskedTensors are broken,open,fvoliom,2025-10-10T08:45:13Z,2025-10-12T14:45:40Z,2,https://github.com/pytorch/pytorch/issues/165134
3501659843,165130,DISABLED test_aoti_user_defined_triton_kernel_profiling_xpu (__main__.AOTInductorTestABICompatibleGpu),closed,etaf,2025-10-10T07:10:44Z,2025-10-17T22:34:21Z,3,https://github.com/pytorch/pytorch/issues/165130
3501477415,165125,"Type ""str"" is not assignable to return type ""None""",closed,Freed-Wu,2025-10-10T06:00:15Z,2025-10-10T16:05:11Z,0,https://github.com/pytorch/pytorch/issues/165125
3501339675,165123,https://github.com/pytorch/pytorch/pull/128406 caused ISA-specific symbols leak,open,malfet,2025-10-10T04:40:01Z,2025-10-13T17:12:29Z,1,https://github.com/pytorch/pytorch/issues/165123
3501328407,165122,RPC: abort when RRef from remote() is mistakenly called with wait() due to unhandled exception in thread pool,open,qiqicliff,2025-10-10T04:32:41Z,2025-10-13T17:33:50Z,1,https://github.com/pytorch/pytorch/issues/165122
3501272178,165120,[ONNX] Implement tofile on tensor,closed,justinchuby,2025-10-10T03:55:08Z,2025-10-13T19:12:09Z,1,https://github.com/pytorch/pytorch/issues/165120
3501191388,165117,flight recorder haven't dump file,closed,yangrudan,2025-10-10T03:03:15Z,2025-10-10T04:37:18Z,1,https://github.com/pytorch/pytorch/issues/165117
3500941160,165111,[RFC] Cuda support matrix for Release 2.10. Deprecate CUDA 12.6 from CI/CD,open,atalman,2025-10-10T00:04:12Z,2025-10-14T17:38:57Z,1,https://github.com/pytorch/pytorch/issues/165111
3500933332,165110,FBGEMM cutlass used instead of PyTorch third_party/cutlass,closed,danielvegamyhre,2025-10-09T23:58:39Z,2025-10-15T14:14:22Z,2,https://github.com/pytorch/pytorch/issues/165110
3500801596,165105,[Fuzzer][Eager/Compile Divergence] Matmul decomposition DDE,open,bobrenjc93,2025-10-09T22:30:25Z,2025-10-15T19:00:09Z,1,https://github.com/pytorch/pytorch/issues/165105
3500592255,165100,Header files not found during build,open,tushar00jain,2025-10-09T20:51:23Z,2025-10-10T13:43:50Z,1,https://github.com/pytorch/pytorch/issues/165100
3500450807,165097,Distributed checkpoint should not expect private use 1 to be cuda compatible,open,zzzwen,2025-10-09T19:56:54Z,2025-10-16T11:57:37Z,2,https://github.com/pytorch/pytorch/issues/165097
3500422422,165096,Error with export model from torchaudio with `torch.onnx.export`,closed,Tomas542,2025-10-09T19:46:21Z,2025-10-10T16:16:57Z,2,https://github.com/pytorch/pytorch/issues/165096
3500343356,165093,DISABLED test_fuzzer_issue_164428 (__main__.TestFuzzerCompileIssues),open,jeffdaily,2025-10-09T19:15:18Z,2025-10-10T13:43:17Z,1,https://github.com/pytorch/pytorch/issues/165093
3500148604,165081,"[Fuzzer][Eager/Compile Divergence] Could not guard on data-dependent expression Ne(u0, 9)",open,bobrenjc93,2025-10-09T18:06:34Z,2025-10-15T02:03:35Z,2,https://github.com/pytorch/pytorch/issues/165081
3500045370,165073,torch.export lift symint input to a graph during dynamo,open,zhxchen17,2025-10-09T17:31:00Z,2025-10-10T17:00:38Z,0,https://github.com/pytorch/pytorch/issues/165073
3499981345,165070,Dynamically load CUDSS library using pypi wheel to save wheel space,open,Skylion007,2025-10-09T17:11:39Z,2025-10-10T19:26:06Z,1,https://github.com/pytorch/pytorch/issues/165070
3499119331,165054,❌​🔙​ [DISABLE AUTOREVERT],closed,jeanschmidt,2025-10-09T13:11:01Z,2025-10-10T21:51:37Z,4,https://github.com/pytorch/pytorch/issues/165054
3498812431,165051,"`[__recompiles]     - 0/3: expected type of 'args[1]' to be a tensor type, ' but found <class 'torch.Tensor'>` cryptic recompilation cause",open,fxmarty-amd,2025-10-09T11:43:27Z,2025-10-10T17:59:08Z,3,https://github.com/pytorch/pytorch/issues/165051
3498207535,165042,constant ones/zeros tensor,open,yonikremer,2025-10-09T08:44:45Z,2025-10-10T13:42:00Z,3,https://github.com/pytorch/pytorch/issues/165042
3498144525,165041,Exporting a model with MultiheadAttention and dynamic shapes fails,closed,f-fuchs,2025-10-09T08:25:46Z,2025-10-14T07:00:19Z,4,https://github.com/pytorch/pytorch/issues/165041
3497900170,165040,DISABLED rocm / linux-jammy-rocm-py3_10-gfx1100 / test (default),open,jithunnair-amd,2025-10-09T07:05:09Z,2025-10-09T23:59:25Z,1,https://github.com/pytorch/pytorch/issues/165040
3497814459,165038,Print float tensors on devices that do not support fp64,open,quic-indrbane,2025-10-09T06:30:38Z,2025-10-15T07:16:53Z,10,https://github.com/pytorch/pytorch/issues/165038
3497652318,165034,DTensor Matmul Compile with Unbacked Symint Failure,open,azahed98,2025-10-09T05:06:40Z,2025-10-18T01:53:17Z,9,https://github.com/pytorch/pytorch/issues/165034
3497629474,165032,"torch.export fails when you slice an input at a dynamic dimension and Dim(“t”, min=, max=)",open,alaa-ali,2025-10-09T04:51:45Z,2025-10-13T23:34:32Z,4,https://github.com/pytorch/pytorch/issues/165032
3497434533,165025,DISABLED test_comprehensive__unsafe_masked_index_put_accumulate_xpu_float16 (__main__.TestInductorOpInfoXPU),closed,etaf,2025-10-09T02:41:37Z,2025-10-16T00:53:38Z,3,https://github.com/pytorch/pytorch/issues/165025
3497021564,164998,[Inductor] Gelu instability with libdevice differences,open,PaulZhang12,2025-10-08T22:01:40Z,2025-10-10T17:25:28Z,0,https://github.com/pytorch/pytorch/issues/164998
3496860589,164990,"[dynamo, guards] Better error messages when generated guard fails on the same frame",closed,williamwen42,2025-10-08T20:51:36Z,2025-10-16T01:05:34Z,5,https://github.com/pytorch/pytorch/issues/164990
3496538048,164972,[dynamo] Use pytree automatically when optree is used,open,anijain2305,2025-10-08T18:55:03Z,2025-10-14T02:15:58Z,4,https://github.com/pytorch/pytorch/issues/164972
3496530725,164971,[dynamo] Keep stack trace where mutations happened,open,anijain2305,2025-10-08T18:52:09Z,2025-10-09T17:23:32Z,1,https://github.com/pytorch/pytorch/issues/164971
3496490910,164966,XPU OOM when allocate tensor according to its reported available memory,open,yao-matrix,2025-10-08T18:39:18Z,2025-10-11T01:40:46Z,3,https://github.com/pytorch/pytorch/issues/164966
3496365291,164957,Something broke `from functorch import make_fx` on main,open,zou3519,2025-10-08T17:56:22Z,2025-10-13T17:06:57Z,8,https://github.com/pytorch/pytorch/issues/164957
3496247987,164951,Docker checkouts take 30+ min on H100 runners,open,malfet,2025-10-08T17:12:15Z,2025-10-08T17:12:25Z,0,https://github.com/pytorch/pytorch/issues/164951
3495956430,164943,"MPS backend unavailable on macOS 13.7.4, error says 13.0+ required",closed,elfprince13,2025-10-08T15:36:16Z,2025-10-08T16:43:56Z,1,https://github.com/pytorch/pytorch/issues/164943
3495732462,164936,Pytorch with XPU backend run slowly when not charging,open,linuxiaobai,2025-10-08T14:38:43Z,2025-10-15T07:15:10Z,1,https://github.com/pytorch/pytorch/issues/164936
3495407861,164932,Adagrad docs reference SGD instead of Adagrad,open,benjaminbolling,2025-10-08T13:15:47Z,2025-10-13T19:15:23Z,7,https://github.com/pytorch/pytorch/issues/164932
3495107615,164929,get_optimizer_state_dict modifies optimizer state,open,ppwwyyxx,2025-10-08T11:49:59Z,2025-10-13T17:35:43Z,3,https://github.com/pytorch/pytorch/issues/164929
3494915243,164925,add support for distributed backends to specify default backend in multiple backends format,open,quic-indrbane,2025-10-08T10:49:19Z,2025-10-14T03:17:00Z,2,https://github.com/pytorch/pytorch/issues/164925
3494854349,164924,[Inductor] torch.isin fails for scalar test_elements in compile,closed,gurwinderintel,2025-10-08T10:30:22Z,2025-10-10T21:27:00Z,6,https://github.com/pytorch/pytorch/issues/164924
3494819177,164922,`torch.compile` fails to trace `datetime.now()` with Dynamo guard check failure,open,LiSsHhUuAaIi,2025-10-08T10:19:41Z,2025-10-14T20:25:33Z,9,https://github.com/pytorch/pytorch/issues/164922
3494530062,164920,Investigate _inductor_lowering_function tag in FakeTensorUpdater,open,benjaminglass1,2025-10-08T08:58:16Z,2025-10-16T18:12:00Z,0,https://github.com/pytorch/pytorch/issues/164920
3493534350,164909,[ONNX] Create meta implementations for onnx ops,open,justinchuby,2025-10-08T01:46:54Z,2025-10-17T21:52:47Z,0,https://github.com/pytorch/pytorch/issues/164909
3493256320,164891,Better API or GuardRails for Distributed Optimizations with non-SPMD graphs,open,zaptrem,2025-10-07T22:44:04Z,2025-10-15T02:20:52Z,11,https://github.com/pytorch/pytorch/issues/164891
3493178814,164883,Wheels include protobuf  headers (and headers for other projects),open,rickeylev,2025-10-07T22:08:06Z,2025-10-13T17:19:00Z,2,https://github.com/pytorch/pytorch/issues/164883
3493116703,164878,Ban and remove plain asserts with no message in our python code,open,albanD,2025-10-07T21:36:50Z,2025-10-17T15:44:19Z,21,https://github.com/pytorch/pytorch/issues/164878
3493064123,164876,[Fuzzer][Eager/Compile Divergence] The size of tensor a (u0) must match the size of tensor b (18) at non-singleton dimension,open,bobrenjc93,2025-10-07T21:14:02Z,2025-10-15T18:06:54Z,3,https://github.com/pytorch/pytorch/issues/164876
3493060407,164875,[Fuzzer][Eager/Compile Divergence] The size of tensor a (s67) must match the size of tensor b (u0) at non-singleton dimension 0),open,bobrenjc93,2025-10-07T21:12:28Z,2025-10-09T22:56:56Z,1,https://github.com/pytorch/pytorch/issues/164875
3493022964,164872,Tensor subclass slice during `inference_mode` fails,open,andrewor14,2025-10-07T21:01:37Z,2025-10-08T19:33:54Z,2,https://github.com/pytorch/pytorch/issues/164872
3492887368,164862,Fix incomplete exception handling in validate_input_col function,open,abhitorch81,2025-10-07T20:12:44Z,2025-10-07T21:30:05Z,0,https://github.com/pytorch/pytorch/issues/164862
3492863904,164860,Driver update on H100 and A100 instances,open,huydhn,2025-10-07T20:04:01Z,2025-10-13T17:21:15Z,3,https://github.com/pytorch/pytorch/issues/164860
3492636247,164858,DISABLED test_copy_non_blocking_is_pinned_cuda (__main__.AOTInductorTestABICompatibleGpu),open,pytorch-bot[bot],2025-10-07T18:48:51Z,2025-10-07T18:48:54Z,1,https://github.com/pytorch/pytorch/issues/164858
3492198456,164850,An error occurred (AccessDenied) when calling the ... operation,closed,izaitsevfb,2025-10-07T16:34:00Z,2025-10-07T20:59:26Z,4,https://github.com/pytorch/pytorch/issues/164850
3492197869,164849,`torch.stack` fails with `CUDA error: an illegal memory access was encountered` after a `permute`,closed,niberger,2025-10-07T16:33:46Z,2025-10-09T20:04:35Z,3,https://github.com/pytorch/pytorch/issues/164849
3492118457,164845,DISABLED test_greencontext_carveout_cuda (__main__.TestMatmulCudaCUDA),closed,malfet,2025-10-07T16:10:25Z,2025-10-17T22:34:28Z,2,https://github.com/pytorch/pytorch/issues/164845
3492112073,164843,`set_model_state_dict()` causes `AssertionError: found no DeviceMesh from dtensor args for c10d.broadcast_.default!`,open,coreylowman,2025-10-07T16:08:26Z,2025-10-13T17:19:01Z,2,https://github.com/pytorch/pytorch/issues/164843
3492049986,164840,DISABLED test_fuzzer_issue_163876 (__main__.TestFuzzerCompileIssues),open,izaitsevfb,2025-10-07T15:49:08Z,2025-10-08T05:15:31Z,1,https://github.com/pytorch/pytorch/issues/164840
3491680506,164837,fuse_as_graphmodule change the partitioned exported program input order,closed,mergennachin,2025-10-07T14:13:09Z,2025-10-13T11:55:44Z,2,https://github.com/pytorch/pytorch/issues/164837
3490849996,164835,[export] Data dependent error on slices in autograd::applySlicing,closed,elin-croft,2025-10-07T10:14:33Z,2025-10-07T17:33:09Z,1,https://github.com/pytorch/pytorch/issues/164835
3490781233,164834,"torch.onnx.export(GRU, dynamo=True) exceptions",open,pfeatherstone,2025-10-07T09:55:37Z,2025-10-07T21:35:25Z,1,https://github.com/pytorch/pytorch/issues/164834
3490650452,164823,`torch.compile` with Inductor fails with `NotImplementedError` for models using `to_sparse()`,closed,LiSsHhUuAaIi,2025-10-07T09:17:01Z,2025-10-16T15:06:23Z,1,https://github.com/pytorch/pytorch/issues/164823
3490190062,164822,DISABLED test_pointwise_op_with_tensor_of_scalarlist_overload__foreach_addcmul_is_fastpath_True_cuda_complex64 (__main__.TestForeachCUDA),open,pytorch-bot[bot],2025-10-07T06:51:02Z,2025-10-07T06:51:05Z,1,https://github.com/pytorch/pytorch/issues/164822
3489818229,164814,[Fuzzer][Eager/Compile Divergence] dimensionality of sizes (0) must match dimensionality of strides (1),closed,bobrenjc93,2025-10-07T03:32:54Z,2025-10-10T21:27:00Z,1,https://github.com/pytorch/pytorch/issues/164814
3489759297,164813,flex_attention not functional in NVIDIA RTX 2080Ti,open,luyanaa,2025-10-07T03:00:05Z,2025-10-07T18:52:21Z,0,https://github.com/pytorch/pytorch/issues/164813
3489516341,164800,"PendingUnbackedSymbolNotFound error,  setitem consumption probably. ",open,laithsakka,2025-10-07T00:10:50Z,2025-10-08T18:10:18Z,4,https://github.com/pytorch/pytorch/issues/164800
3489487328,164799,Check behavior of multicast object release when using clang to compile PyTorch,open,syed-ahmed,2025-10-06T23:48:31Z,2025-10-13T17:19:21Z,0,https://github.com/pytorch/pytorch/issues/164799
3489196145,164787,Add static build for NCCL in CI,open,tinglvv,2025-10-06T21:33:55Z,2025-10-07T21:30:38Z,2,https://github.com/pytorch/pytorch/issues/164787
3489158680,164786,How should we handle PyTorch build flags in torch/headeronly for custom ops?,open,janeyx99,2025-10-06T21:22:09Z,2025-10-07T15:26:28Z,1,https://github.com/pytorch/pytorch/issues/164786
3488780876,164768,Cant download proper version,open,BobSanders64,2025-10-06T19:35:58Z,2025-10-06T20:12:09Z,2,https://github.com/pytorch/pytorch/issues/164768
3488553106,164760,Different Error behavior depending on if numpy is installed,open,drisspg,2025-10-06T18:34:21Z,2025-10-14T18:39:06Z,3,https://github.com/pytorch/pytorch/issues/164760
3488552550,164759,Bug : Side effect in th.func.vjp of th.func.jvp,open,unrealwill,2025-10-06T18:34:10Z,2025-10-07T21:34:08Z,0,https://github.com/pytorch/pytorch/issues/164759
3488537912,164758,Release 2.9.0 validations and cherry picks,open,Camyll,2025-10-06T18:30:27Z,2025-10-14T17:33:31Z,0,https://github.com/pytorch/pytorch/issues/164758
3488512727,164756,[PP] Unshard and reshard not working with FSDP,open,H-Huang,2025-10-06T18:23:22Z,2025-10-07T16:57:43Z,4,https://github.com/pytorch/pytorch/issues/164756
3487800566,164742,Multiple definitions error when including <torch/csrc/stable/tensor.h> in extension with both CPU and CUDA,closed,mxmpl,2025-10-06T15:17:42Z,2025-10-08T05:57:22Z,3,https://github.com/pytorch/pytorch/issues/164742
3486944648,164732,Fake tensor leakage in aot_autograd by itself,open,tugsbayasgalan,2025-10-06T12:01:39Z,2025-10-14T18:21:11Z,2,https://github.com/pytorch/pytorch/issues/164732
3485934115,164725,[Fuzzer][Eager/Compile Divergence] DDE when calling .item() fake impl not called.,open,bobrenjc93,2025-10-06T07:02:11Z,2025-10-08T14:24:46Z,8,https://github.com/pytorch/pytorch/issues/164725
3485468290,164712,MPS test failures on MacOS Tahoe,open,malfet,2025-10-06T02:20:31Z,2025-10-06T02:20:33Z,0,https://github.com/pytorch/pytorch/issues/164712
3485433118,164710,Rocm7 version number dependency disorder,open,ouco1986,2025-10-06T01:53:15Z,2025-10-17T23:57:15Z,3,https://github.com/pytorch/pytorch/issues/164710
3485402824,164708,`torch.cuda._check_capability` could raise a false-negative warning,open,crcrpar,2025-10-06T01:28:41Z,2025-10-07T17:41:42Z,5,https://github.com/pytorch/pytorch/issues/164708
3485295799,164707,Significant difference in performance between CUSPARSELT and CUTLASS when doing SparseSemiStructuredTensor matmul,open,catswe,2025-10-06T00:01:01Z,2025-10-12T00:05:18Z,2,https://github.com/pytorch/pytorch/issues/164707
3485158092,164704,"[Fuzzer][Eager/Compile Divergence] Could not guard on data-dependent expression Eq(u0, 1) (unhinted: Eq(u0, 1)).  (Size-like symbols: u0)",open,bobrenjc93,2025-10-05T20:52:51Z,2025-10-06T19:14:08Z,1,https://github.com/pytorch/pytorch/issues/164704
3485156519,164703,"[Fuzzer][Eager/Compile Divergence] AssertionError: expected size 1==5, stride 1==1 at dim=0",open,bobrenjc93,2025-10-05T20:50:39Z,2025-10-08T23:19:59Z,3,https://github.com/pytorch/pytorch/issues/164703
3485060264,164701,torch.compile miscompilation when copying from and saving to a state tensor in the same fused kernel,closed,danielrichman,2025-10-05T18:45:38Z,2025-10-07T18:17:51Z,3,https://github.com/pytorch/pytorch/issues/164701
3484893705,164700,torch.compile generates illegal triton tl.broadcast_to and crashes from particular unsqueeze and torch.cat interleaving: 'constexpr_type' object has no attribute 'is_block',open,danielrichman,2025-10-05T15:16:32Z,2025-10-07T20:39:08Z,0,https://github.com/pytorch/pytorch/issues/164700
3484855894,164699,`TS2EPConverter` and `dynamic_shapes`,open,olokobayusuf,2025-10-05T14:28:33Z,2025-10-14T00:22:21Z,1,https://github.com/pytorch/pytorch/issues/164699
3484851989,164698,ONNX Export (dynamo) - 2D irfft not supported,open,syntho44,2025-10-05T14:23:45Z,2025-10-06T02:19:15Z,0,https://github.com/pytorch/pytorch/issues/164698
3484687214,164697,`torch.compile` Fails with `AssertionError` on Models Using `to_sparse()` → `torch.sparse.mm()` → `to_dense()` Sequence,open,LiSsHhUuAaIi,2025-10-05T10:56:31Z,2025-10-08T14:19:05Z,1,https://github.com/pytorch/pytorch/issues/164697
3484546629,164696,Support torch._inductor.config.inplace_buffers for custom_op whenever possible,open,mayank31398,2025-10-05T08:30:21Z,2025-10-17T19:37:19Z,5,https://github.com/pytorch/pytorch/issues/164696
3484427401,164686,[Fuzzer][Eager/Compile Divergence] torch._inductor.exc.InductorError: CppCompileError: C++ compile error,open,bobrenjc93,2025-10-05T05:24:43Z,2025-10-06T19:12:36Z,0,https://github.com/pytorch/pytorch/issues/164686
3484423028,164685,[Fuzzer][Eager/Compile Divergence] KeyError: u0,open,bobrenjc93,2025-10-05T05:19:06Z,2025-10-14T03:22:36Z,0,https://github.com/pytorch/pytorch/issues/164685
3484422654,164684,"[Fuzzer][Eager/Compile Divergence] call_function <built-in function mul>(*(Eq(u0, 1), FakeTensor(..., size=(), requires_grad=True)), **{}): got TypeError(""unsupported operand type(s) for *: 'SymBool' and 'FakeTensor'"")",open,bobrenjc93,2025-10-05T05:18:21Z,2025-10-13T02:18:31Z,1,https://github.com/pytorch/pytorch/issues/164684
3484421685,164683,[Fuzzer][Eager/Compile Divergence] IncompatibleTypeErrorImpl('invalid operands of type pointer<bf16> and triton.language.float64'),open,bobrenjc93,2025-10-05T05:16:21Z,2025-10-06T19:12:17Z,0,https://github.com/pytorch/pytorch/issues/164683
3484421245,164682,[Fuzzer][Eager/Compile Divergence] RuntimeError: <pybind11_builtins.pybind11_detail_function_record_v1_system_libstdcpp_gxx_abi_1xxx_use_cxx11_abi_1 object at 0x7f3d7dc54fb0> is not pickleable.,open,bobrenjc93,2025-10-05T05:15:28Z,2025-10-06T19:12:09Z,0,https://github.com/pytorch/pytorch/issues/164682
3484114861,164666,sparse.mm(CSR x dense) backward fails on CUDA for bfloat16 but CSR @ dense backward works,open,catswe,2025-10-04T20:35:29Z,2025-10-06T19:54:41Z,1,https://github.com/pytorch/pytorch/issues/164666
3483982338,164663,FSDPMemTracker fails with KeyError for RMSNorm during backward,open,mksit,2025-10-04T17:26:18Z,2025-10-16T16:55:08Z,2,https://github.com/pytorch/pytorch/issues/164663
3483941858,164662,Improper batch processing in torch.linalg.eig with cuda,open,javamaster10000,2025-10-04T16:38:37Z,2025-10-07T21:39:03Z,0,https://github.com/pytorch/pytorch/issues/164662
3483568303,164658,Latest main branch seems to introduce circular import error,closed,xuantengh,2025-10-04T11:10:06Z,2025-10-05T01:59:09Z,1,https://github.com/pytorch/pytorch/issues/164658
3483232544,164651,RuntimeError: aten::_assert_scalar() Expected a value of type 'number' for argument 'self' but instead found type 'Tensor'.,open,laithsakka,2025-10-04T05:08:57Z,2025-10-16T18:17:27Z,3,https://github.com/pytorch/pytorch/issues/164651
3482638762,164608,Dynamo cache bug create_block_mask,closed,drisspg,2025-10-03T21:39:32Z,2025-10-06T20:02:49Z,5,https://github.com/pytorch/pytorch/issues/164608
3482447731,164601,[CI][lint] PR lint did not catch error on main related to pyi files,closed,clee2000,2025-10-03T20:22:35Z,2025-10-07T20:13:23Z,3,https://github.com/pytorch/pytorch/issues/164601
3482298547,164596,[CUDA 13] Incorrect warning messages are printed out upon importing torch on newer devices like Spark,open,nWEIdia,2025-10-03T19:25:39Z,2025-10-03T20:27:06Z,0,https://github.com/pytorch/pytorch/issues/164596
3482239325,164593,[CI] Make sure B200 benchmark testing covers regression such as https://github.com/triton-lang/triton/issues/8328,open,atalman,2025-10-03T19:06:10Z,2025-10-06T16:31:54Z,1,https://github.com/pytorch/pytorch/issues/164593
3482232860,164592,[CI] Cuda 12.4 periodic test,open,atalman,2025-10-03T19:03:46Z,2025-10-06T16:30:34Z,1,https://github.com/pytorch/pytorch/issues/164592
3481324959,164574,Nightly docker is failing after conda update  25.7.0 -> 25.9.0. Remove conda dependency in Official Docker images.,open,atalman,2025-10-03T14:25:30Z,2025-10-03T14:25:45Z,0,https://github.com/pytorch/pytorch/issues/164574
3480481685,164563,[Blackwell][Inductor] Numerical mismatches in test_max_autotune.py::TestMaxAutotune::test_non_contiguous_input_mm_plus_mm,open,Aidyn-A,2025-10-03T09:40:54Z,2025-10-13T13:40:42Z,5,https://github.com/pytorch/pytorch/issues/164563
3480237894,164562,Update FlashInfer version used by vLLM tests on PyTorch CI to v0.3.1,open,huydhn,2025-10-03T08:20:50Z,2025-10-13T17:20:33Z,0,https://github.com/pytorch/pytorch/issues/164562
3480102048,164559,fwd_rng_state show up in the aot_export_joint grpah input,open,SherlockNoMad,2025-10-03T07:28:10Z,2025-10-06T19:10:58Z,1,https://github.com/pytorch/pytorch/issues/164559
3480003284,164556,DISABLED test_vmap_exhaustive_cholesky_solve_cuda_float32 (__main__.TestVmapOperatorsOpInfoCUDA),open,pytorch-bot[bot],2025-10-03T06:50:01Z,2025-10-03T06:50:04Z,1,https://github.com/pytorch/pytorch/issues/164556
3479995108,164555,[PT2.9] Unsupported: Attempted to call op with non-contiguous `out=` tensor,open,mieshkiwrk,2025-10-03T06:45:59Z,2025-10-08T14:27:39Z,3,https://github.com/pytorch/pytorch/issues/164555
3479978412,164554,"FSDP2 fails with ""Cannot copy out of meta tensor; no data!"" when rank is left empty",closed,ad8e,2025-10-03T06:38:07Z,2025-10-06T08:44:41Z,1,https://github.com/pytorch/pytorch/issues/164554
3479789594,164546,[cpu inductor] [silent incorrectness] `permute-randn_like` outputs incorrect results with `backend='aot_eager_decomp_partition'`,open,shaoyuyoung,2025-10-03T04:55:40Z,2025-10-10T05:16:04Z,3,https://github.com/pytorch/pytorch/issues/164546
3479702392,164543,[DTensor] Improve Sharding propagation error message,closed,SherlockNoMad,2025-10-03T03:58:46Z,2025-10-10T03:16:07Z,4,https://github.com/pytorch/pytorch/issues/164543
3479444945,164536,Very confused about conda-forge,closed,hnuwzj,2025-10-03T01:25:26Z,2025-10-03T05:26:01Z,1,https://github.com/pytorch/pytorch/issues/164536
3479417562,164535,DISABLED test_deferred_triton_kernels (__main__.TestProvenanceTracingStackTraces),closed,pytorch-bot[bot],2025-10-03T01:07:09Z,2025-10-10T22:27:35Z,3,https://github.com/pytorch/pytorch/issues/164535
3479417494,164534,DISABLED RecordDebugHandles.ScopedCallbacks (__main__.test_jit),open,pytorch-bot[bot],2025-10-03T01:07:06Z,2025-10-03T14:31:07Z,1,https://github.com/pytorch/pytorch/issues/164534
3479357683,164529,[RFC] Implement shrink_group API to expose ncclCommShrink,closed,brchang24,2025-10-03T00:26:11Z,2025-10-17T17:55:06Z,0,https://github.com/pytorch/pytorch/issues/164529
3478497294,164493,[CI][CUDA][SymmMem] B200 Periodical Job Failure with test_triton_sum_reduce_int64,open,nWEIdia,2025-10-02T18:27:42Z,2025-10-06T16:32:08Z,2,https://github.com/pytorch/pytorch/issues/164493
3478482256,164491,`_scaled_mm` errors and `_int_mm` is slow with row-major rhs matrix,closed,dxqb,2025-10-02T18:22:11Z,2025-10-11T12:45:46Z,6,https://github.com/pytorch/pytorch/issues/164491
3478403657,164486,[Fuzzer][Eager/Compile Divergence] torch._inductor.exc.InductorError: ImportError:,closed,bobrenjc93,2025-10-02T17:55:07Z,2025-10-02T22:34:50Z,2,https://github.com/pytorch/pytorch/issues/164486
3478361997,164484,[Fuzzer][Eager/Compile Divergence] 5.6% eager/compile forward pass numerical difference (80.43 vs 75.87),open,bobrenjc93,2025-10-02T17:40:24Z,2025-10-02T21:22:05Z,0,https://github.com/pytorch/pytorch/issues/164484
3478343071,164483,Doc issue - typo in ivalue.cpp's comment,closed,RajeshvShiyal,2025-10-02T17:34:07Z,2025-10-02T20:01:20Z,5,https://github.com/pytorch/pytorch/issues/164483
3478233370,164478,Out of date references in CONTRIBUTING.md and Wiki,open,trichmo,2025-10-02T16:58:55Z,2025-10-02T18:22:17Z,0,https://github.com/pytorch/pytorch/issues/164478
3477777327,164469,[RFC] Adopt Spin as developer cli,open,zklaus,2025-10-02T14:35:53Z,2025-10-14T16:25:52Z,4,https://github.com/pytorch/pytorch/issues/164469
3477582914,164465,inductor crash with int64 + arange + max,closed,bdhirsh,2025-10-02T13:41:36Z,2025-10-09T03:36:14Z,2,https://github.com/pytorch/pytorch/issues/164465
3477438208,164462,DISABLED test_pre_grad (__main__.TestCompilerBisector),open,pytorch-bot[bot],2025-10-02T12:59:16Z,2025-10-17T18:49:58Z,7,https://github.com/pytorch/pytorch/issues/164462
3477387973,164461,Decomp error with custom TorchDispatchMode enabled,open,vdedmdcs,2025-10-02T12:44:08Z,2025-10-07T16:00:15Z,1,https://github.com/pytorch/pytorch/issues/164461
3476929643,164455,AMP + Torch Compile bug,open,CoffeeVampir3,2025-10-02T10:14:35Z,2025-10-03T01:36:08Z,2,https://github.com/pytorch/pytorch/issues/164455
3475840935,164429,Add support for Intel GPU Memory Information,open,AlstonTang,2025-10-02T03:24:39Z,2025-10-10T05:14:32Z,8,https://github.com/pytorch/pytorch/issues/164429
3475800738,164428,[Fuzzer][Eager/Compile Divergence] assert expected_var_ranges == extra_indexing_ranges,open,bobrenjc93,2025-10-02T02:59:03Z,2025-10-03T01:37:16Z,0,https://github.com/pytorch/pytorch/issues/164428
3475642318,164426,DISABLED test_nan_assert_float16 (__main__.ProcessGroupNCCLGroupTest),open,pytorch-bot[bot],2025-10-02T01:07:19Z,2025-10-02T01:23:39Z,2,https://github.com/pytorch/pytorch/issues/164426
3475642266,164425,DISABLED test_all_reduce_collective (__main__.FxGraphRunnableTest),open,pytorch-bot[bot],2025-10-02T01:07:16Z,2025-10-02T01:07:19Z,1,https://github.com/pytorch/pytorch/issues/164425
3475440300,164415,Support printing large tensors in MPS,closed,kurtamohler,2025-10-01T23:02:06Z,2025-10-13T16:56:59Z,0,https://github.com/pytorch/pytorch/issues/164415
3474995443,164402,NCCL-2.28.3 build locally is unusable on H100,open,malfet,2025-10-01T20:20:58Z,2025-10-07T18:01:24Z,7,https://github.com/pytorch/pytorch/issues/164402
3474811263,164385,FloorDiv generate sympy rational,closed,laithsakka,2025-10-01T19:19:04Z,2025-10-02T22:51:06Z,0,https://github.com/pytorch/pytorch/issues/164385
3474593115,164375,Dynamic shapes logic not simplifying trivial expressions,open,tugsbayasgalan,2025-10-01T18:13:31Z,2025-10-15T01:42:56Z,2,https://github.com/pytorch/pytorch/issues/164375
3474108893,164362,UNSTABLE vllm-test / ci-vllm-test / build,closed,yangw-dev,2025-10-01T15:34:08Z,2025-10-03T01:26:54Z,2,https://github.com/pytorch/pytorch/issues/164362
3474066312,164360,Would maintainers be open to a contribution that adds lightweight progress bar support (based on tqdm) in torch.utils?,closed,wtfPrethiv,2025-10-01T15:22:57Z,2025-10-06T17:16:15Z,2,https://github.com/pytorch/pytorch/issues/164360
3473467471,164351,DISABLED test_qlinear_add_int8_mixed_bf16_use_relu_True_is_qat_True_is_dynamic_False (__main__.TestPatternMatcher),open,pytorch-bot[bot],2025-10-01T13:00:18Z,2025-10-01T13:00:23Z,1,https://github.com/pytorch/pytorch/issues/164351
3472697008,164348,Remove a workaround for the CUDA bug that cannot be reproduced,open,pearu,2025-10-01T09:09:50Z,2025-10-01T22:10:53Z,0,https://github.com/pytorch/pytorch/issues/164348
3472671115,164347,Pytorch wheel index does not contain hashes for recent versions,closed,pimdh,2025-10-01T09:02:50Z,2025-10-10T10:40:07Z,10,https://github.com/pytorch/pytorch/issues/164347
3472583411,164346,HIP error: invalid device function,closed,mihongyu,2025-10-01T08:34:18Z,2025-10-10T16:14:59Z,5,https://github.com/pytorch/pytorch/issues/164346
3472375530,164342,Official support for sm_120 (RTX 50-series / Blackwell) in stable PyTorch builds,open,endvntgf-design,2025-10-01T07:21:36Z,2025-10-17T02:26:28Z,8,https://github.com/pytorch/pytorch/issues/164342
3472270272,164337,DISABLED test_tield_kernel_fusion_cuda (__main__.BenchmarkFusionCudaTest),open,pytorch-bot[bot],2025-10-01T06:49:56Z,2025-10-01T06:50:02Z,1,https://github.com/pytorch/pytorch/issues/164337
3471877896,164331,Anomaly mode (detect_anomaly) should populate backward stacks with torch.profiler.profile(with_stack=True),open,ezyang,2025-10-01T03:35:58Z,2025-10-06T19:32:59Z,1,https://github.com/pytorch/pytorch/issues/164331
3471365639,164313,Torch export with dynamic shapes does not work with Hugging Face models that has TransformersKwargs in forward signature,open,xuzifei-dmatrix,2025-09-30T23:20:06Z,2025-10-17T00:39:20Z,4,https://github.com/pytorch/pytorch/issues/164313
3471246891,164302,Mixing cuda graph and non cuda graph code works poorly in the presence of autograd.,open,galv,2025-09-30T22:21:51Z,2025-10-09T18:08:40Z,2,https://github.com/pytorch/pytorch/issues/164302
3471241139,164301,torch.compile regression: mxfp8 quantization along rows,open,danielvegamyhre,2025-09-30T22:19:52Z,2025-10-15T17:27:22Z,10,https://github.com/pytorch/pytorch/issues/164301
3471206332,164300,[dynamo][sac] functools partial'ed context_fn is not supported,closed,anijain2305,2025-09-30T22:07:17Z,2025-10-01T02:47:57Z,1,https://github.com/pytorch/pytorch/issues/164300
3471183851,164299,MPS Memory Leaks across core MPS files,open,dharvpat,2025-09-30T21:57:15Z,2025-10-01T15:05:51Z,1,https://github.com/pytorch/pytorch/issues/164299
3471153698,164298,Wrong type hint for `grad_outputs` in `torch.autograd.grad`,open,ValerianRey,2025-09-30T21:42:42Z,2025-10-02T03:38:49Z,2,https://github.com/pytorch/pytorch/issues/164298
3471122660,164297,Segfault trying to import torch,closed,rtimpe,2025-09-30T21:27:42Z,2025-10-06T18:07:27Z,9,https://github.com/pytorch/pytorch/issues/164297
3470955115,164286,GradTrackingTensor does not copy layout (issue with torch.sparse),closed,anadodik,2025-09-30T20:19:53Z,2025-10-18T10:56:24Z,4,https://github.com/pytorch/pytorch/issues/164286
3470922303,164283,B200 Runners Offline,closed,nWEIdia,2025-09-30T20:08:37Z,2025-09-30T21:31:11Z,2,https://github.com/pytorch/pytorch/issues/164283
3470913405,164281,Document Symmetric Memory,open,syed-ahmed,2025-09-30T20:05:17Z,2025-10-01T01:02:41Z,3,https://github.com/pytorch/pytorch/issues/164281
3470673074,164271,DISABLED test_honor_sm_carveout_cuda (__main__.TestFP8MatmulCUDA),closed,pytorch-bot[bot],2025-09-30T18:50:30Z,2025-10-17T06:51:37Z,4,https://github.com/pytorch/pytorch/issues/164271
3470458151,164264,Cuda graph support for FSDP2 is lacking.,open,galv,2025-09-30T17:47:17Z,2025-10-09T21:24:10Z,3,https://github.com/pytorch/pytorch/issues/164264
3470405905,164257,distributed checkpoint errors with unused weights and stateful optimizer,open,AndreasMadsen,2025-09-30T17:30:53Z,2025-10-07T13:13:24Z,4,https://github.com/pytorch/pytorch/issues/164257
3470109206,164249,Accuracy issue with sum-reduction on A100,open,Flamefire,2025-09-30T15:53:38Z,2025-10-02T14:57:43Z,0,https://github.com/pytorch/pytorch/issues/164249
3469992296,164248,flex_attention doesn't work when wrapped with inductor backend,open,tugsbayasgalan,2025-09-30T15:19:55Z,2025-10-03T01:37:26Z,0,https://github.com/pytorch/pytorch/issues/164248
3469979383,164247,Dynamo graph break on flex attention code,closed,tugsbayasgalan,2025-09-30T15:16:18Z,2025-10-17T17:44:48Z,7,https://github.com/pytorch/pytorch/issues/164247
3469704746,164239,DISABLED test_add_kernel (__main__.HelionTests),open,jeffdaily,2025-09-30T14:13:05Z,2025-10-02T14:58:30Z,2,https://github.com/pytorch/pytorch/issues/164239
3469325856,164235,DISABLED test_forward_mode_AD_cholesky_solve_cuda_float64 (__main__.TestFwdGradientsCUDA),open,pytorch-bot[bot],2025-09-30T13:00:16Z,2025-09-30T13:00:19Z,1,https://github.com/pytorch/pytorch/issues/164235
3469325702,164234,DISABLED test_forward_mode_AD_cholesky_solve_cuda_float64 (__main__.TestFwdGradientsCUDA),closed,pytorch-bot[bot],2025-09-30T13:00:13Z,2025-09-30T18:50:29Z,1,https://github.com/pytorch/pytorch/issues/164234
3469325296,164233,DISABLED test_fn_grad_cholesky_solve_cuda_float64 (__main__.TestBwdGradientsCUDA),closed,pytorch-bot[bot],2025-09-30T13:00:10Z,2025-09-30T18:33:43Z,2,https://github.com/pytorch/pytorch/issues/164233
3469324740,164232,DISABLED test_fn_grad_cholesky_solve_cuda_float64 (__main__.TestBwdGradientsCUDA),open,pytorch-bot[bot],2025-09-30T13:00:07Z,2025-10-01T15:14:09Z,1,https://github.com/pytorch/pytorch/issues/164232
3468088901,164220,ImportError: cannot import name 'make_fx' from 'functorch' when running test_custom_ops test module.,open,kumartanmay-28,2025-09-30T08:08:26Z,2025-09-30T18:32:12Z,0,https://github.com/pytorch/pytorch/issues/164220
3467827623,164217,DISABLED test_vmapjvpvjp_cholesky_solve_cuda_float32 (__main__.TestOperatorsCUDA),open,pytorch-bot[bot],2025-09-30T06:49:22Z,2025-09-30T06:49:25Z,1,https://github.com/pytorch/pytorch/issues/164217
3467570790,164208,CUDA Illegal Memory Access in Multi-threaded LibTorch Applications,open,kohillyang,2025-09-30T04:58:10Z,2025-09-30T18:31:23Z,1,https://github.com/pytorch/pytorch/issues/164208
3467391001,164204,fuse_as_graphmodule change the partitioned exported program input order,open,chenweng-quic,2025-09-30T03:37:19Z,2025-10-08T02:16:06Z,6,https://github.com/pytorch/pytorch/issues/164204
3467368661,164203,Bug: torch.distributed.pipelining produces incorrect graph when model contains nn.Embedding,closed,Maokami,2025-09-30T03:23:14Z,2025-10-01T01:56:19Z,4,https://github.com/pytorch/pytorch/issues/164203
3467180227,164197,Setup a notification alert for operator benchmarks regression,open,huydhn,2025-09-30T01:24:36Z,2025-10-07T20:21:23Z,0,https://github.com/pytorch/pytorch/issues/164197
3467145607,164195,DISABLED test_new_subgroups (__main__.TestDistBackendWithSpawn),open,pytorch-bot[bot],2025-09-30T01:03:11Z,2025-09-30T01:03:14Z,1,https://github.com/pytorch/pytorch/issues/164195
3467145508,164194,DISABLED test_forward_mode_AD_cholesky_solve_cuda_complex128 (__main__.TestFwdGradientsCUDA),open,pytorch-bot[bot],2025-09-30T01:03:08Z,2025-09-30T01:03:11Z,1,https://github.com/pytorch/pytorch/issues/164194
3467145419,164193,DISABLED test_fn_gradgrad_cholesky_solve_cuda_complex128 (__main__.TestBwdGradientsCUDA),open,pytorch-bot[bot],2025-09-30T01:03:05Z,2025-09-30T01:03:08Z,1,https://github.com/pytorch/pytorch/issues/164193
3467145354,164192,DISABLED test_fn_grad_cholesky_solve_cuda_complex128 (__main__.TestBwdGradientsCUDA),open,pytorch-bot[bot],2025-09-30T01:03:02Z,2025-09-30T01:36:26Z,2,https://github.com/pytorch/pytorch/issues/164192
3466912943,164186,"[Fuzzer][Eager/Compile Divergence] AssertionError: Node add_25 was invalid, but is output",open,bobrenjc93,2025-09-29T22:53:15Z,2025-10-03T01:37:42Z,0,https://github.com/pytorch/pytorch/issues/164186
3466910449,164185,[Fuzzer][Eager/Compile Divergence] AssertionError: 'XBLOCK' too large. Maximum: 4096. Actual: 8192.,open,bobrenjc93,2025-09-29T22:51:43Z,2025-10-03T01:37:52Z,0,https://github.com/pytorch/pytorch/issues/164185
3466734467,164179,distributed async_save doesn't work in single-rank environment,open,AndreasMadsen,2025-09-29T21:48:31Z,2025-10-08T23:27:37Z,3,https://github.com/pytorch/pytorch/issues/164179
3465996534,164157,[Fuzzer][Eager/Compile Divergence] IncompatibleTypeErrorImpl('invalid operands of type pointer<fp16> and triton.language.float64'),closed,bobrenjc93,2025-09-29T17:51:45Z,2025-10-16T16:37:53Z,0,https://github.com/pytorch/pytorch/issues/164157
3465821115,164154,`@pytorchbot merge -f` does not work,closed,malfet,2025-09-29T16:52:27Z,2025-10-07T20:04:52Z,1,https://github.com/pytorch/pytorch/issues/164154
3465687820,164150,[CD] - manywheel-py3_**-rocm7_0-test  failures in linux-binary-manywheel,closed,robert-hardwick,2025-09-29T16:11:31Z,2025-09-30T02:15:51Z,2,https://github.com/pytorch/pytorch/issues/164150
3465673105,164148,❌​🔙​ [DISABLE AUTOREVERT] - Testing this functionality,closed,jeanschmidt,2025-09-29T16:07:06Z,2025-09-29T16:07:56Z,0,https://github.com/pytorch/pytorch/issues/164148
3465535760,164145,Improvements to profiler for bitwise equivalence use case,open,ezyang,2025-09-29T15:30:14Z,2025-09-29T15:52:22Z,0,https://github.com/pytorch/pytorch/issues/164145
3465446721,164143,DebugMode silently disables torch.compile,closed,ezyang,2025-09-29T15:07:14Z,2025-10-02T07:39:57Z,1,https://github.com/pytorch/pytorch/issues/164143
3465312188,164137,DISABLED test_conv3d_cudnn_broken_cuda (__main__.TestConvolutionNNDeviceTypeCUDA),closed,malfet,2025-09-29T14:34:58Z,2025-09-30T17:20:51Z,5,https://github.com/pytorch/pytorch/issues/164137
3465150211,164133,Use libtorch export onnx,closed,yongxin3344520,2025-09-29T13:55:19Z,2025-09-29T14:43:24Z,1,https://github.com/pytorch/pytorch/issues/164133
3464522841,164125,[MPS] `torch.nn.functional.conv_transpose3d` return unexpected results when weight containing `inf`,open,can-gaa-hou,2025-09-29T11:28:29Z,2025-09-29T13:45:57Z,0,https://github.com/pytorch/pytorch/issues/164125
3464262872,164124,"torch.compile compiles multiple Triton autotune kernels, but uses the wrong ones",open,dxqb,2025-09-29T10:19:35Z,2025-09-29T16:50:17Z,3,https://github.com/pytorch/pytorch/issues/164124
3463945065,164122,[CUDA][Sparse][Linalg] torch.sparse.spsolve is unavailable,open,Aidyn-A,2025-09-29T09:02:54Z,2025-10-13T13:38:08Z,1,https://github.com/pytorch/pytorch/issues/164122
3463644292,164119,Unexpected recompilation under `TorchDispatchMode` with `is_infra_mode` set to `True`,open,jgong5,2025-09-29T07:34:44Z,2025-10-02T08:49:38Z,8,https://github.com/pytorch/pytorch/issues/164119
3463553340,164116,qta and export onnx error,open,WangHHY19931001,2025-09-29T07:05:45Z,2025-09-30T18:10:37Z,4,https://github.com/pytorch/pytorch/issues/164116
3463062243,164102,[Fuzzer][Eager/Compile Divergence] cannot determine truth value of Relational,open,bobrenjc93,2025-09-29T03:22:57Z,2025-10-01T18:36:45Z,1,https://github.com/pytorch/pytorch/issues/164102
3462997637,164100,DISABLED test_conv1d_with_permute_xpu (__main__.GPUTests),closed,etaf,2025-09-29T02:44:15Z,2025-10-03T23:26:36Z,2,https://github.com/pytorch/pytorch/issues/164100
3462997206,164099,DISABLED test_conv1d_depthwise_dynamic_shapes_xpu (__main__.DynamicShapesCodegenGPUTests),closed,etaf,2025-09-29T02:43:57Z,2025-10-16T00:53:38Z,3,https://github.com/pytorch/pytorch/issues/164099
3462996554,164098,DISABLED test_conv1d_with_permute_xpu (__main__.GPUTests),closed,etaf,2025-09-29T02:43:28Z,2025-10-16T00:53:37Z,3,https://github.com/pytorch/pytorch/issues/164098
3462996177,164097,DISABLED test_conv1d_with_permute_dynamic_shapes_xpu (__main__.DynamicShapesGPUTests),closed,etaf,2025-09-29T02:43:11Z,2025-10-16T00:53:37Z,3,https://github.com/pytorch/pytorch/issues/164097
3462995729,164096,Flexattention create mask function return a bool tensor when using score mod,open,paoxiaode,2025-09-29T02:42:48Z,2025-10-01T20:18:03Z,1,https://github.com/pytorch/pytorch/issues/164096
3462953327,164094,Failed to change backward stream,closed,shadow150519,2025-09-29T02:14:19Z,2025-10-05T23:40:49Z,16,https://github.com/pytorch/pytorch/issues/164094
3462642084,164089,Failing Operator Benchmarks,open,jainapurva,2025-09-28T22:25:46Z,2025-09-29T13:46:11Z,1,https://github.com/pytorch/pytorch/issues/164089
3462614081,164088,[Fuzzer][Eager/Compile Divergence] Argument 'sym_size_int_3' of Node 'full_default' was used before it has been defined!,open,bobrenjc93,2025-09-28T22:06:02Z,2025-09-29T16:43:50Z,0,https://github.com/pytorch/pytorch/issues/164088
3462485449,164086,[Fuzzer][Eager/Compile Divergence] IncompatibleTypeErrorImpl('invalid operands of type pointer<fp16> and triton.language.float64'),closed,bobrenjc93,2025-09-28T20:26:55Z,2025-10-16T16:37:54Z,1,https://github.com/pytorch/pytorch/issues/164086
3462431492,164083,Broaden support of unflatten to split graphs,open,kwen2501,2025-09-28T19:36:45Z,2025-10-07T15:50:53Z,5,https://github.com/pytorch/pytorch/issues/164083
3462246374,164076,Feedback about Meta device,closed,john-abah,2025-09-28T17:12:26Z,2025-09-29T13:48:01Z,1,https://github.com/pytorch/pytorch/issues/164076
3462186247,164074,When will the version for ROCM 7 be released?,closed,mihongyu,2025-09-28T16:27:21Z,2025-09-30T00:40:11Z,3,https://github.com/pytorch/pytorch/issues/164074
3462111815,164073,Feedback about torch.nn.functional.interpolate,open,paul2523e,2025-09-28T15:38:10Z,2025-10-09T13:44:31Z,2,https://github.com/pytorch/pytorch/issues/164073
3461969244,164071,"Docs issue: ""registraion"" should be replaced with ""registration"" in ""jit_type.h"" file comment",closed,RajeshvShiyal,2025-09-28T14:23:45Z,2025-09-28T22:55:27Z,1,https://github.com/pytorch/pytorch/issues/164071
3461809246,164070,pytorch code not working on intel 13500H iGPU XPU,open,linuxiaobai,2025-09-28T12:56:57Z,2025-10-09T01:41:24Z,1,https://github.com/pytorch/pytorch/issues/164070
3461166206,164063,[Fuzzer][Eager/Compile Divergence] TypeError('unexpected type fp32'),closed,bobrenjc93,2025-09-28T06:25:05Z,2025-10-03T18:00:39Z,0,https://github.com/pytorch/pytorch/issues/164063
3461162623,164062,[strict-export][install_free_tensors] Tracker for issues,open,anijain2305,2025-09-28T06:22:25Z,2025-10-08T23:54:49Z,2,https://github.com/pytorch/pytorch/issues/164062
3461089339,164061,GPU Memory Leak due to distributions,open,vedantdalimkar,2025-09-28T05:08:15Z,2025-09-29T14:54:42Z,1,https://github.com/pytorch/pytorch/issues/164061
3461044847,164059,[Fuzzer][Eager/Compile Divergence] assert not waiting and len(ready) == len(graph.nodes),open,bobrenjc93,2025-09-28T04:08:41Z,2025-09-29T16:45:26Z,0,https://github.com/pytorch/pytorch/issues/164059
3461028119,164057,The device (Intel(R) Arc(TM) A380 Graphics) doesn't support querying the available free memory,open,cyanidium,2025-09-28T03:51:46Z,2025-10-13T03:22:56Z,6,https://github.com/pytorch/pytorch/issues/164057
3460745155,164048,[CUDA] indexing on large tensor causes invalid configuration argument,closed,Isalia20,2025-09-27T21:14:02Z,2025-09-29T06:07:39Z,0,https://github.com/pytorch/pytorch/issues/164048
3460209400,164041,[vLLM] AssertionError: out= ops aren't yet supported,open,ZJY0516,2025-09-27T12:07:38Z,2025-10-06T15:26:59Z,0,https://github.com/pytorch/pytorch/issues/164041
3459477115,164030,HOP and pipelining both name things `submod_i`,closed,kwen2501,2025-09-27T00:46:50Z,2025-09-29T09:16:38Z,1,https://github.com/pytorch/pytorch/issues/164030
3459351799,164018,DISABLED test_allreduce_inductor_cudagraph_trees (__main__.TestCollectivesMultiProc),open,jeffdaily,2025-09-26T23:15:33Z,2025-09-29T16:56:13Z,1,https://github.com/pytorch/pytorch/issues/164018
3459293482,164015,[CI][CUDA] test_multimem_one_shot_all_reduce_bfloat16_align_bytes_1 failures on B200 runner,open,nWEIdia,2025-09-26T22:34:34Z,2025-09-29T13:57:38Z,3,https://github.com/pytorch/pytorch/issues/164015
3459262717,164010,[doc infra] `pip install -r docs/requirements.txt` will fail in most contexts,closed,filipviz,2025-09-26T22:17:05Z,2025-10-02T00:40:18Z,10,https://github.com/pytorch/pytorch/issues/164010
3459078139,163997,`F.scaled_dot_product_attention` returns all-`NaN` rows during evaluation but not training,open,amorehead,2025-09-26T20:47:56Z,2025-09-29T13:56:47Z,0,https://github.com/pytorch/pytorch/issues/163997
3458973498,163990,Add CI job to track typing changes made to PyTorch,open,lolpack,2025-09-26T20:09:33Z,2025-10-17T16:25:38Z,1,https://github.com/pytorch/pytorch/issues/163990
3458904617,163984,[inductor] Convert complex operations to real-block matrices,open,Marius-Juston,2025-09-26T19:43:37Z,2025-09-30T06:12:00Z,6,https://github.com/pytorch/pytorch/issues/163984
3458856198,163983,Add more CI tests for CUDA 13.0,open,atalman,2025-09-26T19:25:43Z,2025-09-26T19:27:49Z,0,https://github.com/pytorch/pytorch/issues/163983
3458845159,163982,Need to update Magma version in Pytorch,open,atalman,2025-09-26T19:21:26Z,2025-09-26T19:23:09Z,0,https://github.com/pytorch/pytorch/issues/163982
3458745830,163979,Autograd fallback for PrivateUse1 backends.,open,albanD,2025-09-26T18:48:46Z,2025-10-14T03:19:05Z,3,https://github.com/pytorch/pytorch/issues/163979
3458725108,163978,B200 test_max_autotune failures,open,jananisriram,2025-09-26T18:41:34Z,2025-10-02T04:53:18Z,4,https://github.com/pytorch/pytorch/issues/163978
3458595004,163974,C++ build dependencies,open,svekars,2025-09-26T17:56:49Z,2025-09-29T13:58:45Z,0,https://github.com/pytorch/pytorch/issues/163974
3458416516,163971,[Fuzzer][Eager/Compile Divergence] list index out of range,open,bobrenjc93,2025-09-26T17:06:53Z,2025-09-29T16:47:24Z,0,https://github.com/pytorch/pytorch/issues/163971
3458348625,163970,Unify x86 and SBSA aarch64 build workflows,open,atalman,2025-09-26T16:46:57Z,2025-10-02T15:16:21Z,1,https://github.com/pytorch/pytorch/issues/163970
3458200286,163964,[BE] use cuda-toolkit metapackage to specify pypi dependencies,open,atalman,2025-09-26T15:58:01Z,2025-09-26T19:15:25Z,0,https://github.com/pytorch/pytorch/issues/163964
3458052853,163963,Rename `pytorch-triton` to `triton` in nightly builds,open,atalman,2025-09-26T15:13:58Z,2025-09-26T19:14:38Z,0,https://github.com/pytorch/pytorch/issues/163963
3458051163,163962,Internal assert failed when using Tensorly on MPS,closed,ivegner,2025-09-26T15:13:25Z,2025-10-17T15:35:54Z,2,https://github.com/pytorch/pytorch/issues/163962
3457965419,163958,ROCm context parallel backward lse not scaled,open,vexilligera,2025-09-26T14:46:00Z,2025-10-02T01:04:28Z,6,https://github.com/pytorch/pytorch/issues/163958
3457528346,163953,DISABLED test_do_not_guard_unbacked_inputs (__main__.TestUnbacked),open,pytorch-bot[bot],2025-09-26T12:56:39Z,2025-09-26T18:47:15Z,2,https://github.com/pytorch/pytorch/issues/163953
3456986628,163950,ImportError: cannot import name 'skip_code' from 'torch._C._dynamo.eval_frame' (unknown location),open,maheshzebu,2025-09-26T10:46:03Z,2025-09-29T16:48:15Z,1,https://github.com/pytorch/pytorch/issues/163950
3456885485,163949,Feedback on documentation about torch.matmul,closed,OP-Raaja,2025-09-26T10:23:39Z,2025-09-26T11:44:51Z,1,https://github.com/pytorch/pytorch/issues/163949
3456349433,163946,ModuleNotFoundError: No module named 'importlib_metadata',open,yunyiyun,2025-09-26T08:26:50Z,2025-10-18T06:10:28Z,5,https://github.com/pytorch/pytorch/issues/163946
3456276862,163945,Failed to run a backward op in TorchScript interpreter,open,weinanliu,2025-09-26T08:09:25Z,2025-09-26T11:32:33Z,0,https://github.com/pytorch/pytorch/issues/163945
3455949934,163938,Importing `distributed.algorithms.ddp_comm_hooks` introduces `FutureWarning`s,closed,xuantengh,2025-09-26T06:19:10Z,2025-10-01T07:51:15Z,0,https://github.com/pytorch/pytorch/issues/163938
3455725640,163932,[inductor] a potential numerical instability issue inside a softmax model.,open,maybeLee,2025-09-26T04:11:26Z,2025-09-30T23:47:56Z,4,https://github.com/pytorch/pytorch/issues/163932
3455699201,163929,[inductor] `argmax` outputs wrong when working on transposed and mutated matrix,open,maybeLee,2025-09-26T03:52:45Z,2025-10-17T20:04:22Z,3,https://github.com/pytorch/pytorch/issues/163929
3455590910,163923,Enabling activation checkpoint debug  makes throughput gradually slow down to crawl.,open,githubsgi,2025-09-26T02:44:56Z,2025-10-15T11:44:30Z,2,https://github.com/pytorch/pytorch/issues/163923
3455446548,163918,DISABLED test_TransformerEncoderLayer_relu_activation_cuda_tf32 (__main__.TestNN),open,pytorch-bot[bot],2025-09-26T01:02:37Z,2025-09-26T06:47:58Z,2,https://github.com/pytorch/pytorch/issues/163918
3455446356,163917,DISABLED test_TransformerDecoderLayer_relu_activation_cuda_tf32 (__main__.TestNN),open,pytorch-bot[bot],2025-09-26T01:02:34Z,2025-09-26T06:47:55Z,2,https://github.com/pytorch/pytorch/issues/163917
3455428220,163915,nvshmem triton kernels IMA silently,closed,kwen2501,2025-09-26T00:46:21Z,2025-09-26T00:48:27Z,1,https://github.com/pytorch/pytorch/issues/163915
3455419174,163913,test_triton_wait_until hangs,open,kwen2501,2025-09-26T00:37:54Z,2025-09-26T00:38:50Z,1,https://github.com/pytorch/pytorch/issues/163913
3455260077,163902,Add banner for docker sevs to hud,open,Camyll,2025-09-25T22:43:46Z,2025-09-26T02:30:09Z,0,https://github.com/pytorch/pytorch/issues/163902
3455238544,163900,[Maintenance] MacOS runners update,closed,malfet,2025-09-25T22:30:08Z,2025-09-26T11:27:33Z,3,https://github.com/pytorch/pytorch/issues/163900
3454986608,163894,[Fuzzer][Eager/Compile Divergence] DDE _get_symint_hints(ph_arg.stride()) != real_stride:,open,bobrenjc93,2025-09-25T20:23:54Z,2025-09-25T22:52:57Z,0,https://github.com/pytorch/pytorch/issues/163894
3454514380,163880,torch compile does not handle out_dtype argument in torch.addmm/baddbmm (but succeeds with torch.bmm/mm),open,ad8e,2025-09-25T17:31:16Z,2025-10-03T15:57:16Z,2,https://github.com/pytorch/pytorch/issues/163880
3454465186,163878,[Fuzzer][Eager/Compile Divergence] Error in op: torch.ops.aten.convolution.default,open,bobrenjc93,2025-09-25T17:13:37Z,2025-10-16T06:21:16Z,2,https://github.com/pytorch/pytorch/issues/163878
3454460998,163877,"[Fuzzer][Eager/Compile Divergence] Node full_1 was invalid, but is output",open,bobrenjc93,2025-09-25T17:12:02Z,2025-09-25T22:47:52Z,0,https://github.com/pytorch/pytorch/issues/163877
3454459069,163876,[Fuzzer][Eager/Compile Divergence] AssertionError: -991967080329279/1000000000000000,open,bobrenjc93,2025-09-25T17:11:12Z,2025-09-25T22:47:27Z,0,https://github.com/pytorch/pytorch/issues/163876
3454456615,163875,[Fuzzer][Eager/Compile Divergence] AttributeError: 'Infinity' object has no attribute '_mpf_',open,bobrenjc93,2025-09-25T17:10:21Z,2025-09-25T22:43:57Z,0,https://github.com/pytorch/pytorch/issues/163875
3454453905,163874,[Fuzzer][Eager/Compile Divergence] PassManager::run failed,open,bobrenjc93,2025-09-25T17:09:18Z,2025-09-25T22:43:32Z,1,https://github.com/pytorch/pytorch/issues/163874
3454450375,163872,[Fuzzer][Eager/Compile Divergence] AssertionError: expected stride  1==52,open,bobrenjc93,2025-09-25T17:07:52Z,2025-09-27T01:51:47Z,1,https://github.com/pytorch/pytorch/issues/163872
3454447950,163871,[Fuzzer][Eager/Compile Divergence] torch._inductor.exc.InductorError: CantSplit:,open,bobrenjc93,2025-09-25T17:06:58Z,2025-10-05T05:50:49Z,1,https://github.com/pytorch/pytorch/issues/163871
3454048107,163859,[torch.distributed.pipelining] PP with ScheduleGPipe causes divergence in grad updates compared to single GPU training,closed,tplr-y,2025-09-25T15:03:18Z,2025-10-08T18:22:48Z,1,https://github.com/pytorch/pytorch/issues/163859
3453887521,163857,[TEST] Disable Autorevert,closed,jeanschmidt,2025-09-25T14:24:30Z,2025-09-25T14:24:47Z,0,https://github.com/pytorch/pytorch/issues/163857
3453682830,163853,[BuildSpeed] `generated/TraceType_[01].cpp` takes 15 min to compile with clang-17,open,malfet,2025-09-25T13:36:45Z,2025-09-26T00:04:39Z,0,https://github.com/pytorch/pytorch/issues/163853
3453501823,163852,DISABLED test_cudagraphs_aot_eager_compat_equal (__main__.TestSAC),open,pytorch-bot[bot],2025-09-25T12:57:02Z,2025-09-25T12:57:06Z,1,https://github.com/pytorch/pytorch/issues/163852
3453307557,163851,[MPS] Unexpected output for `grid_sampler_3d` when grid has `nan` value,closed,can-gaa-hou,2025-09-25T12:02:28Z,2025-09-26T23:08:03Z,1,https://github.com/pytorch/pytorch/issues/163851
3453211691,163849,tensordict.nn.dispatch does not have expected behavior,closed,RobinSobczyk,2025-09-25T11:32:32Z,2025-09-29T13:55:27Z,1,https://github.com/pytorch/pytorch/issues/163849
3452875987,163847,DISABLED test_all_to_all_vdev_2d_offset  (__main__.NVSHMEMAll2AllTest),closed,IvanKobzarev,2025-09-25T09:53:10Z,2025-09-27T16:56:28Z,2,https://github.com/pytorch/pytorch/issues/163847
3452630896,163845,CUDA specific case need to port to Intel GPU,closed,daisyden,2025-09-25T08:49:59Z,2025-10-14T02:47:36Z,0,https://github.com/pytorch/pytorch/issues/163845
3451821748,163836,[OpenReg] Using InlineEvent (or its base) for Carrying More Event Metadata in DeviceGuardImplInterface APIs,open,wschin,2025-09-25T04:21:16Z,2025-10-01T23:26:58Z,4,https://github.com/pytorch/pytorch/issues/163836
3451666882,163834,[inductor] [conv layout] `permute-Conv1d` throws a layout error,open,shaoyuyoung,2025-09-25T03:02:33Z,2025-09-25T22:41:10Z,6,https://github.com/pytorch/pytorch/issues/163834
3451568491,163833,[inductor] [dynamic] `torch.nn.functional.interpolate` throws `OverflowError` when `mode='bilinear'`,open,shaoyuyoung,2025-09-25T02:16:27Z,2025-09-25T22:40:18Z,0,https://github.com/pytorch/pytorch/issues/163833
3451355716,163821,Support for nn.BitLinear layer,open,Pacatro,2025-09-25T00:19:04Z,2025-09-29T13:55:57Z,0,https://github.com/pytorch/pytorch/issues/163821
3451288039,163816,"baddbmm with out_dtype=torch.float32 does not validate batch broadcast, silently gives incorrect result",closed,Birch-san,2025-09-24T23:36:30Z,2025-09-30T21:02:24Z,6,https://github.com/pytorch/pytorch/issues/163816
3451247644,163811,compile error with custom softmax triton kernel,open,mayank31398,2025-09-24T23:08:07Z,2025-10-14T13:39:09Z,20,https://github.com/pytorch/pytorch/issues/163811
3451171939,163801,[CUDA][Triton][PTXAS] Triton Wheel Missing CUDA13 PTXAS - Breakage exists for the environment where CTK is not present,closed,nWEIdia,2025-09-24T22:21:24Z,2025-09-30T01:56:15Z,7,https://github.com/pytorch/pytorch/issues/163801
3451140256,163798,tolist() does not graph when capture_scalar_outputs = False,closed,laithsakka,2025-09-24T22:05:51Z,2025-09-28T17:51:51Z,0,https://github.com/pytorch/pytorch/issues/163798
3450907689,163791,torch.export fails on Phi-3.5 model,open,cehongwang,2025-09-24T20:32:50Z,2025-10-03T21:42:30Z,6,https://github.com/pytorch/pytorch/issues/163791
3450877641,163789,[docs] instructions to locally build docs are underspecified,open,filipviz,2025-09-24T20:24:43Z,2025-09-26T22:34:16Z,2,https://github.com/pytorch/pytorch/issues/163789
3450758883,163786,[CI][Infra]B200 Smoke Test Periodic Job Success Depends on Docker Pull Time,open,nWEIdia,2025-09-24T19:54:27Z,2025-10-02T18:47:23Z,6,https://github.com/pytorch/pytorch/issues/163786
3450623842,163785,Revisit guarding on unbacked inputs !,open,laithsakka,2025-09-24T19:17:35Z,2025-09-29T18:44:23Z,1,https://github.com/pytorch/pytorch/issues/163785
3449771637,163765,DISABLED test_emulate_precision_casts_mean_ratio_chain (__main__.CudaReproTests),open,jeffdaily,2025-09-24T14:49:11Z,2025-09-25T18:54:33Z,1,https://github.com/pytorch/pytorch/issues/163765
3449546611,163761,"Does device mesh of (N,1) cause all_gather communication in HSDP of FSDP2?",open,EquationWalker,2025-09-24T13:51:27Z,2025-09-25T18:59:28Z,1,https://github.com/pytorch/pytorch/issues/163761
3449334226,163759,"[dynamo] [dynamic] `torch.combinations` throws RuntimeError when `(backend=aot_eager, dynamic=True)`",open,shaoyuyoung,2025-09-24T12:58:38Z,2025-10-10T08:38:25Z,6,https://github.com/pytorch/pytorch/issues/163759
3449229510,163756,cpu wheel pip index issue,closed,korhojoa,2025-09-24T12:28:39Z,2025-09-29T17:13:49Z,11,https://github.com/pytorch/pytorch/issues/163756
3449025787,163753,Invalid __shared__ read of size 16 bytes in torch.conv_transpose3d,closed,supermarkli,2025-09-24T11:33:17Z,2025-09-26T01:22:04Z,4,https://github.com/pytorch/pytorch/issues/163753
3447556927,163741,Unexpected cuda context after dist.destroy_process_group,closed,ABNER-1,2025-09-24T04:12:40Z,2025-09-24T07:08:20Z,3,https://github.com/pytorch/pytorch/issues/163741
3447468822,163730,Implement aten_bilinear,closed,justinchuby,2025-09-24T03:35:20Z,2025-09-24T03:35:45Z,0,https://github.com/pytorch/pytorch/issues/163730
3447290581,163722,AdaptiveLogSoftmaxWithLoss with weight tying,open,PiyushDatta,2025-09-24T02:08:00Z,2025-09-24T14:31:44Z,0,https://github.com/pytorch/pytorch/issues/163722
3447232435,163721,[MPS] Extension segfault after #152210 (and >= 2.8),closed,oraluben,2025-09-24T01:40:00Z,2025-09-29T17:50:16Z,1,https://github.com/pytorch/pytorch/issues/163721
3447147939,163717,DISABLED test_flex_attention_stride_ordering_mode_paged_attention_permute_order3_shape0_cuda (__main__.TestFlexAttentionCUDA),open,pytorch-bot[bot],2025-09-24T01:04:17Z,2025-10-14T01:06:20Z,3,https://github.com/pytorch/pytorch/issues/163717
3447137299,163716,torch.compile bug because aot autograd trace ignores requires_grad,open,yanboliang,2025-09-24T01:00:19Z,2025-10-06T17:39:16Z,3,https://github.com/pytorch/pytorch/issues/163716
3447091802,163713,[export] 8*s72 is not tracked with proxy for torch.fx.experimental.proxy_tensor._ModuleStackTracer object,open,justinchuby,2025-09-24T00:40:08Z,2025-10-01T14:49:14Z,1,https://github.com/pytorch/pytorch/issues/163713
3446995990,163709,Inconsistent handling of backend floating point precision settings (related to PR #125888),open,lakshayg,2025-09-23T23:55:36Z,2025-10-01T17:40:17Z,2,https://github.com/pytorch/pytorch/issues/163709
3446880903,163702,torch._inductor.exc.InductorError: AssertionError: TMA store requires no broadcasting when a shape is provided,closed,xwang233,2025-09-23T22:48:57Z,2025-09-30T17:51:39Z,4,https://github.com/pytorch/pytorch/issues/163702
3446826462,163701,DISABLED test_repeated_masked_load (__main__.CudaReproTests),open,jeffdaily,2025-09-23T22:21:52Z,2025-09-23T22:28:14Z,1,https://github.com/pytorch/pytorch/issues/163701
3446806400,163699,Should we mark `TestExportOpInfo.test_fake_export` tests as distributed?,closed,xwang233,2025-09-23T22:12:42Z,2025-09-30T16:12:42Z,2,https://github.com/pytorch/pytorch/issues/163699
3446712022,163692,[feature][dtensor] support nn.Module inputs containing DTensor parameters in local_map,open,xmfan,2025-09-23T21:24:37Z,2025-10-07T07:29:30Z,2,https://github.com/pytorch/pytorch/issues/163692
3446703392,163690,Recomputed values for the following tensors have different metadata than during the forward pass.,closed,asahni-sc,2025-09-23T21:21:49Z,2025-09-24T01:04:09Z,3,https://github.com/pytorch/pytorch/issues/163690
3446662370,163689,DISABLED test_qwen2_7b_sdpa_input_alignment_requires_recompile (__main__.CudaReproTests),open,jeffdaily,2025-09-23T21:06:43Z,2025-09-23T22:17:52Z,1,https://github.com/pytorch/pytorch/issues/163689
3446654854,163688,[torch.distributed.pipelining] Gradients are None in first training step with ScheduleGPipe,open,tplr-y,2025-09-23T21:03:37Z,2025-09-26T14:36:14Z,2,https://github.com/pytorch/pytorch/issues/163688
3446631555,163687,[Fuzzer][Eager/Compile Divergence] flexattention works in eager but ooms in compile,closed,bobrenjc93,2025-09-23T20:52:57Z,2025-09-23T22:26:33Z,1,https://github.com/pytorch/pytorch/issues/163687
3446606229,163686,[test] Multiple failures in test_public_bindings UT with main branch,closed,NayanNagabhushana-28,2025-09-23T20:42:08Z,2025-09-24T16:47:39Z,2,https://github.com/pytorch/pytorch/issues/163686
3446583351,163684,PyTorch 2.8 + CUDA 12.8 fails to initialize on RTX 5090 (WinError 1114),closed,tsondo,2025-09-23T20:31:52Z,2025-09-23T22:16:59Z,2,https://github.com/pytorch/pytorch/issues/163684
3446530619,163678,RuntimeError: NCCL error: unhandled cuda error,open,lhtpluto,2025-09-23T20:12:54Z,2025-09-24T07:07:11Z,2,https://github.com/pytorch/pytorch/issues/163678
3446518410,163675,Torch CPU wheels no longer available for download from PyTorch website,open,anivegesana,2025-09-23T20:07:42Z,2025-09-29T17:19:28Z,10,https://github.com/pytorch/pytorch/issues/163675
3446514181,163674,[Fuzzer][Eager/Compile Divergence] NameError('zuf0 is not defined'),open,bobrenjc93,2025-09-23T20:05:56Z,2025-09-25T22:31:16Z,1,https://github.com/pytorch/pytorch/issues/163674
3446373936,163672,C++ Docs failing to publish,closed,svekars,2025-09-23T19:08:25Z,2025-09-26T17:49:54Z,2,https://github.com/pytorch/pytorch/issues/163672
3446238376,163670,Regressions detected in TorchInductor between 2.9 RC vs 2.8,closed,huydhn,2025-09-23T18:16:59Z,2025-09-26T19:33:50Z,12,https://github.com/pytorch/pytorch/issues/163670
3446171800,163668,torch._check causing graph breaks,open,yf225,2025-09-23T17:52:52Z,2025-10-16T18:14:47Z,4,https://github.com/pytorch/pytorch/issues/163668
3446153874,163666,[RFC] Support Symmetric Memory programming,open,kwen2501,2025-09-23T17:46:31Z,2025-09-30T04:10:15Z,3,https://github.com/pytorch/pytorch/issues/163666
3446038171,163664,[BE] Add Linux aarch64 CUDA install and test to validation framework,closed,atalman,2025-09-23T17:00:27Z,2025-10-01T14:19:45Z,0,https://github.com/pytorch/pytorch/issues/163664
3446038078,163663,DISABLED test_select_SparseBSC_int32_cuda_float16 (__main__.TestSparseCSRCUDA),closed,jithunnair-amd,2025-09-23T17:00:24Z,2025-09-25T16:38:05Z,1,https://github.com/pytorch/pytorch/issues/163663
3445945576,163659,Allow double in native_functions.yaml as a schema type,open,janeyx99,2025-09-23T16:27:39Z,2025-09-24T18:45:19Z,2,https://github.com/pytorch/pytorch/issues/163659
3445893633,163658,[CI] Downgrading CUDA driver results: No devices were found,closed,atalman,2025-09-23T16:10:29Z,2025-10-07T20:32:22Z,1,https://github.com/pytorch/pytorch/issues/163658
3445892290,163657,UNSTABLE periodic / linux-jammy-cuda12.4-py3.10-gcc11 / test (legacy_nvidia_driver),open,atalman,2025-09-23T16:10:07Z,2025-09-23T16:18:42Z,1,https://github.com/pytorch/pytorch/issues/163657
3445657962,163650,[DO NOT CLOSE] Autorevert actions shadow mode stream,open,jeanschmidt,2025-09-23T15:01:30Z,2025-10-17T22:54:14Z,9,https://github.com/pytorch/pytorch/issues/163650
3445367678,163641,u0==u1 but u0//u1==1 throw DDE,open,laithsakka,2025-09-23T13:43:35Z,2025-09-23T19:14:12Z,2,https://github.com/pytorch/pytorch/issues/163641
3445263252,163640,[torch.compile] TransformerEncoder with boolean src_key_padding_mask fails under Dynamo fullgraph mode,closed,tinywisdom,2025-09-23T13:15:40Z,2025-09-26T22:29:40Z,2,https://github.com/pytorch/pytorch/issues/163640
3445223274,163637,test modules failing with import error 'functionalize' not found in functorch,closed,RiyaP-QA,2025-09-23T13:04:26Z,2025-09-28T23:16:48Z,0,https://github.com/pytorch/pytorch/issues/163637
3444472282,163630,[MPS] torch.nn.functional.embedding_bag does not raise an error for invalid input,open,can-gaa-hou,2025-09-23T09:37:32Z,2025-10-10T09:22:48Z,3,https://github.com/pytorch/pytorch/issues/163630
3444223375,163624,[aoti] [xpu] [null-pointer-deference] potential npt issue in `sycl_runtime_wrappers.h`,open,shaoyuyoung,2025-09-23T08:24:03Z,2025-09-23T16:02:18Z,4,https://github.com/pytorch/pytorch/issues/163624
3443698404,163611,[Fuzzer][Eager/Compile Divergence] DTensor umbrella issue,open,bobrenjc93,2025-09-23T05:06:17Z,2025-10-01T20:27:34Z,8,https://github.com/pytorch/pytorch/issues/163611
3443629481,163608,Regressions detected with operator microbenchmarks for Pytorch 2.9_rc1 vs Pytorch2.8,closed,jainapurva,2025-09-23T04:27:31Z,2025-09-30T01:27:49Z,14,https://github.com/pytorch/pytorch/issues/163608
3443512377,163606,‌Operator Contribution Challenges,closed,ghostspiders,2025-09-23T03:28:11Z,2025-09-23T05:29:15Z,1,https://github.com/pytorch/pytorch/issues/163606
3443473109,163604,"[Fuzzer][Eager/Compile Divergence] assert_size_stride(buf1, (s46, 64, s22), (64*s22, s22, 1), 'torch.ops.aten.convolution_backward.default')",closed,bobrenjc93,2025-09-23T03:11:17Z,2025-09-26T15:45:57Z,1,https://github.com/pytorch/pytorch/issues/163604
3443469766,163603,[Fuzzer][Eager/Compile Divergence] assertion failure `not waiting and len(ready) == len(graph.nodes)`,open,bobrenjc93,2025-09-23T03:09:41Z,2025-09-25T22:16:13Z,0,https://github.com/pytorch/pytorch/issues/163603
3443340826,163597,SDPA MPS regression on 2.8.0,closed,Vismai-Khanderao,2025-09-23T01:54:04Z,2025-09-29T16:09:50Z,1,https://github.com/pytorch/pytorch/issues/163597
3443261850,163595,DISABLED test_toy_model_basic (__main__.FxGraphRunnableTest),closed,pytorch-bot[bot],2025-09-23T01:02:43Z,2025-10-07T01:05:45Z,2,https://github.com/pytorch/pytorch/issues/163595
3443261798,163594,DISABLED test_dtensor_compile_redistribute (__main__.FxGraphRunnableTest),open,pytorch-bot[bot],2025-09-23T01:02:40Z,2025-09-23T01:02:45Z,1,https://github.com/pytorch/pytorch/issues/163594
3443194844,163588,Flex Attention Silently Incorrect with bfloat16 and Masks,closed,zaptrem,2025-09-23T00:13:45Z,2025-10-03T01:10:02Z,7,https://github.com/pytorch/pytorch/issues/163588
3442960357,163577,Lintrunner failures on files that only manifest on CI,open,ZainRizvi,2025-09-22T22:24:45Z,2025-09-23T20:05:06Z,0,https://github.com/pytorch/pytorch/issues/163577
3442952271,163576,GPU Performance in Modern Computing,closed,kay-hewett,2025-09-22T22:21:49Z,2025-09-29T17:16:02Z,7,https://github.com/pytorch/pytorch/issues/163576
3442943591,163574,Bfloat16 large numerical discrepancy on Blackwell,open,drisspg,2025-09-22T22:18:41Z,2025-09-23T15:50:27Z,1,https://github.com/pytorch/pytorch/issues/163574
3442906753,163572,"[Fuzzer][Eager/Compile Divergence] AssertionError: Node full_default_1 was invalid, but is output",open,bobrenjc93,2025-09-22T22:03:12Z,2025-09-25T22:14:58Z,0,https://github.com/pytorch/pytorch/issues/163572
3442893850,163569,[Fuzzer][Eager/Compile Divergence] torch.nn.functional.conv1d works in eager but fails compile,closed,bobrenjc93,2025-09-22T21:57:22Z,2025-09-26T15:45:06Z,0,https://github.com/pytorch/pytorch/issues/163569
3442890766,163568,torch.distributed failures on windows CI build,closed,Camyll,2025-09-22T21:55:46Z,2025-09-22T23:44:03Z,0,https://github.com/pytorch/pytorch/issues/163568
3442877731,163567,[Fuzzer][Eager/Compile Divergence] fail on backwards only in compile and not eager,open,bobrenjc93,2025-09-22T21:49:53Z,2025-09-24T19:19:02Z,2,https://github.com/pytorch/pytorch/issues/163567
3442865400,163563,[Fuzzer][Eager/Compile Divergence] OOM on PT2 that doesn't happen on eager,closed,bobrenjc93,2025-09-22T21:44:00Z,2025-09-24T18:53:19Z,5,https://github.com/pytorch/pytorch/issues/163563
3442540721,163548,`DefaultSavePlanner._validate_global_plan` is costy when FSDP size is extremly large,open,HAOCHENYE,2025-09-22T19:57:03Z,2025-10-17T10:54:47Z,2,https://github.com/pytorch/pytorch/issues/163548
3442390780,163546,Better nccl timeout handling,open,D1-3105,2025-09-22T19:18:16Z,2025-10-11T04:28:45Z,4,https://github.com/pytorch/pytorch/issues/163546
3442363317,163545,[On Demand Profiling] torch >=2.7 non-deterministic crash when setting KINETO_USE_DAEMON=1,open,jj10306,2025-09-22T19:12:35Z,2025-10-06T17:49:25Z,7,https://github.com/pytorch/pytorch/issues/163545
3442327345,163543,Add tensor descriptor implementation to Flex backwards template,open,whitneywhtsang,2025-09-22T19:04:20Z,2025-09-22T20:04:59Z,1,https://github.com/pytorch/pytorch/issues/163543
3442168683,163539,conv3d bfloat16 wrong result,open,ZejiaZheng,2025-09-22T18:21:19Z,2025-09-29T17:16:12Z,6,https://github.com/pytorch/pytorch/issues/163539
3442122411,163536,Rename `USE_TMA` to better reflect tensor descriptor functionality,open,whitneywhtsang,2025-09-22T18:08:12Z,2025-09-24T17:43:16Z,5,https://github.com/pytorch/pytorch/issues/163536
3441866514,163530,B200 runners offline,closed,ZainRizvi,2025-09-22T16:52:31Z,2025-09-22T21:36:44Z,4,https://github.com/pytorch/pytorch/issues/163530
3441831107,163528,torch.compile don't work with searchsorted,open,Kotwic4,2025-09-22T16:42:53Z,2025-09-24T05:27:55Z,4,https://github.com/pytorch/pytorch/issues/163528
3441429780,163519,"For mixed-precision training, does FSDP2 also need `amp.grad_scaler.GradScaler` ? or is FSDP2 already handled?",closed,EquationWalker,2025-09-22T15:01:43Z,2025-09-29T08:19:23Z,11,https://github.com/pytorch/pytorch/issues/163519
3441077026,163510,building pytorch c++ extension with cuda 13 causes unexpected behavior when pytorch is built with cuda 12.8,open,youkaichao,2025-09-22T13:42:33Z,2025-10-15T19:44:11Z,8,https://github.com/pytorch/pytorch/issues/163510
3440498521,163504,[MPS] Unexpected behavior in torch.nn.functional.one_hot  when target values exceed num_classes in MPS,open,233yun,2025-09-22T11:31:39Z,2025-09-22T14:22:06Z,1,https://github.com/pytorch/pytorch/issues/163504
3439940525,163502,at::Tensor::to_sparse_csr() does not produce correct result in Debug configuration when tensor is big sparse CSC on CUDA device in LibTorch 2.8.0,open,marek-racev,2025-09-22T09:18:55Z,2025-09-22T19:45:59Z,0,https://github.com/pytorch/pytorch/issues/163502
3439791781,163501,Registration Error with const SymIntArrayRef&in PyTorch 2.5+,open,shaoyf42,2025-09-22T08:40:34Z,2025-10-06T17:42:38Z,0,https://github.com/pytorch/pytorch/issues/163501
3439763783,163500,"[dynamo] Show recompilation reason when set_stance(""fail_on_recompile"") fails",open,williamwen42,2025-09-22T08:32:47Z,2025-10-16T18:27:15Z,3,https://github.com/pytorch/pytorch/issues/163500
3439620487,163496,[dynamo] recompilation failure error message still points to old troubleshooting doc,open,williamwen42,2025-09-22T07:47:26Z,2025-09-22T19:17:04Z,1,https://github.com/pytorch/pytorch/issues/163496
3439514168,163491,[inductor][CPU] 1 UT of test/inductor/test_cpu_select_algorithm.py failed with 0921 nightly whl,closed,LifengWang,2025-09-22T07:13:58Z,2025-09-29T05:29:05Z,0,https://github.com/pytorch/pytorch/issues/163491
3439251875,163483,all_gather can change memory ordering of tensor,closed,Junyu-Z,2025-09-22T05:28:06Z,2025-09-24T19:38:46Z,5,https://github.com/pytorch/pytorch/issues/163483
3438767933,163462,GroupedMM triton template IMAs on B200,open,drisspg,2025-09-22T00:28:05Z,2025-10-02T16:16:58Z,12,https://github.com/pytorch/pytorch/issues/163462
3438570287,163457,[Fuzzer][Eager/Compile Divergence] unsupported operand type(s) for divmod(): 'SymInt' and 'int',closed,bobrenjc93,2025-09-21T20:09:16Z,2025-09-24T02:52:42Z,0,https://github.com/pytorch/pytorch/issues/163457
3438367344,163451,"[Fuzzer][Eager/Compile Divergence] Compile fails with ""operand #0 does not dominate this use""",open,bobrenjc93,2025-09-21T15:58:32Z,2025-09-24T01:12:58Z,4,https://github.com/pytorch/pytorch/issues/163451
3438362464,163450,torch.linalg.ldl_solve aborted  heap corruption with wrong input,open,qiqicliff,2025-09-21T15:51:50Z,2025-09-23T14:23:35Z,3,https://github.com/pytorch/pytorch/issues/163450
3438352624,163449,[Fuzzer][Eager/Compile Divergence] 8+% numerical difference between eager and compile,closed,bobrenjc93,2025-09-21T15:38:55Z,2025-09-24T02:52:40Z,2,https://github.com/pytorch/pytorch/issues/163449
3437833202,163435,[Fuzzer][Eager/Compile Divergence] a var subtract by itself should equal 0?,open,bobrenjc93,2025-09-21T05:19:32Z,2025-09-24T17:43:02Z,3,https://github.com/pytorch/pytorch/issues/163435
3437698414,163429,[CI][CUDA][B200] test_max_autotune.py failures on B200 runner,open,nWEIdia,2025-09-21T01:41:10Z,2025-09-23T20:10:18Z,0,https://github.com/pytorch/pytorch/issues/163429
3437695695,163428,[vLLM] Crash during inferece in torch dynamo on 2xRTX2080Ti,open,ir1ka,2025-09-21T01:37:49Z,2025-10-14T09:07:06Z,3,https://github.com/pytorch/pytorch/issues/163428
3437665362,163427,cutlass python has conflicts with cutlass dsl,open,limin2021,2025-09-21T00:37:35Z,2025-09-24T17:42:39Z,2,https://github.com/pytorch/pytorch/issues/163427
3437589601,163425,`torch._grouped_gemm` has poor performance for large batch sizes with dtype BF16,open,Skylion007,2025-09-20T22:35:50Z,2025-09-30T21:28:40Z,6,https://github.com/pytorch/pytorch/issues/163425
3437512255,163420,[Fuzzer][Eager/Compile Divergence] Inductor fails on `t2.fill_diagonal_(t1.item())` call,open,bobrenjc93,2025-09-20T20:49:27Z,2025-09-25T00:22:24Z,0,https://github.com/pytorch/pytorch/issues/163420
3437285502,163413,Sentiment Classification for IMDB dataset using FSDP Tutorial,closed,pratikkorat26,2025-09-20T16:21:05Z,2025-09-20T16:27:55Z,0,https://github.com/pytorch/pytorch/issues/163413
3436944365,163409,Segmentation fault in torch.nn.MaxUnpool3d,closed,cx104906,2025-09-20T09:01:53Z,2025-09-22T21:36:51Z,4,https://github.com/pytorch/pytorch/issues/163409
3436886024,163408,RFC: Inherit some modules from torchtune.,open,krammnic,2025-09-20T08:04:39Z,2025-09-27T00:06:10Z,5,https://github.com/pytorch/pytorch/issues/163408
3436624841,163400,"Add Flash Dynamic Mask Attention (FDMA) as an SDPA backend for sparse, extremely long-context attention",open,LoserCheems,2025-09-20T04:58:04Z,2025-09-22T20:02:20Z,0,https://github.com/pytorch/pytorch/issues/163400
3436473130,163397,An ncclUnhandledCudaError occurred while calling distributed.destroy_process_group: The CUDA function call failed.,closed,Staten-Wang,2025-09-20T02:51:52Z,2025-09-20T11:54:19Z,0,https://github.com/pytorch/pytorch/issues/163397
3435929311,163374,[DTensor] Inplace ops preduces wrong result,open,SherlockNoMad,2025-09-19T21:21:09Z,2025-10-08T18:54:56Z,3,https://github.com/pytorch/pytorch/issues/163374
3435846384,163372,Expand sometimes interpreted as Repeat by compiler,closed,PierreId,2025-09-19T20:48:09Z,2025-09-22T21:53:08Z,0,https://github.com/pytorch/pytorch/issues/163372
3435634479,163359,RFC: Support CUDA Stream Protocol,closed,leofang,2025-09-19T19:23:41Z,2025-09-25T19:45:40Z,2,https://github.com/pytorch/pytorch/issues/163359
3434794204,163347,Incorrect bf16 results in Conv,open,gvartany-amd,2025-09-19T15:18:27Z,2025-09-24T19:17:48Z,5,https://github.com/pytorch/pytorch/issues/163347
3434724996,163346,Stable headers could provide helpers for automagic boxing of functions,open,lw,2025-09-19T14:59:01Z,2025-09-19T18:37:19Z,2,https://github.com/pytorch/pytorch/issues/163346
3434701609,163343,Stable headers shouldn't use anonymous namespaces,open,lw,2025-09-19T14:52:21Z,2025-10-06T19:53:43Z,7,https://github.com/pytorch/pytorch/issues/163343
3434612357,163342,[CD] - Manywheel CUDA builds failing since Sept 18,closed,robert-hardwick,2025-09-19T14:29:24Z,2025-09-20T12:16:28Z,5,https://github.com/pytorch/pytorch/issues/163342
3434089906,163338,Stable headers shouldn't have using declarations,closed,lw,2025-09-19T11:56:02Z,2025-09-19T21:15:55Z,1,https://github.com/pytorch/pytorch/issues/163338
3434035515,163337,Compilation error with `static_cast` from `float` to `__half` when building PyTorch extension with rocWMMA on ROCm,closed,YuChuXi,2025-09-19T11:38:47Z,2025-09-24T20:49:03Z,4,https://github.com/pytorch/pytorch/issues/163337
3433978312,163336,Potential bug in _inductor/runtime/cache_dir_utils.py,closed,yobibyte,2025-09-19T11:18:44Z,2025-09-22T15:07:30Z,4,https://github.com/pytorch/pytorch/issues/163336
3433751833,163331,Support Query Bug !!,closed,Harishankar14,2025-09-19T10:09:06Z,2025-09-20T14:42:36Z,2,https://github.com/pytorch/pytorch/issues/163331
3433574974,163330,wrong returns of get_root_mesh in _mesh_resources,closed,zhiqi-0,2025-09-19T09:12:45Z,2025-10-06T18:52:27Z,5,https://github.com/pytorch/pytorch/issues/163330
3433396478,163329,region compile triggers recompile,closed,songh11,2025-09-19T08:22:44Z,2025-09-26T09:33:01Z,3,https://github.com/pytorch/pytorch/issues/163329
3433392400,163328,AOTAutograd view replay crashes when an intermediate aliased base becomes non-contiguous after Inductor padding,closed,Qiaoza666,2025-09-19T08:21:11Z,2025-09-22T21:53:05Z,0,https://github.com/pytorch/pytorch/issues/163328
3433205954,163327,[MPS] scatter_add_ is incorrect on MPS with non-zero offset slices,open,eiennohito,2025-09-19T07:21:38Z,2025-10-01T04:40:28Z,4,https://github.com/pytorch/pytorch/issues/163327
3433114231,163325,DISABLED test_qat_aware_model_example (__main__.TestFxModelReportDetector),closed,pytorch-bot[bot],2025-09-19T06:47:30Z,2025-10-03T23:26:56Z,3,https://github.com/pytorch/pytorch/issues/163325
3433106693,163323,[export] Bug Report: module.to(device) on exported programs causes assertion failures (device-agnostic export broken since 2.8),open,taotaohuang001,2025-09-19T06:44:51Z,2025-09-26T16:31:53Z,6,https://github.com/pytorch/pytorch/issues/163323
3433040042,163321,[dynamo] graph break when attempting to construct ConstDictVariable with LazyVariable members,open,xmfan,2025-09-19T06:22:39Z,2025-10-08T10:29:59Z,6,https://github.com/pytorch/pytorch/issues/163321
3432516985,163314,Flex Attention Decoding Silently Incorrect with H=None Broadcasting and Sliced mask_mod,open,zaptrem,2025-09-19T02:47:46Z,2025-09-22T17:09:05Z,6,https://github.com/pytorch/pytorch/issues/163314
3432488767,163312,[symbolic trace] fuction with decorator,open,inisis,2025-09-19T02:35:00Z,2025-09-20T00:51:03Z,0,https://github.com/pytorch/pytorch/issues/163312
3432450440,163311,[build] `CMake (or ninja)` configuration can't index `uv` environment for incremental compilation,open,shaoyuyoung,2025-09-19T02:15:29Z,2025-09-19T02:43:43Z,0,https://github.com/pytorch/pytorch/issues/163311
3432348568,163309,Put ciflow tags in another namespace to avoid spamming git fetch,open,ezyang,2025-09-19T01:25:40Z,2025-09-23T20:12:34Z,4,https://github.com/pytorch/pytorch/issues/163309
3432292924,163307,[ATen] aten/src/ATen/native/vulkan/api/QueryPool.cpp misses the inclusion of the algorithm header,closed,jdumke,2025-09-19T00:40:32Z,2025-10-01T03:09:53Z,2,https://github.com/pytorch/pytorch/issues/163307
3432162404,163303,[export] non-strict export creates extra tensor constants when forward runs with a container of params,open,yiming0416,2025-09-18T23:00:43Z,2025-09-23T16:52:11Z,0,https://github.com/pytorch/pytorch/issues/163303
3432141782,163302,[vLLM CI] Periodically run B200 tests,open,BoyuanFeng,2025-09-18T22:45:14Z,2025-09-23T20:13:26Z,1,https://github.com/pytorch/pytorch/issues/163302
3432082863,163300,[torch.compile][FlexAttention] Inductor failure with custom score_mod (FlexibleLayout / NoValidChoicesError),closed,v1kstrand,2025-09-18T22:07:15Z,2025-09-23T15:37:50Z,5,https://github.com/pytorch/pytorch/issues/163300
3431975751,163294,retracing set_grad HOO creates an empty submod,closed,yushangdi,2025-09-18T21:09:07Z,2025-09-21T22:54:44Z,0,https://github.com/pytorch/pytorch/issues/163294
3431899550,163290,Tracker for migrating xformers to torch stable ABI,open,mikaylagawarecki,2025-09-18T20:35:42Z,2025-09-18T20:43:43Z,0,https://github.com/pytorch/pytorch/issues/163290
3431830461,163287,[Docs] Get started Locally still points to CUDA-12.9,closed,malfet,2025-09-18T20:12:45Z,2025-09-22T14:30:55Z,1,https://github.com/pytorch/pytorch/issues/163287
3431800714,163286,[inductor] as_strided lowering throws away .view(dtype),closed,xmfan,2025-09-18T20:03:51Z,2025-09-23T12:51:00Z,3,https://github.com/pytorch/pytorch/issues/163286
3431766093,163283,RFC move to Pyrefly for Type Checking,open,maggiemoss,2025-09-18T19:52:40Z,2025-09-24T18:22:35Z,3,https://github.com/pytorch/pytorch/issues/163283
3431543349,163275,torch compile does not handle out_dtype argument in torch.mm (but succeeds with torch.bmm),closed,ad8e,2025-09-18T18:43:01Z,2025-09-23T15:37:52Z,2,https://github.com/pytorch/pytorch/issues/163275
3431491909,163274,[DLPack] Further restrict the normalization condition for DLPack Export,closed,tqchen,2025-09-18T18:25:33Z,2025-09-25T18:53:22Z,5,https://github.com/pytorch/pytorch/issues/163274
3431381035,163271,[ci/cd] [nightly] windows-arm64 py3_11 builds cancelled twice in the past week,closed,anitakat,2025-09-18T17:48:59Z,2025-09-23T20:15:06Z,2,https://github.com/pytorch/pytorch/issues/163271
3431127683,163266,`align_corners` option of `torch.nn.functional.interpolate` has incorrect default,open,schabertrobbinger,2025-09-18T16:31:36Z,2025-09-20T00:50:29Z,1,https://github.com/pytorch/pytorch/issues/163266
3430586236,163257,Support checkPoolLiveAllocations with pluggable device,closed,coreyjadams,2025-09-18T14:15:32Z,2025-09-23T16:26:41Z,5,https://github.com/pytorch/pytorch/issues/163257
3429527994,163253,"`torch.compile` fails on direct assignment from tuple slice of `linalg_qr` result, while tuple unpacking works",closed,LiSsHhUuAaIi,2025-09-18T09:39:18Z,2025-09-20T00:58:45Z,1,https://github.com/pytorch/pytorch/issues/163253
3428900722,163248,DISABLED test_str_bytes_get_insert_thread_safe_Cache0 (__main__.CacheTest),closed,pytorch-bot[bot],2025-09-18T06:48:08Z,2025-10-03T23:27:09Z,4,https://github.com/pytorch/pytorch/issues/163248
3428900582,163247,DISABLED test_str_bytes_get_insert_thread_safe_Cache0 (__main__.CacheTest),closed,pytorch-bot[bot],2025-09-18T06:48:05Z,2025-09-18T12:56:15Z,1,https://github.com/pytorch/pytorch/issues/163247
3428602856,163243,"`.mH` view compile problem, self.stride(-1) must be 1 to view ComplexFloat as Float (different element sizes), but got X)",closed,Marius-Juston,2025-09-18T04:26:16Z,2025-09-23T23:35:49Z,5,https://github.com/pytorch/pytorch/issues/163243
3428246943,163230,DISABLED test_binary_redirect_and_tee (__main__.StartProcessesListAsBinaryTest),open,pytorch-bot[bot],2025-09-18T01:05:37Z,2025-09-18T06:47:59Z,2,https://github.com/pytorch/pytorch/issues/163230
3428246891,163229,DISABLED test_multiple_q_config_options (__main__.TestFxModelReportDetector),closed,pytorch-bot[bot],2025-09-18T01:05:34Z,2025-10-03T23:26:52Z,3,https://github.com/pytorch/pytorch/issues/163229
3428246808,163228,DISABLED test_int8_woq_mm_cuda_batch_size_17_mid_dim_8_in_features_128_out_features_65_cuda_bfloat16 (__main__.TestSelectAlgorithmCudaCUDA),open,pytorch-bot[bot],2025-09-18T01:05:31Z,2025-09-18T01:05:36Z,1,https://github.com/pytorch/pytorch/issues/163228
3427918066,163202,[CUDA][Memory Snapshot] `test_memory_compile_regions` appears to interfere with subsequent `record_memory_history` tests,open,eqy,2025-09-17T22:02:49Z,2025-09-18T21:21:52Z,1,https://github.com/pytorch/pytorch/issues/163202
3427861144,163196,"Bug for ""tensor constructor""-like custom op with no fake impl",open,angelayi,2025-09-17T21:31:48Z,2025-09-24T17:41:58Z,2,https://github.com/pytorch/pytorch/issues/163196
3427761900,163193,Incorrect results when adding partial DTensor with a scalar,open,ppwwyyxx,2025-09-17T20:50:03Z,2025-09-21T18:00:03Z,4,https://github.com/pytorch/pytorch/issues/163193
3427733612,163189,[export] Silent fake tensor leakage when doing buffer mutation,open,yiming0416,2025-09-17T20:37:31Z,2025-10-13T16:16:33Z,4,https://github.com/pytorch/pytorch/issues/163189
3427540742,163184,DataLoader doesn't pick Subset's overridden __getitem__,open,JerrySoybean,2025-09-17T19:28:41Z,2025-09-18T22:08:36Z,1,https://github.com/pytorch/pytorch/issues/163184
3427422040,163178,DISABLED test_dynamic_input_expr_expr1 (__main__.AOTFxirTestCase),closed,pytorch-bot[bot],2025-09-17T18:49:30Z,2025-10-01T18:51:43Z,3,https://github.com/pytorch/pytorch/issues/163178
3427421926,163177,DISABLED test_multi_linear_model_without_per_channel (__main__.TestFxModelReportDetector),closed,pytorch-bot[bot],2025-09-17T18:49:27Z,2025-10-03T23:26:50Z,3,https://github.com/pytorch/pytorch/issues/163177
3427140678,163170,ONNX Dynamo export of Cosmos Transformer Vid2World model,closed,asfiyab-nvidia,2025-09-17T17:15:11Z,2025-10-01T22:21:15Z,11,https://github.com/pytorch/pytorch/issues/163170
3426625260,163159,DISABLED test_graph_partition_default_device_context (__main__.TritonCodeGenTests),closed,etaf,2025-09-17T14:42:57Z,2025-10-16T00:53:36Z,1,https://github.com/pytorch/pytorch/issues/163159
3426199777,163157,DISABLED test_dynamic_input_expr_expr0 (__main__.AOTFxirTestCase),closed,pytorch-bot[bot],2025-09-17T12:57:06Z,2025-10-01T13:00:22Z,3,https://github.com/pytorch/pytorch/issues/163157
3426199613,163156,DISABLED test_conv_sub_class_considered (__main__.TestFxModelReportDetector),closed,pytorch-bot[bot],2025-09-17T12:57:03Z,2025-10-03T23:26:40Z,3,https://github.com/pytorch/pytorch/issues/163156
3425467774,163153,FSDP2 implicit prefetch does not work,closed,zhc7,2025-09-17T09:30:31Z,2025-09-17T18:04:42Z,1,https://github.com/pytorch/pytorch/issues/163153
3424975892,163149,test_type_hints generates file with missing typing imports causing mypy failures,open,parsshar-RH,2025-09-17T07:08:19Z,2025-09-18T01:21:34Z,1,https://github.com/pytorch/pytorch/issues/163149
3424821077,163146,[export] Data dependent error on slices in autograd::applySlicing,open,elin-croft,2025-09-17T06:09:46Z,2025-10-10T14:03:56Z,19,https://github.com/pytorch/pytorch/issues/163146
3424649912,163143,[torch.compile] Side-Effectful Tokens doesn't work well with torch.cond,open,yanboliang,2025-09-17T04:53:06Z,2025-09-24T17:41:47Z,1,https://github.com/pytorch/pytorch/issues/163143
3424543201,163142,`compile_kernel`: fast inline compilation with nvrtc tracker,open,msaroufim,2025-09-17T03:50:16Z,2025-09-18T22:43:32Z,0,https://github.com/pytorch/pytorch/issues/163142
3424182793,163132,DISABLED test_qconfig_multi_mapping_retroactive_padding (__main__.TestFXNumericSuiteNShadows),closed,pytorch-bot[bot],2025-09-17T01:01:56Z,2025-10-03T23:26:59Z,2,https://github.com/pytorch/pytorch/issues/163132
3424141864,163129,[Graph Partition] Handle custom op input mutation correctly,open,BoyuanFeng,2025-09-17T00:32:06Z,2025-09-17T00:34:04Z,0,https://github.com/pytorch/pytorch/issues/163129
3423830124,163108,[CD] Windows CUDA builds fail since  Sep 11th 2025,closed,malfet,2025-09-16T21:39:09Z,2025-09-16T21:49:48Z,1,https://github.com/pytorch/pytorch/issues/163108
3423785506,163105,"[lr_scheduler] SWALR serializes anneal_func, causing an error when loading state_dict with weight_only=True",closed,filipviz,2025-09-16T21:19:48Z,2025-09-17T18:17:29Z,0,https://github.com/pytorch/pytorch/issues/163105
3423725047,163103,"[lr_scheduler] Multiple LR schedulers incorrectly alias `self._last_lr`/`get_last_lr(...)` with `group[""lr""]` when using tensor lr",closed,filipviz,2025-09-16T20:55:59Z,2025-09-25T06:59:01Z,1,https://github.com/pytorch/pytorch/issues/163103
3423570479,163093,[lr_scheduler] `ReduceLROnPlateau._reduce_lr` triggers recompilation with tensor lr,closed,filipviz,2025-09-16T19:56:56Z,2025-09-17T13:40:27Z,0,https://github.com/pytorch/pytorch/issues/163093
3423373341,163084,DISABLED test_debug_mode_backward (__main__.TestDTensorDebugMode),open,pytorch-bot[bot],2025-09-16T18:49:01Z,2025-09-17T01:01:54Z,2,https://github.com/pytorch/pytorch/issues/163084
3423296324,163082,torch.nn.functional.normalize outputs vectors with norm>1 with torch.compile + cuda,closed,misko,2025-09-16T18:21:25Z,2025-09-23T15:37:48Z,0,https://github.com/pytorch/pytorch/issues/163082
3422479818,163076,Export Qwen3 Model with past_key_values,open,logesh13,2025-09-16T14:11:47Z,2025-09-19T13:58:46Z,3,https://github.com/pytorch/pytorch/issues/163076
3422335768,163075,[Bug] max_seqlen parameter can not align with input in ring attention backward,open,HOOLoLo,2025-09-16T13:34:07Z,2025-10-03T07:34:34Z,1,https://github.com/pytorch/pytorch/issues/163075
3422272907,163072,test_partial_flat_weights fails with accuracy issues,open,Flamefire,2025-09-16T13:19:03Z,2025-09-18T01:04:43Z,0,https://github.com/pytorch/pytorch/issues/163072
3422187663,163071,Lintrunner not flagging CI issues in PRs,closed,jeanschmidt,2025-09-16T12:56:57Z,2025-09-22T15:00:35Z,3,https://github.com/pytorch/pytorch/issues/163071
3421555278,163066,"PyTorch is including internal headers, leading to ODR violations",open,pganssle-google,2025-09-16T10:22:40Z,2025-09-24T17:41:27Z,6,https://github.com/pytorch/pytorch/issues/163066
3421339607,163064,"torch.compile: Segfault or ""Unhandled FakeTensor Device Propagation"" when compiling a Module on CPU, moving it to CUDA, recompiling, then calling with a CPU input",open,tinywisdom,2025-09-16T09:30:41Z,2025-09-23T19:12:43Z,4,https://github.com/pytorch/pytorch/issues/163064
3421265846,163062,GIL is not released when creating a device tensor using a shape depending on data from another device tensor,open,syuoni,2025-09-16T09:11:59Z,2025-09-25T02:23:29Z,3,https://github.com/pytorch/pytorch/issues/163062
3421214519,163061,GIL is not released when calling torch.compile kernels,closed,syuoni,2025-09-16T09:00:22Z,2025-09-30T06:49:01Z,7,https://github.com/pytorch/pytorch/issues/163061
3420990687,163052,CPU dynamic quantization (qint8) cannot be used with multiprocessing,open,ytinyui,2025-09-16T08:05:05Z,2025-09-16T17:48:02Z,0,https://github.com/pytorch/pytorch/issues/163052
3420906073,163051,"[torch.export] `AssertionError: assert isinstance(a, FakeTensor)` in `_free_unbacked_symbols_with_path` when exporting model that uses `torch.func.jvp` + `functional_call` + dict params",open,tinywisdom,2025-09-16T07:42:45Z,2025-09-19T00:14:26Z,1,https://github.com/pytorch/pytorch/issues/163051
3420741620,163048,[compile/aot-autograd] `torch.autograd.grad` w.r.t. an intermediate tensor works in eager but fails under `torch.compile` (“tensor not used in the graph”),open,tinywisdom,2025-09-16T06:57:19Z,2025-09-24T03:34:55Z,2,https://github.com/pytorch/pytorch/issues/163048
3420709570,163046,DISABLED test_fused_scaled_matmul_reduce_scatter_scatter_dim_0_rowwise_False (__main__.AsyncTPTest),closed,pytorch-bot[bot],2025-09-16T06:47:43Z,2025-10-17T16:37:16Z,2,https://github.com/pytorch/pytorch/issues/163046
3420625037,163045,DISABLED test_graph_break_bomb_backend_inductor_device_xpu (__main__.TestPackage),closed,chuanqi129,2025-09-16T06:21:26Z,2025-09-18T00:04:29Z,1,https://github.com/pytorch/pytorch/issues/163045
3420539917,163043,`parallelize_module` causing scatter,open,kwen2501,2025-09-16T05:52:16Z,2025-09-18T03:40:32Z,2,https://github.com/pytorch/pytorch/issues/163043
3420211791,163040,[torch.export.load] Passing an `ExportedProgram` raises `AttributeError: 'ExportedProgram' object has no attribute 'tell'` instead of a clear `TypeError`,open,tinywisdom,2025-09-16T03:42:52Z,2025-09-18T16:29:49Z,1,https://github.com/pytorch/pytorch/issues/163040
3420102058,163037,[compile/inductor][functionalization] `prims.broadcast_in_dim` triggers alias-annotation error under `torch.compile` (eager OK),open,tinywisdom,2025-09-16T02:38:34Z,2025-09-20T16:27:34Z,0,https://github.com/pytorch/pytorch/issues/163037
3420084248,163035,[MPS] max_unpool2d/max_unpool3d did not raise an error for invaid indices,closed,can-gaa-hou,2025-09-16T02:25:39Z,2025-09-19T05:13:24Z,0,https://github.com/pytorch/pytorch/issues/163035
3420029369,163033,"[ONNX][Legacy Exporter] Segmentation fault when `dynamic_axes` keys don’t match input/output names (should error, not crash)",open,tinywisdom,2025-09-16T01:50:18Z,2025-09-16T16:35:06Z,0,https://github.com/pytorch/pytorch/issues/163033
3419971477,163032,DISABLED test_lazy_backward_backend_eager_device_xpu (__main__.TestPackage),closed,etaf,2025-09-16T01:11:35Z,2025-09-18T00:04:28Z,1,https://github.com/pytorch/pytorch/issues/163032
3419920677,163026,Feedback about torch.nn.functional.scaled_dot_product_attention,closed,Seqaeon,2025-09-16T00:34:04Z,2025-09-18T04:50:08Z,2,https://github.com/pytorch/pytorch/issues/163026
3419729595,163013,Compiled HOPS do not support compilation when run under a custom DispatchMode,open,ydwu4,2025-09-15T22:36:40Z,2025-10-08T20:09:19Z,2,https://github.com/pytorch/pytorch/issues/163013
3419248994,162989,scaled_dot_product_attention does not support PrivateUse1,closed,zzzwen,2025-09-15T19:36:55Z,2025-10-01T23:18:49Z,5,https://github.com/pytorch/pytorch/issues/162989
3419101053,162985,DISABLED test_fused_all_gather_scaled_matmul_gather_dim_1_scale_mode_tensor-wise (__main__.AsyncTPTest),closed,pytorch-bot[bot],2025-09-15T18:47:33Z,2025-10-17T16:37:26Z,2,https://github.com/pytorch/pytorch/issues/162985
3418951935,162980,Adding custom function  to _allowed_determinism_checks_to_fns from model code,open,githubsgi,2025-09-15T17:59:32Z,2025-09-19T21:10:55Z,1,https://github.com/pytorch/pytorch/issues/162980
3418933724,162978,[CI] run_test.py mutes test errors,closed,kwen2501,2025-09-15T17:54:12Z,2025-09-17T23:22:03Z,9,https://github.com/pytorch/pytorch/issues/162978
3418809587,162976,DISABLED test_ring_flex_attention (__main__.RingFlexAttentionTest),closed,jeffdaily,2025-09-15T17:10:43Z,2025-09-26T23:27:00Z,2,https://github.com/pytorch/pytorch/issues/162976
3418781829,162973,[dynamo] GB_REGISTRY linter taking a long time,open,williamwen42,2025-09-15T17:01:30Z,2025-09-15T20:08:39Z,0,https://github.com/pytorch/pytorch/issues/162973
3418640175,162971,[CD] Reasonable time constraint for binary builds,open,malfet,2025-09-15T16:21:01Z,2025-09-23T20:23:03Z,1,https://github.com/pytorch/pytorch/issues/162971
3418632937,162970,[B200][grouped gemm] `test_grouped_gemm_compiled_op` fails on repeat,open,eqy,2025-09-15T16:18:46Z,2025-09-22T00:34:59Z,1,https://github.com/pytorch/pytorch/issues/162970
3418426943,162964,[feat] OpInfo-like concept for subclass edge conditions to handle,open,ezyang,2025-09-15T15:17:31Z,2025-09-18T01:14:03Z,1,https://github.com/pytorch/pytorch/issues/162964
3418335864,162962,[ci/cd] A couple of xpu nightly builds cancelled on 15/7,open,anitakat,2025-09-15T14:54:29Z,2025-09-22T06:28:30Z,5,https://github.com/pytorch/pytorch/issues/162962
3417855616,162958,DISABLED test_qconfig_multi_mapping_repr (__main__.TestFXNumericSuiteNShadows),closed,pytorch-bot[bot],2025-09-15T12:56:07Z,2025-10-03T23:26:57Z,2,https://github.com/pytorch/pytorch/issues/162958
3417716286,162957,torch.linalg.eigh uses a large amount of memory in pytorch 2.8.0,open,fjneumann,2025-09-15T12:18:40Z,2025-09-16T08:08:01Z,2,https://github.com/pytorch/pytorch/issues/162957
3416990390,162952,The FSDPModule.set_requires_gradient_sync should control reduce-scatter sync and all-reduce sync separately,closed,EquationWalker,2025-09-15T09:01:29Z,2025-09-21T03:01:33Z,3,https://github.com/pytorch/pytorch/issues/162952
3416928222,162949,regression on torch.export.export with local context,open,xadupre,2025-09-15T08:45:24Z,2025-09-16T00:09:16Z,1,https://github.com/pytorch/pytorch/issues/162949
3416771623,162948,Metadata object loses arbitrary attributes added dynamically,open,DamJanusz,2025-09-15T08:00:56Z,2025-09-18T01:13:04Z,0,https://github.com/pytorch/pytorch/issues/162948
3416441900,162940,[CI][CUDA][Distributed] test_fused_scaled_matmul_reduce_scatter_scatter_dim_0_rowwise_False fails due to accuracy mismatch,open,nWEIdia,2025-09-15T06:04:24Z,2025-09-18T01:11:35Z,0,https://github.com/pytorch/pytorch/issues/162940
3416424445,162939,DISABLED test_lazy_backward_backend_inductor_device_xpu (__main__.TestPackage),closed,etaf,2025-09-15T05:56:21Z,2025-09-18T00:04:27Z,1,https://github.com/pytorch/pytorch/issues/162939
3416381765,162938,DISABLED test_automatic_dynamo_graph_breaks_device_xpu (__main__.TestPackage),closed,etaf,2025-09-15T05:37:15Z,2025-09-18T00:04:28Z,1,https://github.com/pytorch/pytorch/issues/162938
3416369736,162937,DISABLED test_libtorch_free_so_xpu (__main__.AOTInductorTestABICompatibleGpu),closed,etaf,2025-09-15T05:31:06Z,2025-09-17T05:35:10Z,1,https://github.com/pytorch/pytorch/issues/162937
3416082125,162934,All nvshmem_triton tests are broken,closed,ngimel,2025-09-15T02:58:28Z,2025-09-18T01:52:34Z,2,https://github.com/pytorch/pytorch/issues/162934
3415934535,162931,Feedback about Out Notes,closed,donhuvy,2025-09-15T01:27:28Z,2025-09-15T01:37:45Z,0,https://github.com/pytorch/pytorch/issues/162931
3415874475,162930,DISABLED test_qconfig_multi_mapping_ordering (__main__.TestFXNumericSuiteNShadows),closed,pytorch-bot[bot],2025-09-15T01:01:33Z,2025-09-29T06:48:20Z,2,https://github.com/pytorch/pytorch/issues/162930
3415583933,162923,Method `.inference_mode()` can be misleading,closed,migperfer,2025-09-14T21:06:03Z,2025-09-24T20:07:17Z,1,https://github.com/pytorch/pytorch/issues/162923
3415571478,162922,"Dynamo does not support hasattr against jagged values, offsets, lengths; workaround included.",open,smithblack-0,2025-09-14T20:58:11Z,2025-09-15T19:36:43Z,2,https://github.com/pytorch/pytorch/issues/162922
3415383020,162918,`torch.embedding` should accept `indices` of dtype `torch.uint8`,open,AmitMY,2025-09-14T18:25:25Z,2025-09-22T16:29:45Z,1,https://github.com/pytorch/pytorch/issues/162918
3415379425,162917,[CI][CUDA][Distributed][Symmetric Memory] AsyncTPTest.test_fused_all_gather_matmul_native_symm_mem_input_False_is_b_row_major_False Failure,open,nWEIdia,2025-09-14T18:22:10Z,2025-09-18T01:03:56Z,2,https://github.com/pytorch/pytorch/issues/162917
3415185349,162911,`torch._foreach_...` functions error on zero-length inputs,open,peterdsharpe,2025-09-14T15:28:29Z,2025-09-17T20:28:54Z,2,https://github.com/pytorch/pytorch/issues/162911
3414991451,162909,RuntimeError: Intel XPU device doesn't support querying free memory on PyTorch 2.9+xpu (LN/L Arc 140V),closed,legend-7-7,2025-09-14T12:35:07Z,2025-09-23T08:26:20Z,10,https://github.com/pytorch/pytorch/issues/162909
3414938294,162908,new sparse tensor format implementation: tips,closed,ricvigi,2025-09-14T11:31:49Z,2025-09-14T22:07:20Z,1,https://github.com/pytorch/pytorch/issues/162908
3414855893,162907,Poor bf16 precision in backward torch.asin,open,wangtianxia-sjtu,2025-09-14T10:15:11Z,2025-09-17T20:30:36Z,5,https://github.com/pytorch/pytorch/issues/162907
3414589933,162898,Script ./export/unflaten.py has some bugs.,open,lileicaca,2025-09-14T05:19:54Z,2025-10-05T13:33:18Z,1,https://github.com/pytorch/pytorch/issues/162898
3414558258,162897,[CI][CUDA][Distributed][NVSHMEM][Triton] NVSHMEMTritonTest.test_triton_fence KeyError,open,nWEIdia,2025-09-14T04:38:46Z,2025-09-18T01:09:30Z,1,https://github.com/pytorch/pytorch/issues/162897
3413937030,162884,setup.py develop --cmake no longer works,open,ezyang,2025-09-13T18:16:25Z,2025-09-21T02:42:52Z,4,https://github.com/pytorch/pytorch/issues/162884
3413762053,162882,[docs] Fix typo in slice vs operation example,closed,tspeterkim,2025-09-13T16:14:27Z,2025-09-14T14:43:53Z,2,https://github.com/pytorch/pytorch/issues/162882
3413708212,162881,[CD] Windows all CUDA nightlies failed since Sept 11,closed,atalman,2025-09-13T15:39:10Z,2025-09-17T14:09:13Z,10,https://github.com/pytorch/pytorch/issues/162881
3413488771,162878,CUDA 13.0 Segmentation Fault in test/test_numba_integration.py::TestNumbaIntegration::test_array_adaptor,open,atalman,2025-09-13T13:32:43Z,2025-09-23T20:24:29Z,3,https://github.com/pytorch/pytorch/issues/162878
3413405911,162876,Feedback about torch.aminmax,closed,donhuvy,2025-09-13T12:52:03Z,2025-09-15T01:55:10Z,1,https://github.com/pytorch/pytorch/issues/162876
3412720096,162872,[MPS] dead lock when calling `Event.synchronize()` before `Event.elapsed_time()`,open,oraluben,2025-09-13T06:22:50Z,2025-09-13T22:19:42Z,0,https://github.com/pytorch/pytorch/issues/162872
3412711304,162871,[CI][CUDA][Distributed] TestDistBackendWithSpawn.test_gather_object Requires Exact World Size of 4,open,nWEIdia,2025-09-13T06:11:15Z,2025-09-21T05:27:51Z,3,https://github.com/pytorch/pytorch/issues/162871
3412544226,162870,[RFC] library function with 64+ arguments,open,tlsdmstn56,2025-09-13T04:03:09Z,2025-09-15T23:25:57Z,1,https://github.com/pytorch/pytorch/issues/162870
3412380937,162868,"Use FloorDiv, CleanDiv instead off // in compiler code when applied directly to sympy expressions",open,laithsakka,2025-09-13T01:31:13Z,2025-09-19T05:37:23Z,0,https://github.com/pytorch/pytorch/issues/162868
3412085299,162860,[dynamo] add more debug information to LazyVariableTrackers,closed,williamwen42,2025-09-12T22:29:40Z,2025-10-15T23:23:12Z,3,https://github.com/pytorch/pytorch/issues/162860
3412083011,162859,[RFC] support symmetric memory in torch.compile,open,zou3519,2025-09-12T22:27:49Z,2025-09-29T15:44:38Z,15,https://github.com/pytorch/pytorch/issues/162859
3412073642,162858,[dynamo] Add most recent bytecode/Python stack context to graph break developer error context,open,williamwen42,2025-09-12T22:22:20Z,2025-10-13T23:18:43Z,0,https://github.com/pytorch/pytorch/issues/162858
3412062732,162857,[dynamo] Add bytecode source attribution to VariableTrackers,open,williamwen42,2025-09-12T22:14:55Z,2025-10-09T17:40:58Z,4,https://github.com/pytorch/pytorch/issues/162857
3412036139,162854,Move test_quantization tests to run weekly,closed,jerryzh168,2025-09-12T21:56:16Z,2025-09-24T11:31:14Z,1,https://github.com/pytorch/pytorch/issues/162854
3412023178,162852,[dynamo] Clean up asserts/internal errors in Dynamo,open,williamwen42,2025-09-12T21:47:39Z,2025-09-15T18:43:07Z,0,https://github.com/pytorch/pytorch/issues/162852
3411912576,162848,[ONNX] Fix rotary embedding implementation,closed,justinchuby,2025-09-12T20:53:06Z,2025-09-16T03:30:08Z,0,https://github.com/pytorch/pytorch/issues/162848
3411833757,162845,[RFC] Bring up DLPack C Functions for Speedup and Streamline Exchange,open,tqchen,2025-09-12T20:17:33Z,2025-10-15T23:42:27Z,2,https://github.com/pytorch/pytorch/issues/162845
3411807669,162843,DISABLED test_ring_flex_attention_document_mask (__main__.RingFlexAttentionTest),closed,jeffdaily,2025-09-12T20:05:12Z,2025-09-26T23:27:01Z,2,https://github.com/pytorch/pytorch/issues/162843
3411710776,162838,[export] --export-aot-inductor failed on gpt2 models on transformers 4.56,closed,huydhn,2025-09-12T19:23:41Z,2025-09-18T19:23:26Z,4,https://github.com/pytorch/pytorch/issues/162838
3411709574,162837,XPU backend is falling back to run on the CPU.,open,fractal-fumbler,2025-09-12T19:23:15Z,2025-09-14T00:21:50Z,1,https://github.com/pytorch/pytorch/issues/162837
3411647098,162835,"`torch.compile` graph breaks on `next(..., default_obj)`",open,StrongerXi,2025-09-12T19:04:01Z,2025-10-09T08:51:40Z,2,https://github.com/pytorch/pytorch/issues/162835
3411600217,162833,DISABLED test_fused_all_gather_scaled_matmul_gather_dim_1_scale_mode_row-wise-sharded (__main__.AsyncTPTest),closed,pytorch-bot[bot],2025-09-12T18:47:10Z,2025-10-17T16:37:31Z,2,https://github.com/pytorch/pytorch/issues/162833
3411590804,162832,[RFC] Arbitrarily toggle error/resume on graph break in torch.compile,open,williamwen42,2025-09-12T18:44:08Z,2025-09-19T05:37:46Z,0,https://github.com/pytorch/pytorch/issues/162832
3411556432,162831,Error running decompositions on exported module with dynamic shapes and star argument.,open,ysiraichi,2025-09-12T18:32:51Z,2025-09-18T01:09:53Z,0,https://github.com/pytorch/pytorch/issues/162831
3411345843,162824,[ci/cd] Errors on s390x cpu build,closed,anitakat,2025-09-12T17:27:17Z,2025-09-23T20:27:40Z,2,https://github.com/pytorch/pytorch/issues/162824
3411271898,162822,Pipeline parallelism does not correctly initialize backwards stages when evaluating before training.,closed,BlueCrescent,2025-09-12T17:03:23Z,2025-09-25T15:13:23Z,0,https://github.com/pytorch/pytorch/issues/162822
3411146673,162820,[CI][CUDA][Distributed] test_ring_flex_attention failed on 8xB200 Runner,open,nWEIdia,2025-09-12T16:29:01Z,2025-09-22T22:23:48Z,3,https://github.com/pytorch/pytorch/issues/162820
3410901518,162817,[FakeTensor][ATen] Inconsistent behaviours of view_copy in Eager and FakeTensor mode,open,YufengShi-dudu,2025-09-12T15:18:34Z,2025-09-30T14:00:16Z,1,https://github.com/pytorch/pytorch/issues/162817
3410897231,162816,DISABLED test_cudnn_convolution_relu_cuda_float16 (__main__.TestConvolutionNNDeviceTypeCUDA),closed,jeffdaily,2025-09-12T15:17:16Z,2025-10-02T20:36:57Z,2,https://github.com/pytorch/pytorch/issues/162816
3410851236,162813,PyTorch2.10.0.dev+xpu generates black images in ComfyUI.,open,milkystor,2025-09-12T15:04:09Z,2025-09-22T06:57:43Z,6,https://github.com/pytorch/pytorch/issues/162813
3410823064,162812,Make torch.random.get_rng_state take a device argument,closed,ezyang,2025-09-12T14:56:34Z,2025-10-04T06:48:42Z,11,https://github.com/pytorch/pytorch/issues/162812
3410574855,162805,"torch.linalg.eigh(torch.randn(4096,4096)) fails on cpu",closed,ovidiu127,2025-09-12T13:45:49Z,2025-09-12T15:39:56Z,1,https://github.com/pytorch/pytorch/issues/162805
3410387937,162802,DISABLED test_detect_leak_nonstrict_inline_and_install_strict (__main__.InlineAndInstallStrictExportTestExport),closed,pytorch-bot[bot],2025-09-12T12:56:22Z,2025-09-29T12:59:08Z,2,https://github.com/pytorch/pytorch/issues/162802
3410310850,162801,heap-buffer-overflow in torch.equal,closed,cx104906,2025-09-12T12:33:45Z,2025-09-12T17:28:42Z,2,https://github.com/pytorch/pytorch/issues/162801
3410272177,162800,Aborted in torch.Tensor.tolist,closed,cx104906,2025-09-12T12:20:28Z,2025-09-12T19:41:45Z,1,https://github.com/pytorch/pytorch/issues/162800
3409855637,162798,[MPS] torch.nanmedian returns 0 for empty input,closed,can-gaa-hou,2025-09-12T10:10:06Z,2025-09-12T22:26:32Z,1,https://github.com/pytorch/pytorch/issues/162798
3409800964,162797,Segmentation fault in mkl_blas_avx512_dgemv_t_intrinsics,open,SachinBM-CE,2025-09-12T09:57:05Z,2025-09-13T07:48:28Z,2,https://github.com/pytorch/pytorch/issues/162797
3409116658,162793,DISABLED test_guard_serialization_fsdp_module (__main__.TestGuardSerializationFSDP),open,pytorch-bot[bot],2025-09-12T06:47:20Z,2025-09-12T12:55:37Z,2,https://github.com/pytorch/pytorch/issues/162793
3409106126,162792,test_GroupNorm_general_cpu in test/test_nn.py got TorchRuntimeError with PYTORCH_TEST_WITH_DYNAMO=1,open,daisyden,2025-09-12T06:44:24Z,2025-09-20T16:36:48Z,0,https://github.com/pytorch/pytorch/issues/162792
3409006246,162790,torch.tensor and torch.as_tensor flatten (concatenates) list of 1d tensors instead of nesting them,open,minerharry,2025-09-12T06:02:44Z,2025-09-18T01:11:07Z,0,https://github.com/pytorch/pytorch/issues/162790
3408592649,162786,[MSVC] LINK : fatal error LNK1181: cannot open input file 'sleef\src\libm\CMakeFiles\mkrename.dir\mkrename.c.obj',open,QuellaZhang,2025-09-12T02:14:07Z,2025-09-18T01:12:51Z,2,https://github.com/pytorch/pytorch/issues/162786
3408470203,162783,DISABLED test_qconfig_multi_mapping_insert_padding (__main__.TestFXNumericSuiteNShadows),closed,pytorch-bot[bot],2025-09-12T01:03:43Z,2025-09-26T06:48:01Z,3,https://github.com/pytorch/pytorch/issues/162783
3408444859,162782,Is `torch.nn.functional.gumbel_softmax` going to be deprecated?,open,michaelfortunato,2025-09-12T00:48:11Z,2025-09-19T17:36:22Z,1,https://github.com/pytorch/pytorch/issues/162782
3408422081,162780,Prebuilt Wheels supporting T4G,open,slambert-git,2025-09-12T00:31:35Z,2025-09-12T01:56:28Z,1,https://github.com/pytorch/pytorch/issues/162780
3408327319,162769,[CI][CUDA][Build][Blackwell] Build Failure,closed,nWEIdia,2025-09-11T23:30:47Z,2025-09-12T05:02:12Z,2,https://github.com/pytorch/pytorch/issues/162769
3408246509,162762,Voxtral + Export/AOTI,closed,manuelcandales,2025-09-11T22:53:33Z,2025-10-08T00:38:51Z,6,https://github.com/pytorch/pytorch/issues/162762
3408050463,162756,torch.compile fails with NameError when helper functions are required and combo_kernels enabled,closed,karthickai,2025-09-11T21:12:51Z,2025-09-12T20:01:09Z,0,https://github.com/pytorch/pytorch/issues/162756
3408047228,162755,"Ideally, we should not use `require_exact_world_size(4)` if we only have 8-GPU runners",open,nWEIdia,2025-09-11T21:11:30Z,2025-09-15T15:00:29Z,1,https://github.com/pytorch/pytorch/issues/162755
3407981970,162748,[CI][CUDA][Distributed]  test_3_level_hierarchical_model_averager Works on 4-GPU runner but requires explicit WORLD_SIZE=4 on 8-GPU runner,open,nWEIdia,2025-09-11T20:43:05Z,2025-09-11T22:52:07Z,0,https://github.com/pytorch/pytorch/issues/162748
3407959864,162746,[CI][CUDA][Distributed] StageNegativeTest.test_shape_prop_mismatch  Works on 4-GPU runner but Fails on 8-GPU runner,closed,nWEIdia,2025-09-11T20:33:19Z,2025-10-02T01:13:53Z,0,https://github.com/pytorch/pytorch/issues/162746
3407912520,162745,[CI][CUDA][Distributed] python test/distributed/test_data_parallel.py TestDataParallel.test_data_parallel_rnn p1.allclose(p2) False,open,nWEIdia,2025-09-11T20:15:39Z,2025-09-11T20:27:35Z,0,https://github.com/pytorch/pytorch/issues/162745
3407822951,162743,"[CI][CUDA][Distributed] test_ring_attention_sdpa Runtime Error ""The size of tensor a (64) must match the size of tensor b (8) at non-singleton dimension 2  """,closed,nWEIdia,2025-09-11T19:39:02Z,2025-09-20T06:13:48Z,0,https://github.com/pytorch/pytorch/issues/162743
3407686880,162742,DISABLED test_fused_all_gather_scaled_matmul_gather_dim_1_scale_mode_row-wise-replicated (__main__.AsyncTPTest),closed,pytorch-bot[bot],2025-09-11T18:45:54Z,2025-10-17T16:37:36Z,2,https://github.com/pytorch/pytorch/issues/162742
3407686417,162741,`torch.distributed.pipelining` Llama 2 and 3 Results Torch Dynamo Compiled Error,open,zixianwang2022,2025-09-11T18:45:43Z,2025-09-16T17:25:43Z,1,https://github.com/pytorch/pytorch/issues/162741
3407486916,162734,Run decomposition fails for prims.broadcast_in_dim,open,justinchuby,2025-09-11T17:32:46Z,2025-09-16T00:08:19Z,1,https://github.com/pytorch/pytorch/issues/162734
3407242998,162731,DTensor cached op propagation results can be mutated when propagating other ops,open,xmfan,2025-09-11T16:18:09Z,2025-09-15T17:09:54Z,1,https://github.com/pytorch/pytorch/issues/162731
3407191804,162730,MPS F.Linear producing inconsistent results between contiguous and non-contiguous tensors.,closed,gwherb,2025-09-11T16:03:00Z,2025-09-12T22:44:12Z,3,https://github.com/pytorch/pytorch/issues/162730
3407013840,162728,Significant Numerical Inconsistencies After torch.compile() for Local Attention Model,open,zhouxiaoyaozzz,2025-09-11T15:13:34Z,2025-10-14T02:31:38Z,2,https://github.com/pytorch/pytorch/issues/162728
3406930629,162727,Torch Compile Fails with torchdiffeq Due to Enum Handling in ODE Solvers,open,zhouxiaoyaozzz,2025-09-11T14:53:51Z,2025-10-16T16:34:44Z,1,https://github.com/pytorch/pytorch/issues/162727
3406817036,162725,conv_transpose3d output and Inconsistent inference results after compilation,closed,Cookiee235,2025-09-11T14:26:03Z,2025-09-16T03:35:09Z,3,https://github.com/pytorch/pytorch/issues/162725
3406585209,162723,torch.compile Introduces Significant Numerical Errors in Boltzmann Machine Model,closed,zhouxiaoyaozzz,2025-09-11T13:31:20Z,2025-09-21T04:38:12Z,2,https://github.com/pytorch/pytorch/issues/162723
3406481407,162722,Severe Numerical Inconsistency with torch.compile() on Transformer Model,closed,zhouxiaoyaozzz,2025-09-11T13:05:26Z,2025-09-21T00:56:37Z,3,https://github.com/pytorch/pytorch/issues/162722
3406268435,162719,linalg.eig does not get parallelized on CPU,open,krokosik,2025-09-11T12:09:57Z,2025-10-02T12:03:49Z,5,https://github.com/pytorch/pytorch/issues/162719
3405545434,162714,Feedback about torch.tensor_split,closed,koala-good,2025-09-11T09:00:28Z,2025-09-11T15:18:17Z,2,https://github.com/pytorch/pytorch/issues/162714
3405498475,162712,FPE in torch.range,open,cx104906,2025-09-11T08:49:14Z,2025-09-11T21:44:42Z,1,https://github.com/pytorch/pytorch/issues/162712
3405435743,162711,`scatter` / `gather` index type unclear,open,Enigmatisms,2025-09-11T08:31:52Z,2025-09-11T22:04:48Z,3,https://github.com/pytorch/pytorch/issues/162711
3405409263,162710,Feedback about 张量属性,closed,koala-good,2025-09-11T08:25:02Z,2025-09-11T15:28:13Z,2,https://github.com/pytorch/pytorch/issues/162710
3405237031,162708,[Operator Benchmark] arange_test of the operator benchmark failed with 0910 nightly whl,closed,LifengWang,2025-09-11T07:38:44Z,2025-09-12T06:51:17Z,0,https://github.com/pytorch/pytorch/issues/162708
3405061000,162704,DISABLED test_torch_function_all_disabled_api (__main__.TestTorchFunctionMode),open,pytorch-bot[bot],2025-09-11T06:47:19Z,2025-10-07T06:50:57Z,5,https://github.com/pytorch/pytorch/issues/162704
3405060623,162703,DISABLED test_conv2d_unary_dynamic_shapes_cpu (__main__.TestDynamicPatternMatcherGenericCPU),closed,pytorch-bot[bot],2025-09-11T06:47:15Z,2025-09-25T06:47:58Z,2,https://github.com/pytorch/pytorch/issues/162703
3404905648,162700,"RuntimeError: The tensor has a non-zero number of elements, but its data is not allocated yet during torch.backward with InternVL",open,SStoica12,2025-09-11T05:55:45Z,2025-09-15T20:45:48Z,1,https://github.com/pytorch/pytorch/issues/162700
3404859779,162697,[ONNX] Set fallback=False by default,closed,justinchuby,2025-09-11T05:34:14Z,2025-09-11T18:10:02Z,2,https://github.com/pytorch/pytorch/issues/162697
3404746367,162692,Incorrect results of DTensor.mean with uneven sharding,closed,ppwwyyxx,2025-09-11T04:44:11Z,2025-09-18T19:53:54Z,7,https://github.com/pytorch/pytorch/issues/162692
3404648936,162687,custom op with torch.compile backward error when op has default arguments,open,FindDefinition,2025-09-11T03:49:16Z,2025-09-15T18:48:09Z,1,https://github.com/pytorch/pytorch/issues/162687
3404600003,162685,Prevent py::class_ with no pointer type from being used on structs that inherit from intrusive_ptr_target,open,ezyang,2025-09-11T03:27:57Z,2025-09-11T15:14:22Z,1,https://github.com/pytorch/pytorch/issues/162685
3404585302,162683,torch.matmul regression on CPU,closed,jiqing-feng,2025-09-11T03:22:34Z,2025-09-18T06:51:14Z,4,https://github.com/pytorch/pytorch/issues/162683
3404373451,162677,DISABLED test_reentrant_mode_idiom (__main__.TestTorchFunctionMode),open,pytorch-bot[bot],2025-09-11T01:02:39Z,2025-10-07T01:05:32Z,7,https://github.com/pytorch/pytorch/issues/162677
3404373388,162676,DISABLED test_ddp_model_diff_shape_across_ranks (__main__.TestDistBackendWithSpawn),open,pytorch-bot[bot],2025-09-11T01:02:36Z,2025-09-11T06:46:54Z,2,https://github.com/pytorch/pytorch/issues/162676
3404373056,162675,DISABLED test_qconfig_multi_mapping_from_list (__main__.TestFXNumericSuiteNShadows),closed,pytorch-bot[bot],2025-09-11T01:02:33Z,2025-09-25T06:48:01Z,3,https://github.com/pytorch/pytorch/issues/162675
3404355666,162674,"NotImplementedError: ""addmm_sparse_cuda"" not implemented for 'Half'",open,wangmiaowei,2025-09-11T00:49:26Z,2025-09-11T14:52:17Z,0,https://github.com/pytorch/pytorch/issues/162674
3404318545,162671,Compilation time debugging: construction sympy.Min/Max can be very slow,open,shunting314,2025-09-11T00:21:08Z,2025-09-11T06:30:21Z,7,https://github.com/pytorch/pytorch/issues/162671
3404252914,162668,ReduceOp has incorrect py::class_ binding,open,ezyang,2025-09-10T23:47:02Z,2025-09-11T15:12:25Z,1,https://github.com/pytorch/pytorch/issues/162668
3403912537,162640,CpuTritonKernelManager.cpp undefined reference to symbol 'dlsym@@GLIBC_2.17',closed,robert-hardwick,2025-09-10T20:53:40Z,2025-09-14T18:59:59Z,7,https://github.com/pytorch/pytorch/issues/162640
3403899071,162638,Gradient Clipping in Pipeline Parallelism Schedules,open,nvlas,2025-09-10T20:48:20Z,2025-09-11T15:12:36Z,0,https://github.com/pytorch/pytorch/issues/162638
3403773386,162630,[RFC] Intrusive Caching DLPack for Fast Conversion,closed,tqchen,2025-09-10T20:00:53Z,2025-09-12T20:26:48Z,15,https://github.com/pytorch/pytorch/issues/162630
3403570510,162624,DISABLED test_modes_handle_first (__main__.TestTorchFunctionMode),open,pytorch-bot[bot],2025-09-10T18:51:44Z,2025-10-06T06:46:41Z,6,https://github.com/pytorch/pytorch/issues/162624
3403570378,162623,DISABLED test_fused_all_gather_scaled_matmul_gather_dim_0_scale_mode_tensor-wise (__main__.AsyncTPTest),closed,pytorch-bot[bot],2025-09-10T18:51:41Z,2025-10-17T16:37:43Z,2,https://github.com/pytorch/pytorch/issues/162623
3403265711,162613,"Documentation Improvement: ""torch.is_storage"" needs adding an example",closed,rohit-kumar-manav,2025-09-10T17:27:14Z,2025-09-11T20:25:28Z,1,https://github.com/pytorch/pytorch/issues/162613
3403172334,162612,Multiprocessing dataloader raised rumtime error on mac,open,jiannanWang,2025-09-10T16:56:05Z,2025-09-11T15:16:20Z,1,https://github.com/pytorch/pytorch/issues/162612
3403046938,162607,AOTI FXIR is flaky when using multiple threads,open,angelayi,2025-09-10T16:09:28Z,2025-09-16T00:08:01Z,0,https://github.com/pytorch/pytorch/issues/162607
3403032177,162606,Tensorpipe - ROCm support,open,pruthvistony,2025-09-10T16:03:52Z,2025-10-17T19:39:39Z,4,https://github.com/pytorch/pytorch/issues/162606
3402980285,162604,torch.as_strided_scatter creates different output in cpu and cuda,closed,qiqicliff,2025-09-10T15:44:29Z,2025-09-11T01:00:17Z,2,https://github.com/pytorch/pytorch/issues/162604
3402938122,162602,torch.argsort can't sort correctly in CUDA when meeting  large float,closed,qiqicliff,2025-09-10T15:30:50Z,2025-09-10T19:15:52Z,1,https://github.com/pytorch/pytorch/issues/162602
3402909575,162601,libtorch-rocm6_3 & libtorch-rocm6_4  jobs cancelled over the past 3 days,closed,anitakat,2025-09-10T15:22:02Z,2025-09-25T14:08:32Z,3,https://github.com/pytorch/pytorch/issues/162601
3402874606,162599,compiled module after torch.export.export fails with *args and dynamic shapes,closed,xadupre,2025-09-10T15:11:40Z,2025-09-12T00:33:39Z,3,https://github.com/pytorch/pytorch/issues/162599
3402803326,162598,The documentation of main branch has not been updated for a long while.,closed,FFFrog,2025-09-10T14:51:20Z,2025-09-12T04:21:36Z,4,https://github.com/pytorch/pytorch/issues/162598
3402624212,162592,Multi-Batching in F.scaled_dot_product_attention does not work.,open,Jostarndt,2025-09-10T14:03:20Z,2025-09-11T15:31:59Z,0,https://github.com/pytorch/pytorch/issues/162592
3402535230,162591,"SequentialLR scheduler, bug with last_epoch = N",open,Jostarndt,2025-09-10T13:38:21Z,2025-09-11T15:31:47Z,0,https://github.com/pytorch/pytorch/issues/162591
3402483717,162588,scaled_dot_product_attention produces incorrect results with attn_mask on large sequence lengths,open,Luo-Yihang,2025-09-10T13:23:22Z,2025-09-11T15:31:53Z,0,https://github.com/pytorch/pytorch/issues/162588
3402380911,162586,DISABLED test_getitem_call (__main__.TestTorchFunctionMode),open,pytorch-bot[bot],2025-09-10T12:56:00Z,2025-10-06T01:02:06Z,5,https://github.com/pytorch/pytorch/issues/162586
3402380759,162585,DISABLED test_qconfig_multi_mapping_end_to_end (__main__.TestFXNumericSuiteNShadows),closed,pytorch-bot[bot],2025-09-10T12:55:57Z,2025-09-24T12:56:54Z,3,https://github.com/pytorch/pytorch/issues/162585
3402380609,162584,DISABLED test_new_subgroups_by_enumeration (__main__.TestDistBackendWithSpawn),open,pytorch-bot[bot],2025-09-10T12:55:54Z,2025-09-10T12:55:57Z,1,https://github.com/pytorch/pytorch/issues/162584
3402258265,162582,calling _record_memory_history(enabled=None) before _dump_snapshot would clear the timestamp information,open,youkaichao,2025-09-10T12:23:44Z,2025-09-11T15:33:53Z,0,https://github.com/pytorch/pytorch/issues/162582
3401570058,162574,Add warning about GPU/cuDNN incompatibility caused by dropped support for SM<7.5 since cuDNN 9.11.0,open,akdanz,2025-09-10T08:56:00Z,2025-09-22T22:41:52Z,6,https://github.com/pytorch/pytorch/issues/162574
3400980964,162570,ONNX export of atan2 produces different result than `torch.atan2` when input is zero,closed,robertknight,2025-09-10T05:29:25Z,2025-09-11T14:26:19Z,4,https://github.com/pytorch/pytorch/issues/162570
3400668449,162561,"[fuzzer] RuntimeError: self.stride(-1) must be 1 to view ComplexDouble as Double (different element sizes), but got 10",closed,laithsakka,2025-09-10T02:39:45Z,2025-09-22T21:53:06Z,1,https://github.com/pytorch/pytorch/issues/162561
3400478943,162554,DISABLED test_basic_tensor_add (__main__.FxGraphRunnableTest),open,pytorch-bot[bot],2025-09-10T01:02:40Z,2025-09-10T01:02:43Z,1,https://github.com/pytorch/pytorch/issues/162554
3400463881,162553,bmm and baddbmm perf regression on CPU,closed,huydhn,2025-09-10T00:50:43Z,2025-09-18T21:01:47Z,11,https://github.com/pytorch/pytorch/issues/162553
3399645536,162522,torch.compile generated wrong graph when tracing torch.use_deterministic_algorithms,open,yanboliang,2025-09-09T19:17:57Z,2025-09-20T16:37:04Z,9,https://github.com/pytorch/pytorch/issues/162522
3399551914,162517,DISABLED test_fused_all_gather_scaled_matmul_gather_dim_0_scale_mode_row-wise-sharded (__main__.AsyncTPTest),closed,pytorch-bot[bot],2025-09-09T18:46:55Z,2025-10-17T16:37:47Z,2,https://github.com/pytorch/pytorch/issues/162517
3399459668,162512,Default Google Search to Off in docs,open,janeyx99,2025-09-09T18:14:06Z,2025-09-09T18:24:50Z,1,https://github.com/pytorch/pytorch/issues/162512
3399326198,162507,Failing Operator benchmarks CI job,closed,jainapurva,2025-09-09T17:27:11Z,2025-09-22T20:58:53Z,1,https://github.com/pytorch/pytorch/issues/162507
3399207593,162504,torch.utils.checkpoint.checkpoint does not work under stream capture to a cuda graph,closed,galv,2025-09-09T16:52:59Z,2025-09-17T03:57:38Z,0,https://github.com/pytorch/pytorch/issues/162504
3399087140,162497,[v.2.9.0] Release Tracker,closed,atalman,2025-09-09T16:11:39Z,2025-10-16T13:18:14Z,93,https://github.com/pytorch/pytorch/issues/162497
3398756101,162489,BatchNorm1d exhibits NaN outputs on GPU due to extreme input values causing numerical instability.,open,qiqicliff,2025-09-09T14:33:58Z,2025-09-09T18:28:13Z,0,https://github.com/pytorch/pytorch/issues/162489
3398719213,162486,'torch.utils.data.random_split' fails when default device is 'cuda',closed,lwelzel,2025-09-09T14:24:10Z,2025-09-11T06:16:45Z,5,https://github.com/pytorch/pytorch/issues/162486
3398368828,162483,DISABLED test_broadcast_collective (__main__.FxGraphRunnableTest),closed,pytorch-bot[bot],2025-09-09T12:59:51Z,2025-09-23T18:50:29Z,2,https://github.com/pytorch/pytorch/issues/162483
3398220449,162482,[sparse] `torch._sparse_broadcast_to` creates false-positive coalesced tensors with inputs of shape `()`,open,nikitaved,2025-09-09T12:27:35Z,2025-09-11T15:34:52Z,0,https://github.com/pytorch/pytorch/issues/162482
3398094703,162481,Incosistent tracking of device activities when calling profiler.step() in torch profiler,open,youkaichao,2025-09-09T11:58:11Z,2025-10-08T18:17:11Z,1,https://github.com/pytorch/pytorch/issues/162481
3397871684,162480,missing float handling in function rebind_unbacked() (torch.fx.experimental.symbolic_shapes.py) for AOTInductor,closed,ColsonZhang,2025-09-09T10:52:05Z,2025-09-20T20:58:29Z,4,https://github.com/pytorch/pytorch/issues/162480
3397454481,162476,heap-buffer-overflow in torch.quantized_max_pool2d via Python API,open,cx104906,2025-09-09T09:13:53Z,2025-09-11T15:33:20Z,2,https://github.com/pytorch/pytorch/issues/162476
3397301294,162473,Floating point exception (core dumped) for nonzero_static operator,closed,Cookiee235,2025-09-09T08:37:08Z,2025-09-15T05:44:19Z,1,https://github.com/pytorch/pytorch/issues/162473
3397138722,162466,Launch one kernel take long time.,open,Asecretboy,2025-09-09T07:58:14Z,2025-09-09T21:04:30Z,1,https://github.com/pytorch/pytorch/issues/162466
3396924425,162464,DISABLED test_return_aux_deprecation_warnings_cuda_float16 (__main__.TestFlexAttentionCUDA),open,pytorch-bot[bot],2025-09-09T06:48:30Z,2025-10-08T01:06:47Z,7,https://github.com/pytorch/pytorch/issues/162464
3396924331,162463,DISABLED test_fused_all_gather_scaled_matmul_gather_dim_0_scale_mode_row-wise-replicated (__main__.AsyncTPTest),closed,pytorch-bot[bot],2025-09-09T06:48:27Z,2025-10-17T16:37:52Z,2,https://github.com/pytorch/pytorch/issues/162463
3396923925,162462,DISABLED test_interaction_with_triton_template (__main__.LoopOrderingTest),open,pytorch-bot[bot],2025-09-09T06:48:24Z,2025-09-09T12:59:01Z,2,https://github.com/pytorch/pytorch/issues/162462
3396923810,162461,DISABLED test_detect_leak_nonstrict_strict_export_v2 (__main__.StrictExportV2TestExport),closed,pytorch-bot[bot],2025-09-09T06:48:21Z,2025-09-29T12:58:57Z,3,https://github.com/pytorch/pytorch/issues/162461
3396690707,162458,torch.float8_e5m2 unique() functionality support,open,karam-nus,2025-09-09T05:28:23Z,2025-09-09T21:01:37Z,1,https://github.com/pytorch/pytorch/issues/162458
3396560764,162456,[ONNX] Expose `torch.onnx.testing`,closed,justinchuby,2025-09-09T04:36:10Z,2025-09-10T20:34:13Z,0,https://github.com/pytorch/pytorch/issues/162456
3396360751,162453,test/distributed/_tools/test_sac_ilp.py::TestSACILP::test_sac_ilp_case1 is seemingly not run in CI,open,ezyang,2025-09-09T02:58:49Z,2025-10-10T02:33:51Z,4,https://github.com/pytorch/pytorch/issues/162453
3396347884,162452,DISABLED test_while_loop_with_unbacked_symint_closure_device_xpu_dynamic_True_autograd_True (__main__.WhileLoopTests),closed,etaf,2025-09-09T02:52:11Z,2025-09-12T23:02:41Z,2,https://github.com/pytorch/pytorch/issues/162452
3396347015,162451,Some Windows AOTI UTs regression,open,xuhancn,2025-09-09T02:51:27Z,2025-09-11T00:12:36Z,2,https://github.com/pytorch/pytorch/issues/162451
3396334692,162449,optimum-cli export onnx for model intfloat/multilingual-e5-large-instruct fails with sufficient accuracy,open,david-sitsky,2025-09-09T02:42:08Z,2025-09-22T18:38:48Z,0,https://github.com/pytorch/pytorch/issues/162449
3396181238,162445,DISABLED test_detect_leak_nonstrict_strict (__main__.StrictExportTestExport),closed,pytorch-bot[bot],2025-09-09T01:02:04Z,2025-09-29T12:59:00Z,2,https://github.com/pytorch/pytorch/issues/162445
3396181148,162444,DISABLED test_qconfig_multi_mapping_deduplication (__main__.TestFXNumericSuiteNShadows),closed,pytorch-bot[bot],2025-09-09T01:02:01Z,2025-09-23T01:03:11Z,2,https://github.com/pytorch/pytorch/issues/162444
3396095362,162436,DISABLED test_return_max__squared_xpu_float32 (__main__.TestFlexAttentionXPU),closed,etaf,2025-09-09T00:06:06Z,2025-09-10T06:48:03Z,1,https://github.com/pytorch/pytorch/issues/162436
3396094909,162435,DISABLED test_fw_bw_graph_correctness_xpu (__main__.TestFlexAttentionXPU),closed,etaf,2025-09-09T00:05:47Z,2025-09-10T06:48:03Z,1,https://github.com/pytorch/pytorch/issues/162435
3396035869,162430,OverflowError (Python int too large to convert to C long) raised in StaticCudaLauncher,closed,jggrant,2025-09-08T23:26:25Z,2025-09-18T10:50:24Z,3,https://github.com/pytorch/pytorch/issues/162430
3396027354,162429,"[CUDA][Distributed][CI] PyTorch Encounters ""CUDA driver error: invalid argument"" Failures with Distributed CUDASymmetricMemory Tests on B200",closed,nWEIdia,2025-09-08T23:21:03Z,2025-10-01T09:07:52Z,5,https://github.com/pytorch/pytorch/issues/162429
3395848444,162422,Runtime failure when running torch.compile() & using GCC 11.5.0 on Neoverse V1,open,Rohanjames1997,2025-09-08T21:45:45Z,2025-09-11T15:30:18Z,2,https://github.com/pytorch/pytorch/issues/162422
3395728762,162415,[dynamo] Weird interaction between fullgraph=True and skipped frames,open,williamwen42,2025-09-08T21:01:22Z,2025-09-12T19:56:21Z,0,https://github.com/pytorch/pytorch/issues/162415
3395607327,162410,incorrect fusion cause numerical issue,closed,shunting314,2025-09-08T20:24:35Z,2025-09-11T18:27:18Z,1,https://github.com/pytorch/pytorch/issues/162410
3395544838,162408,[bug] torch.cumsum incorrect results on int32 input tensors,closed,GD06,2025-09-08T20:08:37Z,2025-09-08T20:14:32Z,1,https://github.com/pytorch/pytorch/issues/162408
3395168493,162403,"CUDA not available on WSL with custom-built PyTorch for Blackwell architecture (Compute Capability 12.0)""",closed,anarcoiris,2025-09-08T18:12:50Z,2025-09-14T15:49:34Z,5,https://github.com/pytorch/pytorch/issues/162403
3395085461,162402,Issue with torch.compile - sm110a(Nvidia Jetson Thor),open,shahizat,2025-09-08T17:44:17Z,2025-09-11T00:05:09Z,5,https://github.com/pytorch/pytorch/issues/162402
3395006616,162398,Unexpected variable type when parsing YAML in torchgen,open,apach301,2025-09-08T17:14:39Z,2025-09-08T23:19:13Z,1,https://github.com/pytorch/pytorch/issues/162398
3394993082,162397,Incorrect tag parsing when parsing YAML in torchgen,closed,apach301,2025-09-08T17:09:13Z,2025-09-08T21:29:23Z,1,https://github.com/pytorch/pytorch/issues/162397
3394977311,162395,Missing validation of input argument when parsing YAML in torchgen,closed,apach301,2025-09-08T17:03:34Z,2025-09-08T21:29:43Z,2,https://github.com/pytorch/pytorch/issues/162395
3394859840,162390,DISABLED test_epilogue_fusion_with_view (__main__.CudaReproTests),closed,davidberard98,2025-09-08T16:20:45Z,2025-09-11T18:19:18Z,1,https://github.com/pytorch/pytorch/issues/162390
3394643352,162386,Cannot trace out joint from non-strict export for model with activation checkpointing (AC),open,ezyang,2025-09-08T15:15:27Z,2025-09-16T00:07:20Z,1,https://github.com/pytorch/pytorch/issues/162386
3394118130,162382,DISABLED test_partial_qconfig_mapping (__main__.TestFXNumericSuiteNShadows),closed,pytorch-bot[bot],2025-09-08T12:57:19Z,2025-10-03T23:26:55Z,6,https://github.com/pytorch/pytorch/issues/162382
3394117944,162381,DISABLED test_fused_all_gather_matmul_native_symm_mem_input_True_is_b_row_major_True (__main__.AsyncTPTest),closed,pytorch-bot[bot],2025-09-08T12:57:16Z,2025-10-17T16:37:57Z,2,https://github.com/pytorch/pytorch/issues/162381
3393840091,162379,Feedback about torch.autograd.grad,closed,tung-qle,2025-09-08T11:41:32Z,2025-09-08T17:03:42Z,0,https://github.com/pytorch/pytorch/issues/162379
3393827653,162378,Assertion failed error in torch.Tensor.bernoulli,closed,cx104906,2025-09-08T11:37:34Z,2025-09-08T16:26:42Z,1,https://github.com/pytorch/pytorch/issues/162378
3393693413,162376,[ONNX] Regression in 2.8.0: exporting LSTM with `nn.utils.weight_norm` aborts in legacy TorchScript exporter (works in 2.7.1),open,tinywisdom,2025-09-08T10:55:38Z,2025-09-09T01:26:51Z,3,https://github.com/pytorch/pytorch/issues/162376
3393317716,162375,`torch.compile` fails with `pack_padded_sequence` + `pad_packed_sequence` (FakeTensor error),open,tinywisdom,2025-09-08T09:10:12Z,2025-09-10T07:56:36Z,2,https://github.com/pytorch/pytorch/issues/162375
3393287445,162374,"`torch.compile` fails on `pad_packed_sequence` after GRU with `PackedSequence` (FakeTensor ""data is not allocated"" error)",open,tinywisdom,2025-09-08T09:01:52Z,2025-09-15T18:35:27Z,1,https://github.com/pytorch/pytorch/issues/162374
3393095518,162373,Pylint E1102: torch.fft.rfft/istft/irfft and more is not callable,open,ananthavel-s-20111,2025-09-08T08:08:25Z,2025-09-08T15:50:36Z,1,https://github.com/pytorch/pytorch/issues/162373
3392818980,162367,libnvrtc.so failure in TestCompileKernel.test_compile_kernel,closed,tinglvv,2025-09-08T06:34:30Z,2025-10-13T18:48:57Z,11,https://github.com/pytorch/pytorch/issues/162367
3392761828,162366,[Windows][CPU] 10 inductor UT failed with CPP wrapper using 0903 nightly whl on windows,open,LifengWang,2025-09-08T06:12:46Z,2025-09-11T15:30:24Z,0,https://github.com/pytorch/pytorch/issues/162366
3392728842,162365,[Windows][CPU] 3 UT of test/inductor/test_torchinductor.py failed with 0903 nightly whl on windows,open,LifengWang,2025-09-08T05:59:31Z,2025-09-11T15:30:21Z,0,https://github.com/pytorch/pytorch/issues/162365
3392444114,162362,the result is wrong for sdpa with sliding window attention,open,fuchen319,2025-09-08T03:28:38Z,2025-09-11T15:36:15Z,0,https://github.com/pytorch/pytorch/issues/162362
3392306925,162359,"SequentialLR aliases lr Tensor with initial_lr, corrupting base_lrs for chained schedulers",closed,filipviz,2025-09-08T02:01:26Z,2025-09-17T13:40:27Z,0,https://github.com/pytorch/pytorch/issues/162359
3392290825,162358,heap-buffer-overflow in torch.linalg.eig,open,cx104906,2025-09-08T01:46:52Z,2025-09-08T16:35:54Z,1,https://github.com/pytorch/pytorch/issues/162358
3392221063,162357,DISABLED test_aoti_fx_add (__main__.AOTFxirTestCase),closed,pytorch-bot[bot],2025-09-08T01:01:34Z,2025-09-24T06:48:23Z,6,https://github.com/pytorch/pytorch/issues/162357
3392043677,162352,Hiding C/C++ symbols in `version_script.lds`,open,BwL1289,2025-09-07T21:46:38Z,2025-09-11T15:39:54Z,0,https://github.com/pytorch/pytorch/issues/162352
3391929822,162350,Inplace modification error with softmax when combining forward and backward AD,open,jiahai-feng,2025-09-07T19:29:23Z,2025-09-08T23:29:26Z,0,https://github.com/pytorch/pytorch/issues/162350
3391515154,162346,The batching rule of aten::affine_grid_generator is not implemented,open,wzm2256,2025-09-07T11:14:06Z,2025-09-07T15:45:37Z,0,https://github.com/pytorch/pytorch/issues/162346
3391070247,162343,[BUG] `Aborted (core dumped)` on RTX 5090 with Nightly Build when running TTS inference,open,joachimbornemann,2025-09-07T02:10:36Z,2025-09-17T17:20:57Z,0,https://github.com/pytorch/pytorch/issues/162343
3390836517,162338,Incorrect AVG reduction for GLOO,open,ppwwyyxx,2025-09-06T20:14:23Z,2025-10-08T11:55:18Z,2,https://github.com/pytorch/pytorch/issues/162338
3390481071,162335,crash in torch.nn.functional.interpolate,open,cx104906,2025-09-06T16:32:29Z,2025-09-18T15:05:18Z,4,https://github.com/pytorch/pytorch/issues/162335
3390225924,162333,[CD] Windows CUDA 13.0 binaries : Windows fatal exception: access violation,closed,atalman,2025-09-06T13:57:37Z,2025-09-09T15:53:55Z,9,https://github.com/pytorch/pytorch/issues/162333
3389796892,162331,DTensor支持pin_memory,closed,wuhuachaocoding,2025-09-06T09:49:51Z,2025-09-09T02:55:05Z,1,https://github.com/pytorch/pytorch/issues/162331
3389380628,162327,heap-buffer-overflow in torch.nn.functional.max_unpool1d,closed,cx104906,2025-09-06T05:24:21Z,2025-09-10T15:15:52Z,1,https://github.com/pytorch/pytorch/issues/162327
3389090455,162313,[dynamo] KeyError in resume function creation in Python 3.11+,closed,williamwen42,2025-09-06T00:20:26Z,2025-09-08T20:26:27Z,1,https://github.com/pytorch/pytorch/issues/162313
3388813655,162302,torch.linalg.tensorinv produces incorrect results on CUDA (values doubled compared to CPU),closed,ChaitanyaRS06,2025-09-05T21:25:35Z,2025-09-05T22:44:03Z,1,https://github.com/pytorch/pytorch/issues/162302
3388766207,162299,[compile][cudagraphs] Fail or loud warning with excessive rerecording,closed,anijain2305,2025-09-05T21:02:50Z,2025-09-12T06:38:35Z,0,https://github.com/pytorch/pytorch/issues/162299
3388554077,162290,local_output_for_attn: bool = False ( for Col/Row-wiseParallel ),open,githubsgi,2025-09-05T19:27:49Z,2025-09-08T23:04:17Z,1,https://github.com/pytorch/pytorch/issues/162290
3388510673,162287,using torch.sym_not cause  Z3Exception: Symbolic expressions cannot be cast to concrete Boolean values.,open,laithsakka,2025-09-05T19:08:01Z,2025-09-10T06:56:17Z,0,https://github.com/pytorch/pytorch/issues/162287
3388453096,162283,"Failure after building torch with ""pip install -e . -v --no-build-isolation""",open,ydwu4,2025-09-05T18:41:15Z,2025-09-05T19:53:40Z,0,https://github.com/pytorch/pytorch/issues/162283
3388428677,162282,sam_fast failure with triton 3.5,closed,davidberard98,2025-09-05T18:30:09Z,2025-09-25T20:20:49Z,3,https://github.com/pytorch/pytorch/issues/162282
3388396636,162280,libcufile symbol mismatch error in CUDA 13.0 libtorch build,open,tinglvv,2025-09-05T18:15:57Z,2025-09-08T22:50:36Z,0,https://github.com/pytorch/pytorch/issues/162280
3388388814,162279,torch.export incorrect output shape when exporting two models,closed,manuelcandales,2025-09-05T18:12:29Z,2025-09-08T18:28:08Z,0,https://github.com/pytorch/pytorch/issues/162279
3388167476,162274,CI trying to run missing vLLM test,closed,zou3519,2025-09-05T16:40:23Z,2025-09-06T01:27:16Z,1,https://github.com/pytorch/pytorch/issues/162274
3388101145,162271,Tensor.fill_diagonal_ doesn't support dynamic shapes,closed,bdhirsh,2025-09-05T16:14:32Z,2025-09-23T21:27:14Z,2,https://github.com/pytorch/pytorch/issues/162271
3388098736,162270,Implement `_embedding_bag` for MPS,closed,kurtamohler,2025-09-05T16:13:42Z,2025-10-03T00:48:41Z,0,https://github.com/pytorch/pytorch/issues/162270
3387375940,162259,[Triton] Support multi-GPU with different types of GPUs (4090s + 5090s on same machine),open,thepowerfuldeez,2025-09-05T12:23:36Z,2025-09-08T19:07:46Z,3,https://github.com/pytorch/pytorch/issues/162259
3387281431,162258,export huggingface model to onnx get a enable_gqa error,closed,capyun,2025-09-05T11:48:38Z,2025-09-12T04:01:00Z,0,https://github.com/pytorch/pytorch/issues/162258
3387113096,162257,Optimize FSDP1 sharded_state_dict saving performance,open,wuhuachaocoding,2025-09-05T10:46:48Z,2025-09-28T09:31:41Z,2,https://github.com/pytorch/pytorch/issues/162257
3386948082,162255,Name error pytorch_triton,closed,johnnynunez,2025-09-05T09:49:07Z,2025-09-05T23:26:39Z,1,https://github.com/pytorch/pytorch/issues/162255
3386672953,162251,Floating point exception in torch.nn.PixelShuffle,open,cx104906,2025-09-05T08:09:41Z,2025-09-17T10:10:53Z,2,https://github.com/pytorch/pytorch/issues/162251
3386469502,162250,DISABLED test_remote_group_merge (__main__.ProcessGroupGlooTest),open,pytorch-bot[bot],2025-09-05T06:47:19Z,2025-09-05T06:47:22Z,1,https://github.com/pytorch/pytorch/issues/162250
3386469386,162249,DISABLED test_logger_enabled_and_save_activations_flags (__main__.TestFXNumericSuiteNShadows),closed,pytorch-bot[bot],2025-09-05T06:47:16Z,2025-10-03T23:26:49Z,5,https://github.com/pytorch/pytorch/issues/162249
3386424522,162248,Torch Distributed documentation falsely claims that GLOO supports all_to_all,closed,mergian,2025-09-05T06:26:16Z,2025-10-14T18:17:27Z,1,https://github.com/pytorch/pytorch/issues/162248
3386279489,162246,SAC's _CachingTorchDispatchMode does not support HOPs,closed,xmfan,2025-09-05T05:07:59Z,2025-09-19T06:39:01Z,3,https://github.com/pytorch/pytorch/issues/162246
3386139426,162242,[Doc-Clarity] torch.scatter with duplicated indices,closed,Enigmatisms,2025-09-05T03:24:37Z,2025-09-08T02:30:28Z,2,https://github.com/pytorch/pytorch/issues/162242
3386094953,162237,Does it support new CPU group after passing `device_id` to `init_process_group`,open,kaixuanliu,2025-09-05T02:51:28Z,2025-09-08T22:44:16Z,1,https://github.com/pytorch/pytorch/issues/162237
3386037736,162235,Inconsistent handling of `-0.0` between CPU and CUDA for many operators,open,rookieLiu2018,2025-09-05T02:09:04Z,2025-10-12T01:17:55Z,10,https://github.com/pytorch/pytorch/issues/162235
3385945548,162234,DISABLED test_detect_leak_nonstrict_retraceability_strict (__main__.RetraceExportTestExport),closed,pytorch-bot[bot],2025-09-05T01:08:00Z,2025-09-29T12:59:06Z,2,https://github.com/pytorch/pytorch/issues/162234
3385945467,162233,DISABLED test_detect_leak_nonstrict_serdes_nonstrict (__main__.SerDesExportNonStrictTestExport),closed,pytorch-bot[bot],2025-09-05T01:07:57Z,2025-09-29T12:58:54Z,2,https://github.com/pytorch/pytorch/issues/162233
3385945403,162232,DISABLED test_detect_leak_nonstrict (__main__.TestExport),closed,pytorch-bot[bot],2025-09-05T01:07:54Z,2025-10-15T01:09:46Z,4,https://github.com/pytorch/pytorch/issues/162232
3385945334,162231,DISABLED test_toy_model_batch_processing (__main__.FxGraphRunnableTest),closed,pytorch-bot[bot],2025-09-05T01:07:51Z,2025-09-19T06:47:52Z,2,https://github.com/pytorch/pytorch/issues/162231
3385945263,162230,DISABLED test_scalar_multiply (__main__.FxGraphRunnableTest),closed,pytorch-bot[bot],2025-09-05T01:07:48Z,2025-10-13T01:03:20Z,4,https://github.com/pytorch/pytorch/issues/162230
3385945181,162229,DISABLED test_detect_leak_nonstrict_training_ir_to_decomp_nonstrict (__main__.TrainingIRToRunDecompExportNonStrictTestExport),closed,pytorch-bot[bot],2025-09-05T01:07:45Z,2025-09-29T12:59:18Z,2,https://github.com/pytorch/pytorch/issues/162229
3385926242,162228,Backpropagation to flex_attention `score_mod` biases fails based on presence of graph breaks,closed,stefan-baumann,2025-09-05T00:54:49Z,2025-09-29T16:31:18Z,11,https://github.com/pytorch/pytorch/issues/162228
3385602327,162215,consider allowing more dtype in the dtensor opinfo test,open,zou3519,2025-09-04T21:58:39Z,2025-09-12T04:54:10Z,2,https://github.com/pytorch/pytorch/issues/162215
3385027269,162199,inductor's process pool seems to time out while cleaning up after a cold start,open,bdhirsh,2025-09-04T18:55:49Z,2025-09-04T21:44:40Z,5,https://github.com/pytorch/pytorch/issues/162199
3385018047,162198,[Feature Request][Inductor] Support ops.store in ops.masked,open,BoyuanFeng,2025-09-04T18:53:07Z,2025-09-04T18:53:30Z,0,https://github.com/pytorch/pytorch/issues/162198
3385001412,162197,DISABLED test_fused_all_gather_matmul_native_symm_mem_input_True_is_b_row_major_False (__main__.AsyncTPTest),closed,pytorch-bot[bot],2025-09-04T18:48:47Z,2025-10-17T16:38:03Z,3,https://github.com/pytorch/pytorch/issues/162197
3384927507,162196,RTX 5060 Ti (sm_120) GPU crashes: missing precompiled CUDA kernels in PyTorch,closed,RCSmily,2025-09-04T18:31:53Z,2025-09-04T21:28:34Z,1,https://github.com/pytorch/pytorch/issues/162196
3384755934,162188,torch.compile errors out on Voxtral transcription example on CPU device,open,manuelcandales,2025-09-04T17:48:44Z,2025-09-04T18:44:37Z,0,https://github.com/pytorch/pytorch/issues/162188
3384608621,162182,CI jobs for x86_64 and x86_zen (AMD CPU) are overwriting each other,open,amukho,2025-09-04T17:09:10Z,2025-09-09T20:20:22Z,0,https://github.com/pytorch/pytorch/issues/162182
3384584655,162179,test_fully_shard_logging.py is not being run,open,Flamefire,2025-09-04T17:02:13Z,2025-09-04T22:44:24Z,0,https://github.com/pytorch/pytorch/issues/162179
3384581046,162178,[CUDA] Umbrella Issues/Failures on B200 Runner,open,nWEIdia,2025-09-04T17:00:50Z,2025-09-22T00:29:33Z,2,https://github.com/pytorch/pytorch/issues/162178
3384521236,162175,DISABLED test_softmax_view_reshape (__main__.HelionTests),closed,jeffdaily,2025-09-04T16:36:53Z,2025-09-05T08:08:26Z,3,https://github.com/pytorch/pytorch/issues/162175
3384475885,162174,Torch.compile does not guard on requires_grad_ state - uses stale compilation,open,UmaisZahid,2025-09-04T16:20:45Z,2025-09-10T10:00:07Z,8,https://github.com/pytorch/pytorch/issues/162174
3383657698,162161,DISABLED test_fused_all_gather_matmul_native_symm_mem_input_False_is_b_row_major_True (__main__.AsyncTPTest),closed,pytorch-bot[bot],2025-09-04T12:55:13Z,2025-10-17T16:38:09Z,2,https://github.com/pytorch/pytorch/issues/162161
3383591826,162160,[BUG] Experts weight not release after backward when FSDP2 + moe expert parallel,open,Tammy53-ai,2025-09-04T12:38:03Z,2025-10-17T10:51:21Z,4,https://github.com/pytorch/pytorch/issues/162160
3382893735,162157,The code comments are inconsistent with the source code logic in distributed_c10d.py,open,haochen-shen,2025-09-04T09:26:40Z,2025-09-04T16:53:13Z,0,https://github.com/pytorch/pytorch/issues/162157
3382882199,162156,error C2039: 'load': is not a member of 'torch::jit',closed,GLmontanari,2025-09-04T09:24:13Z,2025-09-04T09:58:10Z,1,https://github.com/pytorch/pytorch/issues/162156
3382654707,162154,Linear algebra operations hang indefinitely doing nothing when run in subprocesses,open,gdurif,2025-09-04T08:17:18Z,2025-09-15T15:12:54Z,3,https://github.com/pytorch/pytorch/issues/162154
3382583980,162152,torch.nn.DataParallel not fully supports custom backend.,closed,sunjiabin17,2025-09-04T07:54:16Z,2025-09-11T10:04:30Z,1,https://github.com/pytorch/pytorch/issues/162152
3382525927,162151,`permute` +  `add` + `transpose` plays wrong on tensor slice,open,maybeLee,2025-09-04T07:33:14Z,2025-09-15T17:43:18Z,5,https://github.com/pytorch/pytorch/issues/162151
3382477784,162147,Make torch faster!,closed,falseywinchnet,2025-09-04T07:15:58Z,2025-09-04T14:57:41Z,1,https://github.com/pytorch/pytorch/issues/162147
3382460879,162146,the `index_put_` is not working as expected under torch.compile,closed,maybeLee,2025-09-04T07:10:07Z,2025-09-26T05:25:28Z,7,https://github.com/pytorch/pytorch/issues/162146
3382397092,162145,DISABLED test_detect_leak_nonstrict_retraceability_nonstrict (__main__.RetraceExportNonStrictTestExport),closed,pytorch-bot[bot],2025-09-04T06:47:44Z,2025-09-29T12:59:11Z,2,https://github.com/pytorch/pytorch/issues/162145
3382336988,162143,[RFC] XPU Graph,open,majing921201,2025-09-04T06:25:03Z,2025-09-05T02:07:14Z,3,https://github.com/pytorch/pytorch/issues/162143
3382313267,162141,DISABLED test_autograd_inductor_guards_device_xpu_float16_requires_grad_True (__main__.AOTAutogradCacheBundledTests),closed,etaf,2025-09-04T06:17:28Z,2025-09-05T23:06:07Z,2,https://github.com/pytorch/pytorch/issues/162141
3382290403,162140,DISABLED test_max_autotune_addmm_persistent_tma_a_transposed_False_b_transposed_False_dynamic_True (__main__.TestMaxAutotune),closed,etaf,2025-09-04T06:07:30Z,2025-09-04T23:58:03Z,2,https://github.com/pytorch/pytorch/issues/162140
3382267632,162139,DISABLED test_dup_unbacked_sym_decl_with_refinement_xpu (__main__.AOTInductorTestABICompatibleGpu),closed,etaf,2025-09-04T05:58:01Z,2025-09-05T23:06:13Z,2,https://github.com/pytorch/pytorch/issues/162139
3382027800,162135,[inductor][cpu]dla102 AMP default wrapper hang issue,open,zxd1997066,2025-09-04T03:49:07Z,2025-09-10T22:50:40Z,2,https://github.com/pytorch/pytorch/issues/162135
3381930366,162131,"Set INDUCTOR_ORIG_FX_SVG=1 for Qwen3-8B, it took too long to generate the SVG",open,Guitenbay,2025-09-04T02:49:06Z,2025-09-05T00:01:23Z,2,https://github.com/pytorch/pytorch/issues/162131
3381921674,162129,Direct construction of FakeProcessGroup doesn't raise errors but has silent incorrectness,closed,ezyang,2025-09-04T02:43:10Z,2025-10-02T22:19:29Z,2,https://github.com/pytorch/pytorch/issues/162129
3381919934,162128,DISABLED test_autograd_inductor_guards_device_xpu_bfloat16_requires_grad_True (__main__.AOTAutogradCacheBundledTests),closed,etaf,2025-09-04T02:41:55Z,2025-09-05T23:06:05Z,2,https://github.com/pytorch/pytorch/issues/162128
3381916060,162127,[CUDA] Need support for Cuda 13.0,open,HaoKang-Timmy,2025-09-04T02:39:16Z,2025-09-04T23:44:10Z,2,https://github.com/pytorch/pytorch/issues/162127
3381747011,162125,DISABLED test_cudagraph_or_error (__main__.CudaGraphTreeTests),closed,pytorch-bot[bot],2025-09-04T01:02:01Z,2025-09-23T14:45:04Z,8,https://github.com/pytorch/pytorch/issues/162125
3381746950,162124,DISABLED test_cudagraph_or_error (__main__.CudaGraphTreeTests),closed,pytorch-bot[bot],2025-09-04T01:01:58Z,2025-09-04T06:47:04Z,1,https://github.com/pytorch/pytorch/issues/162124
3381746891,162123,DISABLED test_detect_leak_nonstrict_serdes_strict (__main__.SerDesExportTestExport),closed,pytorch-bot[bot],2025-09-04T01:01:56Z,2025-09-29T12:59:21Z,2,https://github.com/pytorch/pytorch/issues/162123
3381746823,162122,DISABLED test_detect_leak_nonstrict_cpp_serdes (__main__.CppSerdesTestExport),closed,pytorch-bot[bot],2025-09-04T01:01:52Z,2025-09-29T12:59:03Z,3,https://github.com/pytorch/pytorch/issues/162122
3381746758,162121,DISABLED MULTIPLE There are multiple flaky tests in inductor/test_max_autotune.py,open,pytorch-bot[bot],2025-09-04T01:01:50Z,2025-09-04T06:47:41Z,2,https://github.com/pytorch/pytorch/issues/162121
3381746690,162120,DISABLED test_compile_selective_checkpoint_must_not_recompute_gemm_cuda (__main__.ActivationCheckpointingViaTagsTestsCUDA),open,pytorch-bot[bot],2025-09-04T01:01:46Z,2025-09-04T01:01:50Z,1,https://github.com/pytorch/pytorch/issues/162120
3381690959,162116,Feedback about Broadcasting semantics,closed,piquan,2025-09-04T00:28:50Z,2025-09-29T16:47:51Z,0,https://github.com/pytorch/pytorch/issues/162116
3381682316,162113,ToDLPack Speed Regression,closed,tqchen,2025-09-04T00:22:47Z,2025-09-04T05:27:07Z,0,https://github.com/pytorch/pytorch/issues/162113
3381643585,162110,unbacked semantics for _reshape_copy not defined. ,closed,cehongwang,2025-09-03T23:53:54Z,2025-10-03T18:06:47Z,6,https://github.com/pytorch/pytorch/issues/162110
3381077922,162092,Voxtral transcription example produce gibbersih on MPS device,open,malfet,2025-09-03T19:53:12Z,2025-09-04T19:04:21Z,1,https://github.com/pytorch/pytorch/issues/162092
3380936208,162087,"Flipped dynamo output -  all_gather_into_tensor_coalesced.default([arg3_1, arg2_1, arg1_1, arg0_1] .",open,githubsgi,2025-09-03T19:02:00Z,2025-09-30T01:24:04Z,6,https://github.com/pytorch/pytorch/issues/162087
3380643296,162074,License information is incorrect,closed,lizargall,2025-09-03T17:17:20Z,2025-09-03T20:08:29Z,2,https://github.com/pytorch/pytorch/issues/162074
3380608178,162071,DISABLED test_empty_strided_p2p_set_device_False (__main__.SymmMemEmptySetDeviceTest),closed,jeffdaily,2025-09-03T17:08:54Z,2025-10-17T15:38:07Z,2,https://github.com/pytorch/pytorch/issues/162071
3380554478,162070,GRPO Convergence Issue with vllm inductor enabled,closed,zou3519,2025-09-03T16:55:30Z,2025-09-25T17:53:24Z,2,https://github.com/pytorch/pytorch/issues/162070
3380124853,162065,Inconsistent results in torch.pinverse() on GPU compared to CPU,closed,panda123dd,2025-09-03T14:36:26Z,2025-09-03T15:14:51Z,1,https://github.com/pytorch/pytorch/issues/162065
3380030350,162064,Inconsistent results in `torch.inverse()`/`torch.pinverse()` on GPU compared to CPU,closed,panda123dd,2025-09-03T14:11:20Z,2025-09-03T15:32:02Z,1,https://github.com/pytorch/pytorch/issues/162064
3379922761,162061,Dynamo-based ONNX exporter adds seemingly unnecessary operations to the graph,closed,Artoriuz,2025-09-03T13:41:25Z,2025-09-03T22:39:48Z,5,https://github.com/pytorch/pytorch/issues/162061
3379919662,162060,Incorrectly named link in Wiki,open,neirzhei,2025-09-03T13:40:36Z,2025-09-03T18:45:42Z,2,https://github.com/pytorch/pytorch/issues/162060
3379743674,162057,"FP8 allgather throws an error  ""reduction support begins with sm90 capable devices.""",open,Ph0rk0z,2025-09-03T12:52:00Z,2025-09-04T13:18:00Z,2,https://github.com/pytorch/pytorch/issues/162057
3379163932,162054,Typo mistake in Docs(torch.fx),closed,rohit-kumar-manav,2025-09-03T09:53:44Z,2025-09-04T00:07:00Z,0,https://github.com/pytorch/pytorch/issues/162054
3378846304,162049,NestedTensor: max_dim / min_dim not working for integer tensors,closed,Callidior,2025-09-03T08:22:22Z,2025-10-02T18:46:30Z,2,https://github.com/pytorch/pytorch/issues/162049
3378778957,162048,DISABLED test_max_autotune_addmm_persistent_tma_a_transposed_False_b_transposed_False_dynamic_False (__main__.TestMaxAutotune),closed,etaf,2025-09-03T08:02:22Z,2025-09-04T23:02:01Z,2,https://github.com/pytorch/pytorch/issues/162048
3378379367,162039,DISABLED test_autograd_inductor_guards_device_xpu_float16_requires_grad_True (__main__.AOTAutogradCacheTests),closed,etaf,2025-09-03T05:38:32Z,2025-09-05T23:06:08Z,2,https://github.com/pytorch/pytorch/issues/162039
3378078889,162036,DISABLED test_large_grid_xpu (__main__.AOTInductorTestABICompatibleGpu),closed,etaf,2025-09-03T02:33:24Z,2025-09-05T23:06:19Z,2,https://github.com/pytorch/pytorch/issues/162036
3378003588,162032,torch thread yield after launch nccl kernel,open,tobi1031,2025-09-03T01:36:34Z,2025-09-04T13:18:54Z,0,https://github.com/pytorch/pytorch/issues/162032
3377695982,162019,Pattern matcher inserts replacement poorly,closed,ProExpertProg,2025-09-02T22:37:51Z,2025-09-06T00:16:03Z,6,https://github.com/pytorch/pytorch/issues/162019
3377400429,162004,UBSAN appears to be active for ATen but not c10,open,swolchok,2025-09-02T20:30:24Z,2025-09-04T13:19:11Z,0,https://github.com/pytorch/pytorch/issues/162004
3377380794,162002,Implement `native_dropout` for MPS,closed,kurtamohler,2025-09-02T20:22:31Z,2025-09-09T01:44:08Z,4,https://github.com/pytorch/pytorch/issues/162002
3377234060,161997,Broken link on pytorch.org on PyTorch Recipes,closed,thomastschinkel,2025-09-02T19:24:15Z,2025-09-02T21:08:18Z,2,https://github.com/pytorch/pytorch/issues/161997
3377134217,161995,DISABLED test_fused_all_gather_matmul_native_symm_mem_input_False_is_b_row_major_False (__main__.AsyncTPTest),closed,pytorch-bot[bot],2025-09-02T18:46:46Z,2025-10-17T16:38:14Z,3,https://github.com/pytorch/pytorch/issues/161995
3377078112,161993,[dynamo] GB0007 workaround incorrect on website,closed,williamwen42,2025-09-02T18:25:34Z,2025-10-13T17:35:21Z,0,https://github.com/pytorch/pytorch/issues/161993
3377004210,161989,DISABLED test_empty_strided_p2p_set_device_True (__main__.SymmMemEmptySetDeviceTest),closed,jeffdaily,2025-09-02T17:59:20Z,2025-10-17T15:37:54Z,2,https://github.com/pytorch/pytorch/issues/161989
3376802102,161985,Incorrect reference to a link in Wiki,closed,neirzhei,2025-09-02T16:49:18Z,2025-09-02T19:45:44Z,3,https://github.com/pytorch/pytorch/issues/161985
3376153866,161974,DTensor communications cost model is way off for H100,open,ezyang,2025-09-02T13:54:49Z,2025-09-02T19:14:50Z,2,https://github.com/pytorch/pytorch/issues/161974
3375617930,161970,Confusion behavior of PyTorch when combining boolean indexing with integer indexing,open,HAL-42,2025-09-02T11:29:04Z,2025-09-07T05:08:10Z,1,https://github.com/pytorch/pytorch/issues/161970
3375362167,161969,[MPS] Inconsistency/Strange behaviour with claimed lack of contiguousness in complied function.,closed,brad-doyle-opificio,2025-09-02T10:12:02Z,2025-09-22T10:36:56Z,0,https://github.com/pytorch/pytorch/issues/161969
3374882077,161960,WeightsUnpickler error: Trying to call reduce for unrecognized function <class 'code'>,open,lawther,2025-09-02T08:01:27Z,2025-09-02T23:31:27Z,2,https://github.com/pytorch/pytorch/issues/161960
3374660076,161956,DISABLED test_fused_all_gather_matmul_gather_dim_1 (__main__.AsyncTPTest),closed,pytorch-bot[bot],2025-09-02T06:47:54Z,2025-10-17T16:38:19Z,2,https://github.com/pytorch/pytorch/issues/161956
3374603551,161954,[RFC] CUDA code decoupling and directory refactoring,open,bjtuwjx,2025-09-02T06:28:15Z,2025-09-02T13:11:55Z,0,https://github.com/pytorch/pytorch/issues/161954
3374513338,161948,PyTorch CPU Multithreading on Jupyter Notebook Help,closed,ec-ho-ra-mos,2025-09-02T05:54:59Z,2025-09-02T15:42:44Z,1,https://github.com/pytorch/pytorch/issues/161948
3374381186,161945,"[compille][ci] ""inductor-nightly / linux-jammy-cpu-py3.9-gcc11-nightly-dynamo-benchmarks / test"" failing on dla2 model",open,anijain2305,2025-09-02T04:44:29Z,2025-09-02T18:12:18Z,1,https://github.com/pytorch/pytorch/issues/161945
3374371019,161944,[compile] Inductor uses fast math for exp,closed,anijain2305,2025-09-02T04:38:19Z,2025-09-02T23:39:07Z,3,https://github.com/pytorch/pytorch/issues/161944
3374319855,161943,Sub-devicemesh get_group raises RuntimeError during JVP calculation,closed,KimbingNg,2025-09-02T04:05:47Z,2025-10-15T12:54:32Z,4,https://github.com/pytorch/pytorch/issues/161943
3374261985,161942,Any way to convert c10::cuda::CUDAStream from and to torch.cuda.Stream,closed,shadow150519,2025-09-02T03:24:40Z,2025-09-02T13:19:04Z,2,https://github.com/pytorch/pytorch/issues/161942
3374252301,161941,PyTorch 2.8.0 ONNX export generates boolean values for integer-only allowzero attribute,closed,AJamal27891,2025-09-02T03:18:08Z,2025-09-05T14:20:55Z,16,https://github.com/pytorch/pytorch/issues/161941
3374225389,161937,AOTAutograd runtime alias reconstruction applies view on non‑contiguous base under torch.compile (inductor + DDP): “Use .reshape(...) instead”. pre_grad_custom_pass and joint_custom_post_pass can’t override,open,XiDianZuoYun,2025-09-02T02:59:31Z,2025-09-04T18:06:59Z,2,https://github.com/pytorch/pytorch/issues/161937
3374185958,161935,torch.jit.trace_module.register_parameter :cannot assign 'torch.cuda.FloatTensor' object to parameter 'new_param' (torch.nn.Parameter or None required),open,qiqicliff,2025-09-02T02:40:38Z,2025-09-02T13:04:18Z,0,https://github.com/pytorch/pytorch/issues/161935
3374179147,161933,`torch.compile` produces inconsistent results vs eager (FP64 baseline) with data-dependent indexing and reciprocal ops,open,tinywisdom,2025-09-02T02:36:25Z,2025-09-04T18:05:18Z,3,https://github.com/pytorch/pytorch/issues/161933
3374103827,161931,DISABLED test_autograd_inductor_guards_device_xpu_bfloat16_requires_grad_True (__main__.AOTAutogradCacheTests),closed,etaf,2025-09-02T01:45:10Z,2025-09-05T23:06:06Z,2,https://github.com/pytorch/pytorch/issues/161931
3373539118,161923,DISABLED test_compile_selective_checkpoint_custom_rule_cuda (__main__.ActivationCheckpointingViaTagsTestsCUDA),open,pytorch-bot[bot],2025-09-01T18:46:49Z,2025-09-01T18:50:46Z,2,https://github.com/pytorch/pytorch/issues/161923
3373460307,161921,‌Is It a Good Idea to Refactor PyTorch's Exception System to Make Exception Meanings More Explicit?,closed,ghostspiders,2025-09-01T18:03:53Z,2025-09-02T20:34:47Z,2,https://github.com/pytorch/pytorch/issues/161921
3372986184,161915,`share_memory_` support for `NestedTensor`,closed,Phimos,2025-09-01T14:52:05Z,2025-09-22T20:00:01Z,1,https://github.com/pytorch/pytorch/issues/161915
3372598209,161909,DISABLED test_dynamic_shapes_run (__main__.FxGraphRunnableTest),closed,pytorch-bot[bot],2025-09-01T12:56:51Z,2025-10-02T12:59:20Z,4,https://github.com/pytorch/pytorch/issues/161909
3372598057,161908,DISABLED test_fused_all_gather_matmul_gather_dim_0 (__main__.AsyncTPTest),closed,pytorch-bot[bot],2025-09-01T12:56:48Z,2025-10-17T16:38:25Z,2,https://github.com/pytorch/pytorch/issues/161908
3372435016,161906,`torch.compile` fails with `aten.complex.default` size/stride assertion when using STFT output recombined into complex tensor,closed,tinywisdom,2025-09-01T12:10:00Z,2025-09-03T18:34:00Z,1,https://github.com/pytorch/pytorch/issues/161906
3372397523,161905,"[MPS] `torch.compile` ResNet-18 model fails during `loss.backward()` on MPS backend, but works on CPU",closed,Zi-Gao,2025-09-01T11:57:26Z,2025-09-25T23:41:37Z,5,https://github.com/pytorch/pytorch/issues/161905
3372348968,161904,ZeroBubble and DualPipeV pipeline parallel schedules fail with torch.compiled model,closed,awaelchli,2025-09-01T11:39:52Z,2025-10-10T18:49:48Z,6,https://github.com/pytorch/pytorch/issues/161904
3372289591,161902,`torch.export` with invalid dynamic_shapes expressions raises `AttributeError: 'One' object has no attribute 'name'` instead of a clear error,closed,tinywisdom,2025-09-01T11:18:08Z,2025-09-11T16:35:26Z,4,https://github.com/pytorch/pytorch/issues/161902
3372005198,161899,Feedback about torch.full_like Need adding an example,closed,vishalgoyal316,2025-09-01T09:43:45Z,2025-09-04T08:45:52Z,0,https://github.com/pytorch/pytorch/issues/161899
3371572345,161889,sac(compile(f)): torch compile not work properly with selective activation checkpoint,open,984881878,2025-09-01T07:32:42Z,2025-10-01T23:00:26Z,35,https://github.com/pytorch/pytorch/issues/161889
3371529362,161888,Segmentation fault in torch.nn.MaxUnpool2d,closed,cx104906,2025-09-01T07:19:40Z,2025-09-01T08:44:55Z,0,https://github.com/pytorch/pytorch/issues/161888
3371455822,161886,Directly monkey patching torch.Tensor.__getitem__ breaks tensor construction,open,ykerit,2025-09-01T06:56:26Z,2025-09-12T16:35:13Z,1,https://github.com/pytorch/pytorch/issues/161886
3371408194,161884,IPC in the ExpandableSegment can not correctly match the handle from the map ipcMemHandle_to_devptr.,closed,mengph,2025-09-01T06:38:11Z,2025-09-12T01:09:20Z,1,https://github.com/pytorch/pytorch/issues/161884
3371116535,161878,[inductor][cpu] performance regression in 2025-08-26 nightly release,closed,zxd1997066,2025-09-01T04:03:13Z,2025-09-22T01:34:15Z,3,https://github.com/pytorch/pytorch/issues/161878
3371047452,161877,Aborted in torch.nn.Conv1d,open,qiqicliff,2025-09-01T03:05:03Z,2025-09-08T05:41:47Z,3,https://github.com/pytorch/pytorch/issues/161877
3371041191,161875,Segmentation fault in torch.nn.LazyConv1d,open,qiqicliff,2025-09-01T03:00:23Z,2025-09-07T06:50:10Z,2,https://github.com/pytorch/pytorch/issues/161875
3371026647,161874,Floating point exception in torch.nn.quantized.Conv2d.register_full_backward_hook,open,qiqicliff,2025-09-01T02:48:44Z,2025-09-01T06:52:40Z,1,https://github.com/pytorch/pytorch/issues/161874
3371001248,161873,Floating point exception in torch.native_channel_shuffle,closed,qiqicliff,2025-09-01T02:31:14Z,2025-09-01T02:32:18Z,0,https://github.com/pytorch/pytorch/issues/161873
3370855375,161871,Floating point exception in torch.Tensor.mvlgamma_,open,cx104906,2025-09-01T00:42:29Z,2025-09-30T11:19:38Z,5,https://github.com/pytorch/pytorch/issues/161871
3370839483,161869,Add LazyGroupNorm,open,vsey,2025-09-01T00:33:51Z,2025-09-04T13:19:38Z,1,https://github.com/pytorch/pytorch/issues/161869
3370838605,161868,SGLang torch.compile and triton `NameError('cuda_capability_geq is not defined')` on GPT-OSS,closed,chenhao862,2025-09-01T00:33:13Z,2025-09-04T16:46:57Z,8,https://github.com/pytorch/pytorch/issues/161868
3370707583,161865,SEGFAULT in libomp.dylib after torch.matmul on M4 Max with MPS backend,open,sslr,2025-08-31T21:47:12Z,2025-09-10T13:28:19Z,2,https://github.com/pytorch/pytorch/issues/161865
3370642775,161864,[torch.export][onnx] Error exporting D-FINE to onnx,closed,remz1337,2025-08-31T20:18:27Z,2025-09-04T01:23:29Z,4,https://github.com/pytorch/pytorch/issues/161864
3370602266,161863,torch.testing.assert_close doesn't accept tensor-likes,open,ngimel,2025-08-31T19:21:35Z,2025-09-02T16:23:45Z,0,https://github.com/pytorch/pytorch/issues/161863
3370524326,161861,Compiling chroma in comfyui causes image output to be static on SM_75 but not ampere.,closed,Ph0rk0z,2025-08-31T17:41:20Z,2025-09-03T23:45:07Z,6,https://github.com/pytorch/pytorch/issues/161861
3370297894,161860,Suspecting recent nightly release degraded FSDP preformance,open,mukhayy,2025-08-31T14:10:07Z,2025-09-04T13:19:43Z,0,https://github.com/pytorch/pytorch/issues/161860
3370273372,161859,Feedback about torch.is_complex Need adding an example,closed,donhuvy,2025-08-31T13:41:03Z,2025-09-04T18:50:22Z,3,https://github.com/pytorch/pytorch/issues/161859
3370272683,161858,Feedback about torch.is_storage Need adding an example,open,donhuvy,2025-08-31T13:40:10Z,2025-09-12T06:07:41Z,4,https://github.com/pytorch/pytorch/issues/161858
3369816216,161854,torch.ScriptObjectProperty.name.deleter occurs Segmentation fault (core dumped),open,qiqicliff,2025-08-31T04:57:21Z,2025-09-02T06:08:31Z,4,https://github.com/pytorch/pytorch/issues/161854
3369763349,161853,torch.nn.FractionalMaxPool3d occurs bug with big kernel_size,open,qiqicliff,2025-08-31T03:43:42Z,2025-09-01T14:01:57Z,1,https://github.com/pytorch/pytorch/issues/161853
3369354484,161847,Feedback about FSDP Notes,open,al-rigazzi,2025-08-30T18:05:23Z,2025-08-31T00:28:51Z,0,https://github.com/pytorch/pytorch/issues/161847
3368737512,161842,Exhaustive Autotuning causes `cudaErrorIllegalAddress`,open,exclamaforte,2025-08-30T04:46:01Z,2025-09-18T18:27:51Z,5,https://github.com/pytorch/pytorch/issues/161842
3368687803,161841,torch.median generating different solutions on CPU and GPU,closed,qiqicliff,2025-08-30T03:17:34Z,2025-08-30T14:50:40Z,2,https://github.com/pytorch/pytorch/issues/161841
3368410937,161831,[dynamo][fake tensor][dynamic shapes] Unreadable error when user gives wrong shapes,open,anijain2305,2025-08-29T22:52:55Z,2025-09-18T13:56:58Z,3,https://github.com/pytorch/pytorch/issues/161831
3368387778,161830,[dynamo] Resume function creation fails with KeyError,closed,anijain2305,2025-08-29T22:42:55Z,2025-09-08T18:34:09Z,2,https://github.com/pytorch/pytorch/issues/161830
3368299105,161826,torch stable ABI amax first argument ought to have type const Tensor&,closed,pearu,2025-08-29T21:54:59Z,2025-09-05T17:37:52Z,1,https://github.com/pytorch/pytorch/issues/161826
3368221914,161822,[CUDA][cuBLAS] #125888 introduces measurable CPU overhead for matmuls,closed,eqy,2025-08-29T21:20:16Z,2025-10-02T00:59:24Z,4,https://github.com/pytorch/pytorch/issues/161822
3368159514,161818,NestedTensor raises `NotImplementedError: aten._is_any_true.default`,closed,alanhdu,2025-08-29T20:55:45Z,2025-09-22T20:22:47Z,1,https://github.com/pytorch/pytorch/issues/161818
3368063638,161815,Windows AMI release issues and improvements,open,atalman,2025-08-29T20:27:46Z,2025-09-09T20:26:36Z,3,https://github.com/pytorch/pytorch/issues/161815
3367916342,161812,Crash in jagged tensor stack/cat along dimension 0,closed,futurulus,2025-08-29T19:42:09Z,2025-10-13T17:59:21Z,1,https://github.com/pytorch/pytorch/issues/161812
3367773148,161807,torch.fx.experimental.optimization.optimize_for_inference changes OrderedDict outputs to immutable_dict in torch.export CallSpec,open,alino93,2025-08-29T18:57:38Z,2025-09-08T18:50:49Z,2,https://github.com/pytorch/pytorch/issues/161807
3367665879,161796,[dynamo] Graph break logspam,open,xmfan,2025-08-29T18:12:02Z,2025-09-12T19:57:00Z,4,https://github.com/pytorch/pytorch/issues/161796
3367479524,161791,[ci/cd][nightly] windows xpu - cannot find zipfile directory in libtorch.zip,closed,anitakat,2025-08-29T16:51:05Z,2025-09-15T15:36:40Z,2,https://github.com/pytorch/pytorch/issues/161791
3367477589,161790,Dynamo should error (or at least warn) if it tries to skip the frame on fullgraph=True,open,zou3519,2025-08-29T16:50:24Z,2025-09-02T16:46:51Z,0,https://github.com/pytorch/pytorch/issues/161790
3367343204,161789,"""cudaErrorIllegalAddress"" in unique_consecutive (with return_inverse and RMM)",closed,nboeschen,2025-08-29T15:58:38Z,2025-09-22T15:49:44Z,3,https://github.com/pytorch/pytorch/issues/161789
3367037024,161784,ROCm MI2xx CI/CD workflows failing due to :  download from https://api.github.com/repos/pytorch/pytorch timed out.,closed,atalman,2025-08-29T14:18:50Z,2025-09-03T15:50:21Z,3,https://github.com/pytorch/pytorch/issues/161784
3366953634,161783,torch.compile has runtime overhead on small graphs,open,zou3519,2025-08-29T13:52:39Z,2025-10-02T23:02:26Z,11,https://github.com/pytorch/pytorch/issues/161783
3366226914,161778,RuntimeError: ptrDesc->finalize() with conv1d,open,rangehow,2025-08-29T09:44:41Z,2025-09-04T13:22:06Z,0,https://github.com/pytorch/pytorch/issues/161778
3366082040,161776,FSDP&device_mesh Mesh_dim_names in init_device_mesh not work,open,leeruibin,2025-08-29T09:01:35Z,2025-10-17T11:31:01Z,1,https://github.com/pytorch/pytorch/issues/161776
3365906907,161774,[Feature Request]: `torch.dtype.kind` equivalent to `numpy.dtype.kind`,closed,aknierim,2025-08-29T08:09:16Z,2025-09-05T09:26:48Z,2,https://github.com/pytorch/pytorch/issues/161774
3365682804,161769,torch.linalg.matrix_rank generating different solutions on CPU and GPU,closed,qiqicliff,2025-08-29T06:43:04Z,2025-08-29T14:30:41Z,2,https://github.com/pytorch/pytorch/issues/161769
3365402204,161765,Add torch compile Dynamo support for protobuf,open,Beatlesso,2025-08-29T04:19:45Z,2025-09-12T06:33:46Z,3,https://github.com/pytorch/pytorch/issues/161765
3365346505,161764,"The ""max-autotune"" mode in torch.compile can lead to longer execution times relative to eager execution.",open,thenumberouscode,2025-08-29T03:49:22Z,2025-09-08T17:49:39Z,3,https://github.com/pytorch/pytorch/issues/161764
3365337262,161763,`neg` + `add` computation including `uint` tensor is incorrect under inductor,closed,maybeLee,2025-08-29T03:42:28Z,2025-09-03T18:33:22Z,3,https://github.com/pytorch/pytorch/issues/161763
3365240145,161760,Invalid __shared__ read of size 8 bytes in torch.histc,open,cx104906,2025-08-29T02:35:38Z,2025-09-04T13:21:21Z,0,https://github.com/pytorch/pytorch/issues/161760
3365231711,161758,DISABLED test_empty_conv_input_search_space_EXHAUSTIVE_kernel_size_3 (__main__.TestMaxAutotune),closed,daisyden,2025-08-29T02:29:38Z,2025-08-29T02:38:54Z,2,https://github.com/pytorch/pytorch/issues/161758
3365212527,161757,[RFC] Flash decoding optimization based on FlexAttention on X86 CPU,open,Valentine233,2025-08-29T02:19:42Z,2025-09-02T13:21:51Z,0,https://github.com/pytorch/pytorch/issues/161757
3364833507,161743,Seeing worse performance with torch.compile() command vs not running this command,closed,grishaburd001,2025-08-28T22:12:07Z,2025-09-29T00:09:13Z,11,https://github.com/pytorch/pytorch/issues/161743
3364543748,161735,torch._dynamo.exc.InternalTorchDynamoError: AttributeError: '_OpNamespace' '_C' object has no attribute 'rotary_embedding',closed,srijanie03,2025-08-28T20:10:26Z,2025-09-04T13:23:25Z,1,https://github.com/pytorch/pytorch/issues/161735
3364408784,161729,Einsum produces transposed output for some cases,closed,ngimel,2025-08-28T19:16:58Z,2025-08-29T18:50:48Z,1,https://github.com/pytorch/pytorch/issues/161729
3364336073,161727,DISABLED test_issue_140766_cuda (__main__.AOTInductorTestABICompatibleGpu),closed,pytorch-bot[bot],2025-08-28T18:48:48Z,2025-09-12T01:03:55Z,2,https://github.com/pytorch/pytorch/issues/161727
3364335952,161726,DISABLED test_vae_cuda (__main__.TestModels),closed,pytorch-bot[bot],2025-08-28T18:48:45Z,2025-09-26T06:48:22Z,5,https://github.com/pytorch/pytorch/issues/161726
3364333732,161725,Implement `igamma` and `igammac` for MPS,closed,kurtamohler,2025-08-28T18:47:47Z,2025-09-02T20:52:04Z,0,https://github.com/pytorch/pytorch/issues/161725
3364169010,161722,"Symmetric memory seems broken for AMD GPUs in Pytorch nightly: ""RuntimeError: handle_type_ != Expandable_Segments_Handle_Type::UNSPECIFIED""",closed,yuankaichen-amd,2025-08-28T17:44:28Z,2025-09-03T20:33:39Z,0,https://github.com/pytorch/pytorch/issues/161722
3364009203,161720,DISABLED test_compile_selective_checkpoint_tensor_subclass_cuda (__main__.ActivationCheckpointingViaTagsTestsCUDA),closed,malfet,2025-08-28T16:44:31Z,2025-08-28T18:29:42Z,1,https://github.com/pytorch/pytorch/issues/161720
3363933835,161719,[ci/cd] cuda 13 linux wheel build jobs missing artifact,closed,Camyll,2025-08-28T16:20:47Z,2025-09-22T17:50:31Z,1,https://github.com/pytorch/pytorch/issues/161719
3363373425,161714,DISABLED test_empty_conv_input_search_space_EXHAUSTIVE_kernel_size_1 (__main__.TestMaxAutotune),closed,etaf,2025-08-28T13:38:22Z,2025-08-28T18:34:58Z,2,https://github.com/pytorch/pytorch/issues/161714
3363304673,161713,[Proposal] Improving Type Signatures for Types Exported by torch,open,lolpack,2025-08-28T13:17:50Z,2025-09-25T13:52:43Z,5,https://github.com/pytorch/pytorch/issues/161713
3362458926,161705,`aten.slice` adds guard on backed symint which causes inconsistent behavior between eager and trace modes,open,xuantengh,2025-08-28T08:56:42Z,2025-09-11T03:42:39Z,10,https://github.com/pytorch/pytorch/issues/161705
3362359340,161702,DISABLED test_cond_select_with_input_idx_device_cuda_dynamic_False (__main__.CondTests),closed,etaf,2025-08-28T08:26:55Z,2025-08-28T18:36:42Z,2,https://github.com/pytorch/pytorch/issues/161702
3362355925,161701,DISABLED test_conv_cat_search_space_EXHAUSTIVE (__main__.TestMaxAutotune),closed,etaf,2025-08-28T08:26:06Z,2025-08-28T18:36:12Z,2,https://github.com/pytorch/pytorch/issues/161701
3362176677,161698,DISABLED test_custom_triton_autotune_dynamic (__main__.AOTFxirTestCase),closed,etaf,2025-08-28T07:31:22Z,2025-09-25T01:01:45Z,9,https://github.com/pytorch/pytorch/issues/161698
3362175201,161697,DISABLED test_background_thread_for_pin_memory_xpu (__main__.TestXpuXPU),closed,etaf,2025-08-28T07:30:51Z,2025-09-01T03:45:29Z,1,https://github.com/pytorch/pytorch/issues/161697
3362119735,161696,DISABLED test_max_autotune_addmm_search_space_EXHAUSTIVE_dynamic_False (__main__.TestMaxAutotuneSubproc),closed,daisyden,2025-08-28T07:13:53Z,2025-08-28T18:38:24Z,2,https://github.com/pytorch/pytorch/issues/161696
3362060678,161691,DISABLED test_copy_same_device (__main__.TestOpenReg),closed,daisyden,2025-08-28T06:52:55Z,2025-08-28T18:38:38Z,2,https://github.com/pytorch/pytorch/issues/161691
3361692470,161684,"Duplicate imports in ""torch/fx/_graph_pickler.py"" and ""torch/profiler/profiler.py""",closed,rohit-kumar-manav,2025-08-28T03:57:14Z,2025-08-31T16:21:52Z,0,https://github.com/pytorch/pytorch/issues/161684
3361500949,161682,DISABLED test_cond_select_with_input_idx_device_cuda_dynamic_True (__main__.CondTests),closed,etaf,2025-08-28T02:20:29Z,2025-08-28T18:36:53Z,2,https://github.com/pytorch/pytorch/issues/161682
3361312169,161671,Saving a modified ExportedProgram,open,hsjts0u,2025-08-28T00:35:58Z,2025-08-29T18:44:31Z,1,https://github.com/pytorch/pytorch/issues/161671
3360927973,161660,Add a torch_stable target for CppExtensions that rely on the stable ABI,open,mikaylagawarecki,2025-08-27T21:37:58Z,2025-08-28T17:26:11Z,1,https://github.com/pytorch/pytorch/issues/161660
3360711325,161655,DISABLED test_int64_indexing_large_stride_cuda (__main__.TestFlexAttentionCUDA),closed,jeffdaily,2025-08-27T20:07:32Z,2025-09-05T23:06:18Z,2,https://github.com/pytorch/pytorch/issues/161655
3360642254,161650,config.activation_memory_budget,open,marianogabitto,2025-08-27T19:39:58Z,2025-09-05T23:51:49Z,2,https://github.com/pytorch/pytorch/issues/161650
3360565370,161646,Incorrect type listed for PrepareModuleInput causing confusion and linter errors,closed,AutumnAurelium,2025-08-27T19:10:26Z,2025-10-02T21:40:46Z,2,https://github.com/pytorch/pytorch/issues/161646
3360500154,161642,DISABLED test_optimal_layout_dim_0 (__main__.SymmetricMemoryTest),closed,pytorch-bot[bot],2025-08-27T18:48:04Z,2025-09-12T23:02:39Z,2,https://github.com/pytorch/pytorch/issues/161642
3360474392,161640,MPS linear operations produce incorrect results with non-contiguous tensors,closed,rebeccajae,2025-08-27T18:39:18Z,2025-08-27T22:32:01Z,0,https://github.com/pytorch/pytorch/issues/161640
3360442302,161638,Nan gradients when using logsumexp,closed,jjhw3,2025-08-27T18:28:58Z,2025-09-05T17:17:09Z,6,https://github.com/pytorch/pytorch/issues/161638
3360347637,161636,Error when creating a FakeTensor in fake mode,open,justinchuby,2025-08-27T18:01:34Z,2025-09-10T21:46:45Z,7,https://github.com/pytorch/pytorch/issues/161636
3360298568,161632,Multiple CI trunk failures after landing https://github.com/pytorch/pytorch/pull/161002,closed,atalman,2025-08-27T17:47:02Z,2025-09-04T16:22:54Z,1,https://github.com/pytorch/pytorch/issues/161632
3360188416,161629,remove a newly added cpp_ext warning,closed,stas00,2025-08-27T17:14:56Z,2025-09-12T06:18:26Z,12,https://github.com/pytorch/pytorch/issues/161629
3360056601,161623,A New Package for Numerical Algorithms,closed,limitless-100,2025-08-27T16:33:34Z,2025-09-02T16:16:43Z,1,https://github.com/pytorch/pytorch/issues/161623
3359973784,161621,evaluation forward() of Transformer model is slower than training forward() while autocast,open,anfedoro,2025-08-27T16:09:03Z,2025-09-04T18:39:28Z,1,https://github.com/pytorch/pytorch/issues/161621
3359577357,161618,[inductor][triton] Inductor fails on triton main branch,closed,xuzhao9,2025-08-27T14:25:17Z,2025-08-29T21:20:04Z,1,https://github.com/pytorch/pytorch/issues/161618
3359434345,161616,Why do we have dynamic_inductor_torchbench_training and dynamic_aot_eager_torchbench_training both running as CI tests?,open,zou3519,2025-08-27T13:45:03Z,2025-09-02T19:59:16Z,3,https://github.com/pytorch/pytorch/issues/161616
3359370378,161614,"ERROR: No matching distribution found for torch==2.6.0, python 3.11, macOS",closed,tempdeltavalue,2025-08-27T13:26:43Z,2025-08-27T16:34:50Z,1,https://github.com/pytorch/pytorch/issues/161614
3359266396,161612,DISABLED test_subgroup (__main__.SymmetricMemoryTest),open,pytorch-bot[bot],2025-08-27T12:56:24Z,2025-08-27T12:56:27Z,1,https://github.com/pytorch/pytorch/issues/161612
3359161611,161611,Remove redundant dtype conversion in scaled_dot_product_attention docstring example,closed,lejelly,2025-08-27T12:22:52Z,2025-08-28T19:58:10Z,1,https://github.com/pytorch/pytorch/issues/161611
3359076181,161610,NamedTuple Dynamic Objects do not persist via torch compile and eager backend,closed,morrison-turnansky,2025-08-27T11:54:30Z,2025-09-09T19:42:06Z,3,https://github.com/pytorch/pytorch/issues/161610
3359040543,161609,Bucketize lowering crash when using a sliced computed tensor as boundaries,open,Gui-Yom,2025-08-27T11:40:49Z,2025-08-27T22:09:25Z,1,https://github.com/pytorch/pytorch/issues/161609
3359002070,161608,[ci/cd] [nightly] Artifact not found for name: pytorch_audio__3.11_cu126_x64,closed,Camyll,2025-08-27T11:26:11Z,2025-08-27T16:23:42Z,2,https://github.com/pytorch/pytorch/issues/161608
3357678238,161584,DISABLED test_printing (__main__.TestOpenReg),closed,chuanqi129,2025-08-27T01:20:31Z,2025-08-29T01:35:28Z,3,https://github.com/pytorch/pytorch/issues/161584
3357641893,161581,DISABLED test_autocast_ignored_types (__main__.TestCudaAutocast),closed,pytorch-bot[bot],2025-08-27T01:01:47Z,2025-09-24T06:48:41Z,5,https://github.com/pytorch/pytorch/issues/161581
3357641835,161580,DISABLED test_toy_model_dynamic_batch (__main__.FxGraphRunnableTest),closed,pytorch-bot[bot],2025-08-27T01:01:44Z,2025-10-02T06:47:40Z,4,https://github.com/pytorch/pytorch/issues/161580
3357641775,161579,DISABLED test_conv_unary_fusion_ops (__main__.TestMkldnnFusion),open,pytorch-bot[bot],2025-08-27T01:01:41Z,2025-10-17T01:12:13Z,3,https://github.com/pytorch/pytorch/issues/161579
3357369746,161569,AOT Eager issue w/ QAT,open,mlazos,2025-08-26T23:01:27Z,2025-09-20T16:31:43Z,3,https://github.com/pytorch/pytorch/issues/161569
3357343023,161566,check_mergability_ghstack workflow seems to be silently broken,closed,ZainRizvi,2025-08-26T22:43:30Z,2025-09-23T20:32:16Z,2,https://github.com/pytorch/pytorch/issues/161566
3357329440,161563,"[export] ""Current active mode not registered"" when exporting vmap",closed,justinchuby,2025-08-26T22:36:42Z,2025-09-11T17:42:44Z,7,https://github.com/pytorch/pytorch/issues/161563
3357329408,161562,`set_fullgraph(False)` actually skips the frame if a graph break happens,closed,guilhermeleobas,2025-08-26T22:36:42Z,2025-09-16T16:01:32Z,5,https://github.com/pytorch/pytorch/issues/161562
3357098137,161542,[dynamo] Codegen error when Python code has local and cell with same name,closed,williamwen42,2025-08-26T20:53:55Z,2025-08-27T02:22:43Z,0,https://github.com/pytorch/pytorch/issues/161542
3356606969,161525,DISABLED test_honor_sm_carveout_with_triton_tma_carveout0_op_scaled_mm (__main__.TestMaxAutotune),open,exclamaforte,2025-08-26T17:59:32Z,2025-09-04T17:55:50Z,2,https://github.com/pytorch/pytorch/issues/161525
3356585902,161524,boolean index_add: Discrepancy between CPU and MPS backend,open,manuelcandales,2025-08-26T17:52:58Z,2025-08-26T18:11:35Z,0,https://github.com/pytorch/pytorch/issues/161524
3356579687,161523,[ONNX] Use draft_export to debug torch.onnx.export,closed,titaiwangms,2025-08-26T17:51:14Z,2025-09-07T22:34:16Z,0,https://github.com/pytorch/pytorch/issues/161523
3356402380,161518,Memory Throughput on B200 for copy_,closed,drisspg,2025-08-26T16:48:15Z,2025-10-15T19:46:53Z,10,https://github.com/pytorch/pytorch/issues/161518
3356124563,161516,"[CD] windows-arm64-binary-wheel missing 3.10, 3.13t, 3.14 and 3.14t builds",open,atalman,2025-08-26T15:25:06Z,2025-09-01T10:53:46Z,2,https://github.com/pytorch/pytorch/issues/161516
3356098910,161515,"[CD] Binary linux-s390x-binary-manywheel missing 3.13t, 3.14 and 3.14t builds",closed,atalman,2025-08-26T15:18:18Z,2025-09-03T17:38:43Z,2,https://github.com/pytorch/pytorch/issues/161515
3356024060,161513,"Torch compile dynamo wrapped tests are failing under Python 3.10, however working on py 3.9 and py 313",open,atalman,2025-08-26T15:00:37Z,2025-08-26T18:06:29Z,1,https://github.com/pytorch/pytorch/issues/161513
3355914021,161510,[CI] Random MacOS jobs started to fail with `Build left local git repository checkout dirty`,closed,malfet,2025-08-26T14:32:51Z,2025-08-30T01:00:03Z,6,https://github.com/pytorch/pytorch/issues/161510
3355755587,161509,Update install commands in c++ Debugging,open,morrison-turnansky,2025-08-26T13:53:41Z,2025-09-04T13:25:01Z,0,https://github.com/pytorch/pytorch/issues/161509
3355727060,161507,vLLM test_llama_lora failing in PyTorch nightlies,closed,zou3519,2025-08-26T13:46:45Z,2025-09-09T17:46:27Z,5,https://github.com/pytorch/pytorch/issues/161507
3355673589,161506,Some transformers `export / compile` tests fails (`Aborted (core dumped)`) with `torch 2.9 nightly` but pass with `torch 2.8`,closed,ydshieh,2025-08-26T13:32:59Z,2025-08-26T14:46:26Z,1,https://github.com/pytorch/pytorch/issues/161506
3355673370,161505,Some transformers `test_can_compile_fast_xxx` fails with `torch 2.9 nightly` but pass with `torch 2.8`,closed,ydshieh,2025-08-26T13:32:55Z,2025-08-27T21:47:20Z,2,https://github.com/pytorch/pytorch/issues/161505
3355557176,161503,DISABLED test_flex_attention_stride_ordering_mode_paged_attention_permute_order3_shape1_cuda (__main__.TestFlexAttentionCUDA),open,pytorch-bot[bot],2025-08-26T13:01:41Z,2025-10-17T06:51:33Z,10,https://github.com/pytorch/pytorch/issues/161503
3355557010,161502,DISABLED test_low_contention_reduce_scatter_reduce_op_sum_symm_mem_input_True (__main__.SymmetricMemoryTest),open,pytorch-bot[bot],2025-08-26T13:01:38Z,2025-08-26T13:01:42Z,1,https://github.com/pytorch/pytorch/issues/161502
3355238830,161500,nn.TransformerEncoder NaNs with float mask and float src_key_padding_mask only when in both eval() and torch.no_grad(),open,ASH-FortyFive,2025-08-26T11:23:07Z,2025-08-26T13:18:12Z,0,https://github.com/pytorch/pytorch/issues/161500
3355018583,161498,[ci/cd]  wheel-py3_13-xpu-build - install_xpu_headers Permission denied,closed,Camyll,2025-08-26T10:10:05Z,2025-09-02T17:09:11Z,3,https://github.com/pytorch/pytorch/issues/161498
3354902062,161494,OOM,open,WillWu111,2025-08-26T09:34:47Z,2025-08-26T13:50:47Z,1,https://github.com/pytorch/pytorch/issues/161494
3354796931,161492,Dataloader slow startup with torchvision cocodetection on Windows (spawn context),open,davidgill97,2025-08-26T09:02:50Z,2025-08-29T02:08:28Z,1,https://github.com/pytorch/pytorch/issues/161492
3354734207,161490,RuntimeError: /pytorch/build/aten/src/ATen/RegisterCompositeExplicitAutograd_0.cpp:11657: SymIntArrayRef expected to contain only concrete integers,closed,sunxiyin2,2025-08-26T08:44:41Z,2025-09-06T05:37:45Z,4,https://github.com/pytorch/pytorch/issues/161490
3354535914,161484,DISABLED test_baddmm_search_space_EXHAUSTIVE (__main__.TestMaxAutotune),closed,chuanqi129,2025-08-26T07:43:03Z,2025-09-22T21:53:07Z,3,https://github.com/pytorch/pytorch/issues/161484
3354525634,161483,DISABLED test_default_priority_order_xpu (__main__.TestSDPAXpuOnlyXPU),closed,etaf,2025-08-26T07:39:43Z,2025-09-03T04:43:30Z,1,https://github.com/pytorch/pytorch/issues/161483
3354498788,161482,DISABLED test_prune_configs_over_shared_memory_limit_do_pruning_True (__main__.TestTritonHeuristics),closed,etaf,2025-08-26T07:30:35Z,2025-08-28T18:40:08Z,2,https://github.com/pytorch/pytorch/issues/161482
3354454063,161481,About torch.UntypedStorage._new_shared_cuda,closed,Schnabel-8,2025-08-26T07:17:37Z,2025-08-28T05:05:53Z,1,https://github.com/pytorch/pytorch/issues/161481
3354405836,161480,Fix typo in variable name inital_grad in Class TestFullyShardGradientScaler (should be initial_grad),closed,vishalgoyal316,2025-08-26T07:02:23Z,2025-08-26T17:16:45Z,2,https://github.com/pytorch/pytorch/issues/161480
3354148012,161473,flex attention is slower than sdpa,closed,LinB203,2025-08-26T05:18:43Z,2025-09-18T22:31:22Z,4,https://github.com/pytorch/pytorch/issues/161473
3353783143,161463,DISABLED test_max_autotune_addmm_search_space_EXHAUSTIVE_dynamic_True (__main__.TestMaxAutotuneSubproc),open,chuanqi129,2025-08-26T02:06:51Z,2025-09-02T16:19:42Z,3,https://github.com/pytorch/pytorch/issues/161463
3353666509,161460,DISABLED test_qlinear_add_int8_mixed_bf16_use_relu_False_is_qat_False_is_dynamic_False (__main__.TestPatternMatcher),closed,pytorch-bot[bot],2025-08-26T01:07:38Z,2025-10-13T01:03:44Z,2,https://github.com/pytorch/pytorch/issues/161460
3353666456,161459,DISABLED test_low_contention_reduce_scatter_reduce_op_sum_symm_mem_input_False (__main__.SymmetricMemoryTest),open,pytorch-bot[bot],2025-08-26T01:07:35Z,2025-08-26T01:07:38Z,1,https://github.com/pytorch/pytorch/issues/161459
3353615855,161457,[compile] meta-llama correctness issue,closed,angelayi,2025-08-26T00:39:27Z,2025-09-18T20:42:28Z,9,https://github.com/pytorch/pytorch/issues/161457
3353606837,161456,[dynamo][hop] speculate_subgraph doesn't work with subclass inputs,open,xmfan,2025-08-26T00:33:56Z,2025-09-05T19:26:36Z,3,https://github.com/pytorch/pytorch/issues/161456
3353324041,161446,MPS index_add fails for input dtype int64,closed,manuelcandales,2025-08-25T21:55:34Z,2025-08-27T04:11:12Z,0,https://github.com/pytorch/pytorch/issues/161446
3352956745,161428,torch 2.8.0 build failure,closed,yinghai,2025-08-25T19:23:55Z,2025-08-25T19:50:08Z,2,https://github.com/pytorch/pytorch/issues/161428
3352795980,161425,Bug in AOT graph node dtype annotation in tlparse,open,yf225,2025-08-25T18:28:01Z,2025-08-26T00:22:28Z,2,https://github.com/pytorch/pytorch/issues/161425
3352744448,161422,[ci/cd][nightly] manywheel-py3_9-cpu-s390x-test / test failing on _type_ 'v' not supported,closed,Camyll,2025-08-25T18:08:54Z,2025-08-26T10:08:06Z,1,https://github.com/pytorch/pytorch/issues/161422
3352669240,161419,mobilenetv3_large_100 aot_eager accuracy failure,open,zou3519,2025-08-25T17:40:47Z,2025-08-26T18:16:14Z,6,https://github.com/pytorch/pytorch/issues/161419
3352642553,161418,inductor periodic CI should not stop on failure,open,zou3519,2025-08-25T17:30:59Z,2025-08-26T20:35:50Z,1,https://github.com/pytorch/pytorch/issues/161418
3352519114,161415,torch.rand_like does not respect input stride,closed,apakbin,2025-08-25T16:45:53Z,2025-08-26T06:35:08Z,1,https://github.com/pytorch/pytorch/issues/161415
3352094468,161403,RuntimeError: The device (Intel(R) Arc(TM) 140V GPU (16GB)) doesn't support querying the available free memory. You can file an issue at https://github.com/pytorch/pytorch/issues to help us prioritize its implementation.,open,legend-7-7,2025-08-25T14:31:01Z,2025-09-16T01:09:39Z,12,https://github.com/pytorch/pytorch/issues/161403
3351764354,161402,DISABLED test_low_contention_reduce_scatter_reduce_op_avg_symm_mem_input_True (__main__.SymmetricMemoryTest),open,pytorch-bot[bot],2025-08-25T12:59:31Z,2025-08-25T18:53:57Z,2,https://github.com/pytorch/pytorch/issues/161402
3350716283,161393,Hard error when slicing a tensor with unbacked sizes,closed,ydwu4,2025-08-25T07:09:17Z,2025-08-25T19:57:24Z,1,https://github.com/pytorch/pytorch/issues/161393
3350696411,161391,Memory leak when in-place op is applied to non-leaf tensor with requires_grad=True,closed,AndreLee145,2025-08-25T07:01:29Z,2025-10-09T08:22:49Z,2,https://github.com/pytorch/pytorch/issues/161391
3350232986,161384,DISABLED test_autotune_conv1x1_search_space_EXHAUSTIVE (__main__.TestMaxAutotune),closed,etaf,2025-08-25T02:57:17Z,2025-09-02T07:37:43Z,4,https://github.com/pytorch/pytorch/issues/161384
3350102111,161381,[XPU] ​​Incorrect free_memory reported by torch.xpu.mem_get_info()​,open,chaojun-zhang,2025-08-25T01:16:04Z,2025-10-11T01:58:32Z,4,https://github.com/pytorch/pytorch/issues/161381
3349886883,161377,CUDA 13 binaries aarch64,closed,johnnynunez,2025-08-24T20:39:34Z,2025-09-05T18:23:18Z,0,https://github.com/pytorch/pytorch/issues/161377
3349879646,161376,CUDA 13 -- sm_120 -- Nvidia 5090 -- ptxas warning : Value of threads per SM for entry .... is out of range. .minnctapersm will be ignored,closed,DrStone71,2025-08-24T20:29:37Z,2025-09-02T13:28:00Z,6,https://github.com/pytorch/pytorch/issues/161376
3349865371,161375,bugs in docs (2.8.0 stable),closed,rakkit,2025-08-24T20:11:59Z,2025-09-02T02:06:57Z,1,https://github.com/pytorch/pytorch/issues/161375
3349659392,161372,torch.compile regression in 2.8.0,closed,rasbt,2025-08-24T16:01:26Z,2025-09-16T19:14:44Z,6,https://github.com/pytorch/pytorch/issues/161372
3349561794,161371,[upstream triton] Flex Attention broken on upstream Triton,open,davidberard98,2025-08-24T14:15:14Z,2025-08-27T22:37:12Z,2,https://github.com/pytorch/pytorch/issues/161371
3349160804,161368,Incorrect offsets for 2D uneven sharding in DTensor in `compute_local_shape_and_global_offsetproduces`,open,KimbingNg,2025-08-24T05:05:54Z,2025-09-12T03:30:34Z,4,https://github.com/pytorch/pytorch/issues/161368
3349076631,161366,[ROCm] FP8 _scaled_grouped_mm & BF16 _grouped_mm support,open,functionstackx,2025-08-24T03:05:45Z,2025-09-16T23:45:09Z,9,https://github.com/pytorch/pytorch/issues/161366
3349063801,161365,orch.onnx.errors.UnsupportedOperatorError: Exporting the operator 'aten::linalg_inv' to ONNX opset version 16 is not supported.,open,davidfu999,2025-08-24T02:47:17Z,2025-08-25T22:48:07Z,1,https://github.com/pytorch/pytorch/issues/161365
3348810505,161361,Metal Performance Shaders (MPS) Bug on very simple linear regression,closed,antoniobrych,2025-08-23T20:55:32Z,2025-08-26T03:09:39Z,3,https://github.com/pytorch/pytorch/issues/161361
3348454153,161360,Crashing when selecting -1 from a tensor of unbacked symint size,open,ydwu4,2025-08-23T16:36:53Z,2025-09-28T17:08:38Z,5,https://github.com/pytorch/pytorch/issues/161360
3348258778,161358,periodic tests are failing to build torchvision,open,zou3519,2025-08-23T13:33:19Z,2025-08-26T20:17:49Z,7,https://github.com/pytorch/pytorch/issues/161358
3347948279,161357,`reshape` support for sparse tensors (needed for `einsum`),open,Giuseppe499,2025-08-23T10:18:55Z,2025-08-27T16:20:37Z,4,https://github.com/pytorch/pytorch/issues/161357
3347736411,161356,"RuntimeError: Expected curr_block->next == nullptr to be true,  when I call setSegmentStateToCheckpoint.",open,wbigat,2025-08-23T07:23:57Z,2025-10-16T06:15:55Z,7,https://github.com/pytorch/pytorch/issues/161356
3347144111,161330,better tool to repro issues in 1 dynamo graph,open,BoyuanFeng,2025-08-23T00:25:45Z,2025-09-20T01:35:49Z,2,https://github.com/pytorch/pytorch/issues/161330
3347093273,161327,PyTorch Security Analysis: Prioritized Security Improvement Tasks,closed,redwrasse,2025-08-22T23:46:58Z,2025-08-25T00:30:06Z,0,https://github.com/pytorch/pytorch/issues/161327
3347079656,161326,Different #kernels generated for fwd call with requires_grad=True/False,open,BoyuanFeng,2025-08-22T23:37:02Z,2025-08-23T13:09:16Z,1,https://github.com/pytorch/pytorch/issues/161326
3347065302,161324,Data inconsistencies when using batch_isend_irecv with 2D tensor views in PyTorch distributed,closed,isururanawaka,2025-08-22T23:24:08Z,2025-09-24T06:58:05Z,2,https://github.com/pytorch/pytorch/issues/161324
3346954994,161318,inductor crash on data-dependent slice,closed,v0i0,2025-08-22T22:27:40Z,2025-08-28T21:07:48Z,6,https://github.com/pytorch/pytorch/issues/161318
3346717431,161310,"""attn_bias is not correctly aligned"" when vmap'ing scaled_dot_product_attention",open,jatentaki,2025-08-22T20:57:11Z,2025-08-26T13:14:46Z,0,https://github.com/pytorch/pytorch/issues/161310
3346549508,161302,Support for nn.SyncBatchNorm in torch.compile,open,mlazos,2025-08-22T20:03:13Z,2025-08-26T23:36:37Z,1,https://github.com/pytorch/pytorch/issues/161302
3346400268,161296,Make `torch.func.functional_call` compatible with params and buffer input as `tensordict.TensorDict`,open,TanmayPani,2025-08-22T19:10:56Z,2025-08-26T01:54:04Z,0,https://github.com/pytorch/pytorch/issues/161296
3346397487,161295,UNSTABLE inductor-periodic / cuda12.8-py3.10-gcc9-sm80 / test (inductor_torchbench_smoketest_perf),open,zou3519,2025-08-22T19:09:57Z,2025-10-09T05:10:33Z,6,https://github.com/pytorch/pytorch/issues/161295
3346296413,161290,all of the inductor benchmark things should give you something actionable,open,zou3519,2025-08-22T18:24:18Z,2025-08-25T20:46:47Z,1,https://github.com/pytorch/pytorch/issues/161290
3346278453,161289,automatically updating ci benchmark expected csv fails,open,zou3519,2025-08-22T18:15:52Z,2025-08-23T13:10:57Z,0,https://github.com/pytorch/pytorch/issues/161289
3346203927,161287,Add partial shape inference support when creating a `view()` of a Nested Jagged Tensor,open,stmio,2025-08-22T17:49:26Z,2025-08-26T13:18:59Z,2,https://github.com/pytorch/pytorch/issues/161287
3346114749,161283,Implement half-vs-float option for MPS output match tests,open,kurtamohler,2025-08-22T17:14:25Z,2025-08-28T20:02:12Z,3,https://github.com/pytorch/pytorch/issues/161283
3346111818,161282,Doc issue for description of torch.is_tensor,closed,RajeshvShiyal,2025-08-22T17:13:00Z,2025-08-26T02:07:36Z,4,https://github.com/pytorch/pytorch/issues/161282
3346087549,161281,There should be an easy way in CI to disable individual failing inductor-periodic tests,open,zou3519,2025-08-22T17:02:00Z,2025-08-26T20:16:40Z,4,https://github.com/pytorch/pytorch/issues/161281
3345916591,161276,[inductor] RuntimeError on unbacked symints preventing MoE graph reuse,closed,xmfan,2025-08-22T15:49:22Z,2025-09-22T04:20:56Z,9,https://github.com/pytorch/pytorch/issues/161276
3345829833,161275,[dynamo] Inplace ops' requires_grad-ness metadata are traced wrong and can cause silent incorrectness,open,xmfan,2025-08-22T15:17:36Z,2025-09-15T17:50:31Z,1,https://github.com/pytorch/pytorch/issues/161275
3345553046,161265,[MPS] On MacOS-26 torch.full  fails for 4+Gb tensors,closed,malfet,2025-08-22T13:46:52Z,2025-09-29T20:19:32Z,3,https://github.com/pytorch/pytorch/issues/161265
3344584165,161256,Simple float64 Matmul on RX 7600xt with ROCm 6.4.3 and PyTorch 2.8 Crashes with Segfault,closed,tedliosu,2025-08-22T08:08:45Z,2025-10-09T16:47:29Z,9,https://github.com/pytorch/pytorch/issues/161256
3344393863,161252,Improve doc examples for softmax,closed,owhelloworld,2025-08-22T07:02:56Z,2025-09-12T04:58:00Z,2,https://github.com/pytorch/pytorch/issues/161252
3344356022,161251,DISABLED test_all_gather_extensions_end_to_end (__main__.TestFullyShardAllGatherExtensionsMultiThread),closed,pytorch-bot[bot],2025-08-22T06:48:17Z,2025-09-05T12:54:50Z,2,https://github.com/pytorch/pytorch/issues/161251
3344355910,161250,DISABLED test_all_gather_extensions_end_to_end (__main__.TestFullyShardAllGatherExtensionsMultiThread),closed,pytorch-bot[bot],2025-08-22T06:48:14Z,2025-08-25T01:01:14Z,1,https://github.com/pytorch/pytorch/issues/161250
3344355784,161249,DISABLED test_low_contention_reduce_scatter_reduce_op_avg_symm_mem_input_False (__main__.SymmetricMemoryTest),closed,pytorch-bot[bot],2025-08-22T06:48:11Z,2025-09-16T15:35:42Z,1,https://github.com/pytorch/pytorch/issues/161249
3344088425,161244,[Inductor] `torch.compile` generates incorrect code for llama4,closed,hoshibara,2025-08-22T04:18:37Z,2025-08-27T09:18:01Z,6,https://github.com/pytorch/pytorch/issues/161244
3343653053,161228,Importing `torch.testing._internal.common_quantization` results in a crash,closed,malfet,2025-08-22T00:48:33Z,2025-08-22T01:18:47Z,2,https://github.com/pytorch/pytorch/issues/161228
3343468784,161219,[Inductor] `record_function` in `CompiledFxGraph` seems to cause regression in workload,closed,eqy,2025-08-21T23:07:35Z,2025-09-29T23:31:59Z,7,https://github.com/pytorch/pytorch/issues/161219
3343409085,161218,[DTensor] Losing TupleStrategy in OpSchema.args_strategy,open,xmfan,2025-08-21T22:37:48Z,2025-08-22T14:47:30Z,0,https://github.com/pytorch/pytorch/issues/161218
3343308864,161211,[dynamo] Various graph breaks from accelerate cpu offloading,open,StrongerXi,2025-08-21T21:54:51Z,2025-09-08T12:35:58Z,1,https://github.com/pytorch/pytorch/issues/161211
3343266298,161207,[dynamo][ued] Graph break from `module.to(...)`,open,StrongerXi,2025-08-21T21:37:41Z,2025-09-01T12:11:47Z,1,https://github.com/pytorch/pytorch/issues/161207
3343012043,161193,Nesting torch.cuda.use_mem_pool() context managers results in the second pool not getting any allocations.,open,galv,2025-08-21T19:55:39Z,2025-09-24T20:20:00Z,2,https://github.com/pytorch/pytorch/issues/161193
3342975605,161191,[dynamo] Requires_grad error using torch.inference_mode(),closed,epiper-rv,2025-08-21T19:43:49Z,2025-08-25T16:49:32Z,2,https://github.com/pytorch/pytorch/issues/161191
3342828110,161189,DISABLED test_torch_function_mode_restore_on_exc (__main__.TorchFunctionModeTests),closed,pytorch-bot[bot],2025-08-21T18:47:44Z,2025-09-04T18:48:59Z,2,https://github.com/pytorch/pytorch/issues/161189
3342827997,161188,DISABLED test_torch_function_mode_graph_break (__main__.TorchFunctionModeTests),closed,pytorch-bot[bot],2025-08-21T18:47:41Z,2025-09-04T18:48:50Z,2,https://github.com/pytorch/pytorch/issues/161188
3342827885,161187,DISABLED test_low_contention_all_gather_symm_mem_input_True (__main__.SymmetricMemoryTest),closed,pytorch-bot[bot],2025-08-21T18:47:38Z,2025-09-16T15:35:43Z,1,https://github.com/pytorch/pytorch/issues/161187
3342799262,161186,Memory leak when custom autograd Function is used with AC due to early-stopping,closed,soulitzer,2025-08-21T18:36:58Z,2025-09-02T03:26:34Z,0,https://github.com/pytorch/pytorch/issues/161186
3342620155,161179,Consolidate magma-cuda build for Linux and Windows,open,tinglvv,2025-08-21T17:31:42Z,2025-09-26T19:18:37Z,1,https://github.com/pytorch/pytorch/issues/161179
3342273264,161167,[RFC] Deprecate Python 3.9 in CI/CD,closed,atalman,2025-08-21T15:47:15Z,2025-09-25T14:56:12Z,3,https://github.com/pytorch/pytorch/issues/161167
3341883634,161163,Dropout performance degradation after version 2.6.0,open,viktorpenelski,2025-08-21T14:02:11Z,2025-08-26T07:13:29Z,2,https://github.com/pytorch/pytorch/issues/161163
3341836700,161162,DISABLED test_broadcast_with_singleton_dims_xpu (__main__.TritonBlockPointerTestGPU),closed,etaf,2025-08-21T13:48:19Z,2025-09-05T23:06:09Z,3,https://github.com/pytorch/pytorch/issues/161162
3341210912,161154,"""No backend device type cpu"" for test_utils.py::UtilTest::test_compute_global_tensor_shape_1D UT",closed,dayanandav,2025-08-21T10:31:28Z,2025-08-26T03:22:32Z,1,https://github.com/pytorch/pytorch/issues/161154
3341065350,161153,torch.compile fails in FSDP due to .data assignment,open,t-vi,2025-08-21T09:46:41Z,2025-08-25T17:28:43Z,2,https://github.com/pytorch/pytorch/issues/161153
3341009927,161151,Precision issues in the FSDP2 reverse process,open,Bin1024,2025-08-21T09:30:29Z,2025-10-14T22:42:10Z,12,https://github.com/pytorch/pytorch/issues/161151
3340790219,161150,multiplication and softmax throws incorrect results under torch.compile,open,maybeLee,2025-08-21T08:24:47Z,2025-09-23T16:05:15Z,3,https://github.com/pytorch/pytorch/issues/161150
3340638377,161147,RuntimeError in DTensor evenly shard view op,open,dayanandav,2025-08-21T07:31:52Z,2025-08-25T17:09:39Z,2,https://github.com/pytorch/pytorch/issues/161147
3340339035,161139,`roundup_power2_divisions` ignores the value of 1,closed,nick-griaznov,2025-08-21T05:27:28Z,2025-10-08T06:41:49Z,0,https://github.com/pytorch/pytorch/issues/161139
3340243265,161138,Fuse 3 elementwise ops and reduction into 1 hbm reads,open,BoyuanFeng,2025-08-21T04:33:14Z,2025-08-23T13:17:21Z,4,https://github.com/pytorch/pytorch/issues/161138
3340145152,161134,Vector-Matrix Multiplication is slower in Blackwell (B200) than Hopper (H200),open,thecodingwizard,2025-08-21T03:22:42Z,2025-09-24T18:13:44Z,5,https://github.com/pytorch/pytorch/issues/161134
3340111354,161132,The Inductor test suite test_torchinductor_opinfo was incorrectly disabled on all devices except CUDA.,open,etaf,2025-08-21T03:02:32Z,2025-09-12T05:39:53Z,1,https://github.com/pytorch/pytorch/issues/161132
3340057801,161129,autograd assertion error in cuda backend when privateuse1 is renamed,open,matthewdcong,2025-08-21T02:24:51Z,2025-08-29T20:17:25Z,10,https://github.com/pytorch/pytorch/issues/161129
3339927509,161127,torch._scaled_mm with blockwise scaling doesn't work with torch.compile,open,danielvegamyhre,2025-08-21T01:04:32Z,2025-09-18T09:58:40Z,2,https://github.com/pytorch/pytorch/issues/161127
3339863722,161120,"[UED][Falcon-7B x vLLM] Unexpected type in sourceless builder torch.Tensor, tracing MambaCacheParams initialization",open,pianpwk,2025-08-21T00:15:23Z,2025-08-23T13:21:33Z,0,https://github.com/pytorch/pytorch/issues/161120
3339857099,161119,[UED][Falcon-7B x vLLM] excessive shape recompilations (static specialization),open,pianpwk,2025-08-21T00:10:12Z,2025-08-23T13:21:32Z,0,https://github.com/pytorch/pytorch/issues/161119
3339844369,161116,NCCL Segfault when initializing a process group on an NVL72,closed,mreso,2025-08-21T00:02:57Z,2025-09-27T14:19:53Z,9,https://github.com/pytorch/pytorch/issues/161116
3339841095,161115,[UED][Falcon-7B x vLLM] Triton IMA for causal_conv1d_update kernel,open,pianpwk,2025-08-21T00:00:15Z,2025-08-23T13:21:32Z,0,https://github.com/pytorch/pytorch/issues/161115
3339835061,161113,[UED][Falcon-7B x vLLM] selective_scan_fwd custom op runtime error,open,pianpwk,2025-08-20T23:56:50Z,2025-08-23T13:21:31Z,0,https://github.com/pytorch/pytorch/issues/161113
3339818869,161111,[UED][Falcon-7B x vLLM] errors tracing causal_conv_1d triton kernel grid fn,open,pianpwk,2025-08-20T23:44:06Z,2025-08-23T13:21:31Z,0,https://github.com/pytorch/pytorch/issues/161111
3339783956,161108,AoTInductor gives segmentation fault with torchbind registration,open,cehongwang,2025-08-20T23:21:59Z,2025-08-26T18:15:02Z,3,https://github.com/pytorch/pytorch/issues/161108
3339733953,161105,UED guard check failure,open,ydwu4,2025-08-20T22:45:59Z,2025-08-23T13:22:01Z,1,https://github.com/pytorch/pytorch/issues/161105
3339695821,161104,Eager CUDAGraph + stream performance,open,BoyuanFeng,2025-08-20T22:20:18Z,2025-09-15T17:24:12Z,16,https://github.com/pytorch/pytorch/issues/161104
3339527774,161095,DISABLED test_broadcast_with_singleton_dims_cuda (__main__.TritonBlockPointerTestGPU),open,jeffdaily,2025-08-20T20:58:15Z,2025-08-20T22:42:36Z,1,https://github.com/pytorch/pytorch/issues/161095
3339472241,161091,DTensor view op results in RuntimeError: shape '[38597376]' is invalid for input of size 38598144,open,kmehant,2025-08-20T20:34:57Z,2025-10-03T16:19:17Z,2,https://github.com/pytorch/pytorch/issues/161091
3339428857,161089,torch.export inconsistency with cdist aten op regarding valid compute_mode values,closed,manuelcandales,2025-08-20T20:15:37Z,2025-09-30T12:23:24Z,1,https://github.com/pytorch/pytorch/issues/161089
3339374646,161088,torch.where should throw an exception when invoked with non-bool tensor,open,manuelcandales,2025-08-20T19:57:08Z,2025-08-26T18:12:22Z,4,https://github.com/pytorch/pytorch/issues/161088
3339353937,161083,torch.export fails for var when correction is negative,open,manuelcandales,2025-08-20T19:50:00Z,2025-09-01T15:38:41Z,2,https://github.com/pytorch/pytorch/issues/161083
3339336747,161081,torch.ops.aten.hardtanh should raise an exception when min > max,open,manuelcandales,2025-08-20T19:44:20Z,2025-09-15T14:37:10Z,1,https://github.com/pytorch/pytorch/issues/161081
3339293849,161080,torch.export fails for expand_copy when implicit=True,closed,manuelcandales,2025-08-20T19:28:20Z,2025-09-04T18:16:59Z,6,https://github.com/pytorch/pytorch/issues/161080
3339184814,161078,DISABLED test_low_contention_all_gather_symm_mem_input_False (__main__.SymmetricMemoryTest),closed,pytorch-bot[bot],2025-08-20T18:48:30Z,2025-09-16T15:35:43Z,1,https://github.com/pytorch/pytorch/issues/161078
3339184702,161077,DISABLED test_override_meta (__main__.TestCustomOp),closed,pytorch-bot[bot],2025-08-20T18:48:27Z,2025-09-08T01:01:47Z,2,https://github.com/pytorch/pytorch/issues/161077
3339171226,161076,torch.export fails for add.Scalar/sub.Scalar,closed,manuelcandales,2025-08-20T18:42:27Z,2025-08-26T02:26:54Z,0,https://github.com/pytorch/pytorch/issues/161076
3339030640,161070,loading a model from HF transformers results in Aborted (core dumped),closed,vkuzo,2025-08-20T17:45:53Z,2025-08-22T14:34:29Z,1,https://github.com/pytorch/pytorch/issues/161070
3338941364,161068,[ATen] Linkage error with TensorBase::data_ptr<T> and TensorBase::mutable_data_ptr<T>,open,dragon-archer,2025-08-20T17:19:34Z,2025-08-21T03:38:10Z,5,https://github.com/pytorch/pytorch/issues/161068
3338932036,161067,torch.compile not eliminating common quantization nodes,open,vkuzo,2025-08-20T17:17:03Z,2025-08-25T17:59:40Z,5,https://github.com/pytorch/pytorch/issues/161067
3338894476,161066,MPS constant_pad_nd fails with empty pad list,closed,manuelcandales,2025-08-20T17:06:26Z,2025-08-21T20:45:29Z,0,https://github.com/pytorch/pytorch/issues/161066
3338635545,161060,[Question] How to robustly prevent operator fusion in Inductor to workaround a compilation bug?,closed,sujuyu,2025-08-20T15:44:48Z,2025-08-21T10:10:23Z,3,https://github.com/pytorch/pytorch/issues/161060
3338464718,161057,Can't run lintrunner's S3 binaries on Linux arm64,open,nlbrown2,2025-08-20T14:52:29Z,2025-08-20T16:13:06Z,1,https://github.com/pytorch/pytorch/issues/161057
3338195726,161053,[export] Non-strict export of `torch.cond` fails with `UnspecializedNNModuleVariable is already tracked for mutation`,open,justinchuby,2025-08-20T13:41:02Z,2025-08-26T15:56:28Z,4,https://github.com/pytorch/pytorch/issues/161053
3338178023,161051,torch.compile warnings for F.scaled_dot_product_attention with dynamic shapes and attention mask,open,mxmpl,2025-08-20T13:36:07Z,2025-09-11T02:45:36Z,4,https://github.com/pytorch/pytorch/issues/161051
3337634426,161048,[validate-nightly-binaries] docker: Unable to find image 'arm64v8/alpine:latest' locally,closed,Camyll,2025-08-20T10:57:10Z,2025-08-20T14:30:15Z,1,https://github.com/pytorch/pytorch/issues/161048
3337596115,161047,[validate-nightly-binaries] wheel py 3.14 conda runtime error wheelRuntimeError: Command bash /Users/ec2-user/runner/_work/_temp/exec_script failed with exit code 1,closed,Camyll,2025-08-20T10:47:07Z,2025-09-22T17:48:32Z,1,https://github.com/pytorch/pytorch/issues/161047
3337073730,161046,"torch.ones(1, device=torch.cuda.current_device()) CUDA error: operation not supported",closed,EvilCalf,2025-08-20T08:20:32Z,2025-08-20T14:33:59Z,2,https://github.com/pytorch/pytorch/issues/161046
3336586972,161038,DISABLED test_aoti_fx_linear (__main__.AOTFxirTestCase),closed,etaf,2025-08-20T05:10:51Z,2025-09-25T01:01:48Z,7,https://github.com/pytorch/pytorch/issues/161038
3336350075,161029,MPS does not support deterministic index operations,open,malfet,2025-08-20T02:36:13Z,2025-08-20T02:36:16Z,0,https://github.com/pytorch/pytorch/issues/161029
3336219958,161024,[torchAO] ao ut test/prototype/inductor/test_int8_sdpa_fusion.py AssertionError,closed,XumingGai,2025-08-20T01:10:43Z,2025-08-20T07:06:48Z,1,https://github.com/pytorch/pytorch/issues/161024
3336146008,161022,FlexAttention default precision decreased from ieee to tf32 since stable,open,leijurv,2025-08-20T00:36:26Z,2025-08-26T18:23:52Z,3,https://github.com/pytorch/pytorch/issues/161022
3335909436,161014,Inconsistent constant_pad_nd behavior with negative padding,closed,manuelcandales,2025-08-19T22:44:08Z,2025-09-19T20:57:08Z,3,https://github.com/pytorch/pytorch/issues/161014
3335842853,161010,torch.compile doesn't preserve stride with clone(memory_format=torch.preserve_format),closed,ydwu4,2025-08-19T22:15:23Z,2025-09-19T19:41:36Z,5,https://github.com/pytorch/pytorch/issues/161010
3335739899,161006,"why the dp , tp order is fixed",closed,githubsgi,2025-08-19T21:23:27Z,2025-08-20T01:11:48Z,4,https://github.com/pytorch/pytorch/issues/161006
3335684630,161001,Add some way to associate functional custom operators and their in-place out variants,open,zou3519,2025-08-19T21:04:58Z,2025-08-20T02:33:44Z,3,https://github.com/pytorch/pytorch/issues/161001
3335475759,160995,Feedback about torch.sin,open,Noiredd,2025-08-19T19:40:10Z,2025-08-20T15:59:35Z,2,https://github.com/pytorch/pytorch/issues/160995
3335402534,160993,test_index_copy fails on MPS with correctness issues,closed,malfet,2025-08-19T19:09:34Z,2025-08-23T14:39:00Z,0,https://github.com/pytorch/pytorch/issues/160993
3335350768,160989,DISABLED test_large_alloc (__main__.SymmetricMemoryTest),closed,pytorch-bot[bot],2025-08-19T18:48:57Z,2025-09-16T15:35:43Z,1,https://github.com/pytorch/pytorch/issues/160989
3335313019,160988,Inductor torchbench CI tests are failing to build torchaudio,closed,zou3519,2025-08-19T18:36:10Z,2025-08-21T03:47:20Z,3,https://github.com/pytorch/pytorch/issues/160988
3335142591,160983,Commit `19ffdf4` introducing a bug in `unpin_memory` call,closed,balancap,2025-08-19T17:31:38Z,2025-08-26T21:55:28Z,1,https://github.com/pytorch/pytorch/issues/160983
3335087703,160980,PyTorch CUDA13 Binary Cannot Be Built with SM_75 with NVSHMEM,closed,nWEIdia,2025-08-19T17:09:12Z,2025-09-11T20:23:24Z,3,https://github.com/pytorch/pytorch/issues/160980
3334914596,160978,Improve accessibility features,closed,Naveenkm07,2025-08-19T16:03:54Z,2025-08-19T18:45:12Z,1,https://github.com/pytorch/pytorch/issues/160978
3334545228,160972,[CD] Nightly -full CUDA wheels are not importable due to nvshmem dependency,closed,Camyll,2025-08-19T14:10:15Z,2025-08-20T19:40:18Z,1,https://github.com/pytorch/pytorch/issues/160972
3334523313,160971,Inductor-periodic test has been broken for 30+ days,closed,malfet,2025-08-19T14:04:06Z,2025-08-28T13:35:00Z,4,https://github.com/pytorch/pytorch/issues/160971
3334500573,160970,DISABLED test_aoti_fx_dynamic (__main__.AOTFxirTestCase),closed,etaf,2025-08-19T13:57:52Z,2025-09-24T12:56:42Z,8,https://github.com/pytorch/pytorch/issues/160970
3334499432,160969,DISABLED test_data_dependent_failure (__main__.TestDraftExport),closed,etaf,2025-08-19T13:57:33Z,2025-08-27T01:01:26Z,1,https://github.com/pytorch/pytorch/issues/160969
3334373389,160968,[DTensor] broadcast_to fails with KeyError,open,kshitij12345,2025-08-19T13:21:46Z,2025-09-19T05:09:59Z,0,https://github.com/pytorch/pytorch/issues/160968
3334171631,160964,Compiling a function using `torch.bucketize` with a buckets tensor that is a slice produces incorrect results.,closed,sgugger,2025-08-19T12:20:25Z,2025-08-23T13:27:03Z,1,https://github.com/pytorch/pytorch/issues/160964
3334163235,160963,Task Manager shows disk I/O only for one worker on Windows with `num_workers>0,closed,davidgill97,2025-08-19T12:17:33Z,2025-08-19T13:54:52Z,1,https://github.com/pytorch/pytorch/issues/160963
3334141948,160962,[validate-nightly-binaries] New windows dependency failing nightly binary validation workflow,closed,Camyll,2025-08-19T12:10:44Z,2025-08-21T14:40:46Z,1,https://github.com/pytorch/pytorch/issues/160962
3333944169,160960,compile error: 'nvmlDeviceGetGpuFabricInfoV' was not declared in this scope,closed,can-gaa-hou,2025-08-19T11:07:31Z,2025-08-19T23:43:39Z,1,https://github.com/pytorch/pytorch/issues/160960
3333449940,160955,NotImplementedError: 64-bit indexing is not yet implemented for triton templates,closed,sirluk,2025-08-19T08:32:57Z,2025-08-24T22:16:04Z,1,https://github.com/pytorch/pytorch/issues/160955
3333412431,160954,No download option for histogram visualizations in TensorBoard (when using torch-pruning),closed,kalays025,2025-08-19T08:21:37Z,2025-08-19T19:25:55Z,1,https://github.com/pytorch/pytorch/issues/160954
3333092064,160951,DISABLED test_aoti_fx_const (__main__.AOTFxirTestCase),closed,etaf,2025-08-19T06:34:19Z,2025-09-24T06:48:32Z,8,https://github.com/pytorch/pytorch/issues/160951
3332988282,160950,fx.node._sort_key dones't work right with torch.distributed._functional_collectives,open,LittleMaer,2025-08-19T05:54:32Z,2025-08-25T04:08:00Z,1,https://github.com/pytorch/pytorch/issues/160950
3332970649,160949,Error while trying to install documentation dependencies,open,rohit-kumar-manav,2025-08-19T05:45:39Z,2025-08-26T05:42:36Z,1,https://github.com/pytorch/pytorch/issues/160949
3332939836,160948,DISABLED test_comprehensive_grid_sampler_3d_xpu_float16 (__main__.TestInductorOpInfoXPU),closed,etaf,2025-08-19T05:30:17Z,2025-09-05T23:06:10Z,3,https://github.com/pytorch/pytorch/issues/160948
3332939383,160947,DISABLED test_comprehensive_grid_sampler_3d_xpu_float32 (__main__.TestInductorOpInfoXPU),closed,etaf,2025-08-19T05:30:02Z,2025-09-05T23:06:11Z,3,https://github.com/pytorch/pytorch/issues/160947
3332938947,160946,DISABLED test_comprehensive_grid_sampler_3d_xpu_float64 (__main__.TestInductorOpInfoXPU),closed,etaf,2025-08-19T05:29:45Z,2025-09-05T23:06:12Z,3,https://github.com/pytorch/pytorch/issues/160946
3332668090,160939,Strange failure modes of while_loop under torch.compile -- possibly due to internal array stride,open,danielpmorton,2025-08-19T02:26:11Z,2025-08-19T23:10:44Z,2,https://github.com/pytorch/pytorch/issues/160939
3332642742,160937,Module produced by export.unflatten is not runnable for Qwen3 and Llama3,open,xuzifei-dmatrix,2025-08-19T02:07:39Z,2025-09-06T04:43:33Z,10,https://github.com/pytorch/pytorch/issues/160937
3332329684,160923,broken links in CUDA-basics wiki,closed,weifengpy,2025-08-18T22:38:02Z,2025-08-23T03:09:41Z,7,https://github.com/pytorch/pytorch/issues/160923
3331847986,160911,Severe differences between outputs of Linear with DTensor and Tensor in half precision,open,ron1x1-abba,2025-08-18T19:29:08Z,2025-08-19T15:22:29Z,2,https://github.com/pytorch/pytorch/issues/160911
3331747993,160909,"compile with PrivateUse1 see tensors on ""meta""",closed,zzzwen,2025-08-18T18:51:47Z,2025-09-12T17:50:32Z,23,https://github.com/pytorch/pytorch/issues/160909
3331629703,160901,[dynamo] traced autograd.Function silently incorrect due to bad requires_grad propagation,closed,xmfan,2025-08-18T18:04:12Z,2025-08-22T04:43:25Z,0,https://github.com/pytorch/pytorch/issues/160901
3331564377,160898,[ci/cd][nightly] windows-arm64-binary-wheel - ModuleNotFound errors,closed,anitakat,2025-08-18T17:39:00Z,2025-08-21T10:17:05Z,1,https://github.com/pytorch/pytorch/issues/160898
3331321368,160891,Please add `torch._grouped_mm` on SM_120 (RTX 6000 Blackwell) hardware,open,vgoklani,2025-08-18T16:12:20Z,2025-08-20T22:47:35Z,0,https://github.com/pytorch/pytorch/issues/160891
3331043767,160886,[Dynamo] Support Parameter subclass,open,youkaichao,2025-08-18T14:51:17Z,2025-08-22T15:12:42Z,13,https://github.com/pytorch/pytorch/issues/160886
3330865328,160882,`torch.compile` crashes when `torch.ops.aten.complex.default` gets different inputs than when it was compiled,closed,srdecny,2025-08-18T13:58:48Z,2025-08-20T16:30:07Z,2,https://github.com/pytorch/pytorch/issues/160882
3330633027,160881,DISABLED test_get_signal_pad (__main__.SymmetricMemoryTest),closed,pytorch-bot[bot],2025-08-18T12:59:30Z,2025-09-16T15:35:44Z,1,https://github.com/pytorch/pytorch/issues/160881
3330632865,160880,DISABLED test_linear_relu_mod (__main__.TestFXNumericSuiteNShadows),closed,pytorch-bot[bot],2025-08-18T12:59:27Z,2025-10-03T23:26:48Z,8,https://github.com/pytorch/pytorch/issues/160880
3330632705,160879,DISABLED test_fake_export_gradient_cpu_float32 (__main__.TestExportOpInfoCPU),closed,pytorch-bot[bot],2025-08-18T12:59:24Z,2025-09-01T18:46:58Z,2,https://github.com/pytorch/pytorch/issues/160879
3330361563,160877,[ci/cd][nightly] Linux-binary-libtorch - nvshmem errors,closed,Camyll,2025-08-18T11:44:06Z,2025-08-18T17:24:09Z,2,https://github.com/pytorch/pytorch/issues/160877
3330073208,160876,F.silu(torch.tensor(float('-inf'))) returns nan instead of 0 in PyTorch 2.7.0+cu128,open,Huang-zhenxuan,2025-08-18T10:07:53Z,2025-08-19T19:24:32Z,1,https://github.com/pytorch/pytorch/issues/160876
3329987333,160875,Add `uv` installation commands to pytorch.org,open,vadimkantorov,2025-08-18T09:44:46Z,2025-10-07T22:09:21Z,7,https://github.com/pytorch/pytorch/issues/160875
3329943519,160874,TunableOP leaves ROCM_VERSION blank and then cannot load the csv because of this,closed,patientx,2025-08-18T09:32:18Z,2025-09-03T21:42:27Z,2,https://github.com/pytorch/pytorch/issues/160874
3329920293,160873,"`torch.compile` (Inductor) fails on MKL-DNN tensor densify (`to_dense`) with ""Cannot access data pointer of Tensor that doesn't have storage""",open,tinywisdom,2025-08-18T09:24:46Z,2025-08-18T15:09:50Z,0,https://github.com/pytorch/pytorch/issues/160873
3329500780,160868,`torch.compile` (Inductor) segfaults on `torch.slice_copy` with huge step; eager and `aot_eager` OK,closed,tinywisdom,2025-08-18T07:19:24Z,2025-09-12T03:16:27Z,2,https://github.com/pytorch/pytorch/issues/160868
3329005637,160856,Discrepancy between PyTorch and TensorRT when casting from FP32 to BF16 causes significant accuracy mismatch,open,KarlDe1,2025-08-18T03:06:47Z,2025-08-19T20:39:49Z,5,https://github.com/pytorch/pytorch/issues/160856
3328963764,160854,Enhance pip install commands,closed,mcandre,2025-08-18T02:35:35Z,2025-09-01T07:28:09Z,4,https://github.com/pytorch/pytorch/issues/160854
3328888990,160849,Add new shuffle mechanism for SGD/Adam --- CorgiPile without full data shuffle,open,DoubleNorth,2025-08-18T01:37:13Z,2025-09-25T15:38:37Z,4,https://github.com/pytorch/pytorch/issues/160849
3328728490,160846,Can't run a model trained in MPS-system on CPU-only system.,open,obbiondo,2025-08-17T22:46:18Z,2025-08-19T19:24:18Z,3,https://github.com/pytorch/pytorch/issues/160846
3328649917,160845,[MPS] index_add inconsistency on complex tensors,closed,Isalia20,2025-08-17T20:38:22Z,2025-08-19T17:43:09Z,2,https://github.com/pytorch/pytorch/issues/160845
3328374764,160841,Running phi-2 on MacOS with returns garbage,open,malfet,2025-08-17T14:26:19Z,2025-09-03T03:08:30Z,9,https://github.com/pytorch/pytorch/issues/160841
3328368785,160840,`torch.nn.functional.interpolate` generates inconsistent computation results after `torch.compile`,closed,dlibk,2025-08-17T14:18:48Z,2025-09-02T18:52:29Z,5,https://github.com/pytorch/pytorch/issues/160840
3328223490,160838,backward on 5090(sm_120) much slower than on 4090,open,mtaohuang,2025-08-17T10:53:19Z,2025-10-16T14:45:17Z,7,https://github.com/pytorch/pytorch/issues/160838
3328067765,160835,"Is [Shard(0) ] = [Shard(0), Shard(0)]  for device_mesh with same number of devices ?",open,githubsgi,2025-08-17T07:29:16Z,2025-08-20T00:34:16Z,1,https://github.com/pytorch/pytorch/issues/160835
3328006896,160834,Unify type alias definitions in optimizer.py (DeviceDict should also use TypeAlias),closed,andylpro,2025-08-17T06:13:30Z,2025-08-30T00:35:05Z,3,https://github.com/pytorch/pytorch/issues/160834
3327911804,160833,How to address the bug 'unwaited collective calls' when using DTensor?,open,arminzhu,2025-08-17T03:54:50Z,2025-09-17T03:25:27Z,9,https://github.com/pytorch/pytorch/issues/160833
3327749560,160830,The operator 'aten::_ctc_loss' is not currently implemented for the MPS device,closed,dalarconics,2025-08-16T23:47:46Z,2025-08-17T14:22:31Z,1,https://github.com/pytorch/pytorch/issues/160830
3327749378,160829,The operator 'aten::_ctc_loss' is not currently implemented for the MPS device,closed,dalarconics,2025-08-16T23:47:19Z,2025-08-17T14:22:46Z,0,https://github.com/pytorch/pytorch/issues/160829
3327749073,160828,The operator 'aten::_ctc_loss' is not currently implemented for the MPS device.,open,dalarconics,2025-08-16T23:46:40Z,2025-10-08T02:20:20Z,1,https://github.com/pytorch/pytorch/issues/160828
3327573417,160826,`-DUSE_ROCM=ON -DUSE_FLASH_ATTENTION=OFF` fails to build: undeclared identifier 'CHECK_NOSPARSE_CONTIGUOUS_CUDA',closed,AngryLoki,2025-08-16T19:27:39Z,2025-09-04T19:12:31Z,3,https://github.com/pytorch/pytorch/issues/160826
3327497700,160820,Performance optimization opportunity,closed,Naveenkm07,2025-08-16T17:58:46Z,2025-08-16T18:55:37Z,0,https://github.com/pytorch/pytorch/issues/160820
3327496962,160819,Add comprehensive test coverage,closed,Naveenkm07,2025-08-16T17:57:40Z,2025-08-16T18:53:57Z,1,https://github.com/pytorch/pytorch/issues/160819
3327494925,160818,Add comprehensive test coverage,closed,Naveenkm07,2025-08-16T17:54:28Z,2025-08-16T18:55:32Z,1,https://github.com/pytorch/pytorch/issues/160818
3327456686,160816,torch._scaled_mm crash with cublas error when out_dtype is not specified,open,danielvegamyhre,2025-08-16T17:05:21Z,2025-09-18T14:38:51Z,4,https://github.com/pytorch/pytorch/issues/160816
3327398759,160813,aten::_spsolve not implemented for SparseCsrCPU,closed,JulianKnodt,2025-08-16T15:54:15Z,2025-08-18T11:30:03Z,2,https://github.com/pytorch/pytorch/issues/160813
3327318404,160812,compiled matmul does not respect thread number limits on CPU,open,ev-br,2025-08-16T14:16:19Z,2025-08-19T10:53:52Z,9,https://github.com/pytorch/pytorch/issues/160812
3327147059,160809,python freezes while performing torch operations,open,SHoogstad,2025-08-16T10:43:13Z,2025-09-01T20:13:25Z,10,https://github.com/pytorch/pytorch/issues/160809
3326738631,160804,RTX 5090 Not Detected by PyTorch 2.2.0+cu12,closed,Tyrholdingco,2025-08-16T02:02:31Z,2025-08-16T02:12:24Z,1,https://github.com/pytorch/pytorch/issues/160804
3326677848,160800,Torch compile error goes on for 2000 lines when using capture_scaler_output,closed,AdithyaLaakso,2025-08-16T01:00:17Z,2025-09-25T17:31:17Z,4,https://github.com/pytorch/pytorch/issues/160800
3326448794,160787,[Intel Arc XPU] NaN Values in Gradients after SDPA with is_causal,open,TheMrCodes,2025-08-15T21:47:55Z,2025-09-18T07:15:21Z,18,https://github.com/pytorch/pytorch/issues/160787
3326381156,160786,DISABLED test_select_SparseBSC_int32_cuda_bool (__main__.TestSparseCSRCUDA),closed,jithunnair-amd,2025-08-15T21:10:58Z,2025-09-25T16:38:05Z,4,https://github.com/pytorch/pytorch/issues/160786
3326379426,160785,DISABLED test_select_SparseBSC_int32_cuda_complex64 (__main__.TestSparseCSRCUDA),closed,jithunnair-amd,2025-08-15T21:10:10Z,2025-09-25T16:38:05Z,4,https://github.com/pytorch/pytorch/issues/160785
3326377671,160784,DISABLED test_select_SparseBSC_int32_cuda_bfloat16 (__main__.TestSparseCSRCUDA),closed,jithunnair-amd,2025-08-15T21:09:12Z,2025-09-25T16:38:06Z,5,https://github.com/pytorch/pytorch/issues/160784
3326114877,160775,Add error handling improvements,closed,Naveenkm07,2025-08-15T19:23:20Z,2025-08-16T00:52:29Z,1,https://github.com/pytorch/pytorch/issues/160775
3326104735,160774,Add API documentation,closed,Naveenkm07,2025-08-15T19:17:34Z,2025-08-16T18:55:55Z,1,https://github.com/pytorch/pytorch/issues/160774
3326100099,160773,"torch.compile(backend=""eager"") with ac just ignores ac",open,zou3519,2025-08-15T19:15:35Z,2025-08-18T14:37:32Z,0,https://github.com/pytorch/pytorch/issues/160773
3326043846,160768,DISABLED test_get_backend (__main__.SymmetricMemoryTest),closed,pytorch-bot[bot],2025-08-15T18:49:28Z,2025-09-16T15:35:44Z,1,https://github.com/pytorch/pytorch/issues/160768
3325954460,160762,[ci/cd][nightly] Failures on Linux-binary-libtorch,closed,Camyll,2025-08-15T18:09:48Z,2025-08-19T05:58:28Z,3,https://github.com/pytorch/pytorch/issues/160762
3325925059,160761,Gemma3 ONNX Export Fails due to vmap,closed,srijanie03,2025-08-15T17:57:31Z,2025-09-12T15:56:30Z,15,https://github.com/pytorch/pytorch/issues/160761
3325891886,160759,ROCm on Windows python processes do not terminate on their own,open,ScottTodd,2025-08-15T17:40:51Z,2025-08-19T15:23:02Z,2,https://github.com/pytorch/pytorch/issues/160759
3325854245,160757,Graph break when torch.compiling an autograd.Function,open,leoauri,2025-08-15T17:23:23Z,2025-08-23T16:47:47Z,3,https://github.com/pytorch/pytorch/issues/160757
3325830946,160756,torch.split with dynamic shapes causes torch.export.export to fail with PendingUnbackedSymbolNotFound,open,jbadger3,2025-08-15T17:11:12Z,2025-08-29T09:02:11Z,1,https://github.com/pytorch/pytorch/issues/160756
3325773665,160752,"`torch.func.jacfwd` fails with `one_hot` and `torch.compile(.., dynamic=True)`",closed,cw-tan,2025-08-15T16:48:28Z,2025-10-15T02:48:47Z,4,https://github.com/pytorch/pytorch/issues/160752
3325755312,160751,torch.compile aot_eager mode removes torch.cuda.synchronize() causing missed exceptions,closed,karthickai,2025-08-15T16:39:53Z,2025-09-11T17:12:43Z,2,https://github.com/pytorch/pytorch/issues/160751
3325672321,160749,torch.export.save cannot serialize complex tensors,closed,srdecny,2025-08-15T16:06:25Z,2025-08-29T08:13:24Z,3,https://github.com/pytorch/pytorch/issues/160749
3325639778,160746,[Fuzzer] mismatch eager vs compile  floating point results,closed,laithsakka,2025-08-15T15:52:00Z,2025-09-21T16:29:51Z,1,https://github.com/pytorch/pytorch/issues/160746
3325592756,160744,MPS copy_ produces incorrect output when input has more than one element,open,manuelcandales,2025-08-15T15:32:04Z,2025-09-26T19:54:32Z,1,https://github.com/pytorch/pytorch/issues/160744
3325546227,160743,MPS AvgPool2d produces incorrect output,closed,manuelcandales,2025-08-15T15:15:36Z,2025-08-23T02:36:25Z,2,https://github.com/pytorch/pytorch/issues/160743
3325371561,160740,MPS torch.argmax/torch.argmin fail for non-contiguous input,open,manuelcandales,2025-08-15T14:01:12Z,2025-08-15T14:19:47Z,0,https://github.com/pytorch/pytorch/issues/160740
3325344123,160739,ConvTranspose 3D with BF16 or FP16 types is not supported on MPS,open,manuelcandales,2025-08-15T13:49:18Z,2025-08-15T13:59:49Z,1,https://github.com/pytorch/pytorch/issues/160739
3325291703,160738,MPS torch.var cannot handle dim=0 on zero-dimensional input tensor ,closed,manuelcandales,2025-08-15T13:28:00Z,2025-08-18T17:36:45Z,0,https://github.com/pytorch/pytorch/issues/160738
3325259293,160737,MPS index_select cannot handle scalar index tensor,closed,manuelcandales,2025-08-15T13:12:26Z,2025-08-22T21:45:37Z,1,https://github.com/pytorch/pytorch/issues/160737
3325129219,160734,MPS clamp operation does not fully support broadcasting,open,manuelcandales,2025-08-15T12:06:05Z,2025-08-15T14:03:26Z,0,https://github.com/pytorch/pytorch/issues/160734
3324957085,160732,GLOO backend should have MPS capability,open,jemrobinson,2025-08-15T10:27:52Z,2025-08-18T20:33:05Z,3,https://github.com/pytorch/pytorch/issues/160732
3324865815,160731,Cannot initialise process group on CPU device with GLOO backend,open,rchan26,2025-08-15T09:51:04Z,2025-08-15T14:17:04Z,1,https://github.com/pytorch/pytorch/issues/160731
3324748108,160730,`torch.compile` slient computation error on torch.tan and torch.sin,closed,dlibk,2025-08-15T08:59:10Z,2025-08-16T06:56:42Z,2,https://github.com/pytorch/pytorch/issues/160730
3324698400,160727,DISABLED test_addmm_activation (__main__.TestPatternMatcher),closed,etaf,2025-08-15T08:32:59Z,2025-08-22T22:29:13Z,2,https://github.com/pytorch/pytorch/issues/160727
3324690503,160726,[Fuzzer]  TypeError('BooleanAtom not allowed in this context.'),open,laithsakka,2025-08-15T08:28:41Z,2025-09-21T16:22:38Z,3,https://github.com/pytorch/pytorch/issues/160726
3324528198,160719,DISABLED test_graph_partition_cpu_scalar_multiple (__main__.CudaGraphTreeTests),closed,pytorch-bot[bot],2025-08-15T06:49:23Z,2025-09-23T14:45:04Z,12,https://github.com/pytorch/pytorch/issues/160719
3324528112,160718,DISABLED test_graph_partition_cpu_scalar_multiple (__main__.CudaGraphTreeTests),closed,pytorch-bot[bot],2025-08-15T06:49:20Z,2025-08-15T18:49:06Z,1,https://github.com/pytorch/pytorch/issues/160718
3324528039,160717,DISABLED test_linear_mod (__main__.TestFXNumericSuiteNShadows),closed,pytorch-bot[bot],2025-08-15T06:49:17Z,2025-10-03T23:26:47Z,9,https://github.com/pytorch/pytorch/issues/160717
3324527970,160716,DISABLED test_fused_scaled_matmul_reduce_scatter_scatter_dim_1_rowwise_True (__main__.SymmetricMemoryTest),closed,pytorch-bot[bot],2025-08-15T06:49:14Z,2025-09-12T23:02:38Z,2,https://github.com/pytorch/pytorch/issues/160716
3323923542,160697,[DTensor] nn.Embedding Compile - Empty Masked Buffer from AOT Autograd,open,azahed98,2025-08-15T00:01:56Z,2025-09-10T22:09:46Z,1,https://github.com/pytorch/pytorch/issues/160697
3323863248,160691,Arcane graph break stacktrace during generator tracing,open,StrongerXi,2025-08-14T23:21:59Z,2025-09-12T20:02:31Z,4,https://github.com/pytorch/pytorch/issues/160691
3323797311,160689,inductor-perf-nighly-macos tests started to fail,closed,malfet,2025-08-14T22:49:11Z,2025-08-15T14:02:16Z,3,https://github.com/pytorch/pytorch/issues/160689
3323488487,160673,[aarch64] Reduce CUDA SBSA Wheel Size,closed,tinglvv,2025-08-14T20:18:52Z,2025-09-23T03:05:44Z,2,https://github.com/pytorch/pytorch/issues/160673
3323250339,160665,DISABLED test_fused_scaled_matmul_reduce_scatter_scatter_dim_1_rowwise_False (__main__.SymmetricMemoryTest),closed,pytorch-bot[bot],2025-08-14T18:51:31Z,2025-09-12T23:02:37Z,2,https://github.com/pytorch/pytorch/issues/160665
3323225252,160664,[aot dispatch] Support mutations on tensors created in-graph or functionalize copy_range,open,xmfan,2025-08-14T18:41:56Z,2025-08-14T18:44:25Z,0,https://github.com/pytorch/pytorch/issues/160664
3323217663,160663,[Fuzzer found] self.dim() cannot be 0 to view ComplexFloat as Float ,closed,laithsakka,2025-08-14T18:39:05Z,2025-08-15T17:24:28Z,2,https://github.com/pytorch/pytorch/issues/160663
3323117131,160661,XPU binary builds broken since 8/12 nightly,closed,clee2000,2025-08-14T17:59:02Z,2025-08-15T15:27:28Z,1,https://github.com/pytorch/pytorch/issues/160661
3323003382,160657,"""Fatal python error: Aborted"" when calling torch.ops.load_library with latest cu128 nightly. Breaks torchao.",closed,danielvegamyhre,2025-08-14T17:22:47Z,2025-09-23T18:22:07Z,6,https://github.com/pytorch/pytorch/issues/160657
3322935272,160651,`dequantize_per_channel` in `quantized_decomposed` not compatible with Float8 types,open,heglex,2025-08-14T17:02:38Z,2025-08-20T20:32:37Z,4,https://github.com/pytorch/pytorch/issues/160651
3322902379,160650,Mypy type checking errors: PyTreeSpec inheritance,closed,RohitRathore1,2025-08-14T16:52:17Z,2025-08-16T05:14:14Z,1,https://github.com/pytorch/pytorch/issues/160650
3322681057,160648,How to Use Pipeline Parallelism in Multi-input Models,open,Bin1024,2025-08-14T15:41:44Z,2025-08-20T03:05:32Z,6,https://github.com/pytorch/pytorch/issues/160648
3322678561,160647,[dynamo] including Python 3.14 internal headers won't compile in MSVC C++,open,atalman,2025-08-14T15:40:52Z,2025-10-07T16:59:36Z,6,https://github.com/pytorch/pytorch/issues/160647
3322660691,160646,AOT compilation of Triton op fails in PyTorch 2.8,closed,dt-synth,2025-08-14T15:34:37Z,2025-08-16T01:07:33Z,4,https://github.com/pytorch/pytorch/issues/160646
3322225671,160642,Add a GUI for beginners,closed,Tylersuard,2025-08-14T13:20:28Z,2025-08-14T16:27:10Z,1,https://github.com/pytorch/pytorch/issues/160642
3322197438,160640,"Optimize for readability and clarity, instead of performance",closed,Tylersuard,2025-08-14T13:11:34Z,2025-08-15T02:34:33Z,2,https://github.com/pytorch/pytorch/issues/160640
3322061377,160637,Support optimisation of sparse parameters via LBFGS,open,Thomas-Christie,2025-08-14T12:25:06Z,2025-09-17T15:58:39Z,1,https://github.com/pytorch/pytorch/issues/160637
3321622561,160633,Typo in variable name uninitalized_val in resize() function,closed,vishalgoyal316,2025-08-14T10:03:12Z,2025-08-14T20:11:46Z,0,https://github.com/pytorch/pytorch/issues/160633
3321434575,160631,torch.quantize_per_tensor not implemented for SparseCPU tensors,open,springcrane,2025-08-14T09:09:02Z,2025-08-15T23:23:52Z,3,https://github.com/pytorch/pytorch/issues/160631
3321425924,160630,torch.zeros_like not implemented for QuantizedCPU tensors,closed,springcrane,2025-08-14T09:06:32Z,2025-08-15T23:45:10Z,2,https://github.com/pytorch/pytorch/issues/160630
3321348845,160629,torch.arange not implemented for complex numbers,open,springcrane,2025-08-14T08:45:09Z,2025-08-20T19:51:40Z,9,https://github.com/pytorch/pytorch/issues/160629
3321286808,160626,MultiplicativeLR raises KeyError when last_epoch >= 0 due to missing initial_lr in optimizer param_groups,closed,springcrane,2025-08-14T08:24:45Z,2025-09-15T23:33:16Z,4,https://github.com/pytorch/pytorch/issues/160626
3321084671,160622,torch.sparse_coo_tensor fails for valid 1D case with misleading dimension error,closed,springcrane,2025-08-14T07:18:50Z,2025-09-10T19:57:14Z,10,https://github.com/pytorch/pytorch/issues/160622
3321005381,160621,DISABLED test_fused_scaled_matmul_reduce_scatter_scatter_dim_0_rowwise_True (__main__.SymmetricMemoryTest),closed,pytorch-bot[bot],2025-08-14T06:50:09Z,2025-09-12T23:02:36Z,2,https://github.com/pytorch/pytorch/issues/160621
3321005267,160620,DISABLED test_functions (__main__.TestFXNumericSuiteNShadows),closed,pytorch-bot[bot],2025-08-14T06:50:06Z,2025-10-03T23:26:45Z,8,https://github.com/pytorch/pytorch/issues/160620
3320644788,160617,[inductor][cpu] GPT2ForSequenceClassification AMP max autotune accuracy failure in 2025-08-06 nightly release,closed,zxd1997066,2025-08-14T03:55:49Z,2025-08-25T03:08:07Z,2,https://github.com/pytorch/pytorch/issues/160617
3320580749,160612,Feedback about torch.nn.utils.prune.remove,closed,donhuvy,2025-08-14T03:15:44Z,2025-08-14T03:21:27Z,0,https://github.com/pytorch/pytorch/issues/160612
3320331862,160598,DISABLED test_autocast_custom_enabled (__main__.TestCudaAutocast),closed,pytorch-bot[bot],2025-08-14T01:02:12Z,2025-09-26T23:57:36Z,6,https://github.com/pytorch/pytorch/issues/160598
3320331789,160597,DISABLED test_compile_cpu (__main__.ReplicateTest),open,pytorch-bot[bot],2025-08-14T01:02:09Z,2025-08-14T06:49:33Z,2,https://github.com/pytorch/pytorch/issues/160597
3320058626,160579,[ROCm] tools/amd_build/build_amd.py is not idempotent (keeps modifying torch/csrc/cuda/Module.cpp),closed,ScottTodd,2025-08-13T22:20:57Z,2025-08-15T00:09:07Z,0,https://github.com/pytorch/pytorch/issues/160579
3319966591,160575,Windows 2.8.0+cu126 doesn't have Maxwell kernel support?,open,thatsysadmin,2025-08-13T21:36:10Z,2025-10-11T16:43:19Z,3,https://github.com/pytorch/pytorch/issues/160575
3319531513,160553,[MPS] Out of bounds indexing inconsistency between MPS and CPU/CUDA,open,DomenicN,2025-08-13T19:08:26Z,2025-08-13T19:32:29Z,1,https://github.com/pytorch/pytorch/issues/160553
3319484042,160551,DISABLED test_autocast_custom_cast_inputs (__main__.TestCudaAutocast),closed,pytorch-bot[bot],2025-08-13T18:50:11Z,2025-09-26T12:56:48Z,9,https://github.com/pytorch/pytorch/issues/160551
3319483934,160550,DISABLED test_mps_memory_leak_detection (__main__.TestMemoryLeak),open,pytorch-bot[bot],2025-08-13T18:50:08Z,2025-08-14T01:01:39Z,2,https://github.com/pytorch/pytorch/issues/160550
3319483824,160549,DISABLED test_fused_scaled_matmul_reduce_scatter_scatter_dim_0_rowwise_False (__main__.SymmetricMemoryTest),closed,pytorch-bot[bot],2025-08-13T18:50:05Z,2025-09-12T23:02:35Z,2,https://github.com/pytorch/pytorch/issues/160549
3319459993,160547,[export] Non-strict export fails when tracing with NamedTuple input,closed,angelayi,2025-08-13T18:39:41Z,2025-09-23T17:43:53Z,1,https://github.com/pytorch/pytorch/issues/160547
3319441908,160546,vit training reproducibility issue,closed,zou3519,2025-08-13T18:32:34Z,2025-09-12T14:24:29Z,5,https://github.com/pytorch/pytorch/issues/160546
3319410774,160544,Error with torch.ops.higher_order.scan + torch.compile [KeyError: combine_fn],open,adityachatter,2025-08-13T18:21:45Z,2025-08-15T22:48:59Z,1,https://github.com/pytorch/pytorch/issues/160544
3319402728,160543,"Release Triton 3.4.1 to include fixes, and bump the pin in PyTorch Release 2.8.1",closed,houseroad,2025-08-13T18:18:30Z,2025-09-12T04:03:46Z,3,https://github.com/pytorch/pytorch/issues/160543
3319277456,160535,`TypeError` during `torch._inductor.aoti_compile_and_package`,closed,egorchakov,2025-08-13T17:30:30Z,2025-08-15T18:38:28Z,2,https://github.com/pytorch/pytorch/issues/160535
3319246374,160534,`checkpoint` without `use_reentrant` should raise an exception,closed,Tialo,2025-08-13T17:18:23Z,2025-08-14T20:53:20Z,2,https://github.com/pytorch/pytorch/issues/160534
3318931305,160525,ObservedAttributeError using nested_compile_region with torch.compile,open,Eldalie,2025-08-13T15:35:44Z,2025-08-18T21:43:05Z,2,https://github.com/pytorch/pytorch/issues/160525
3318494396,160521,ImportError: libtorch_cuda.so: undefined symbol,closed,cx104906,2025-08-13T13:31:52Z,2025-08-14T09:41:23Z,1,https://github.com/pytorch/pytorch/issues/160521
3318311140,160520,Inductor w/ cpp_wrapper introduces redundant H2D-D2H memcpy under DeviceContext,closed,Neuromancer42,2025-08-13T12:39:37Z,2025-09-24T23:40:40Z,4,https://github.com/pytorch/pytorch/issues/160520
3318236277,160518,Duplicate import of defaultdict,closed,parsshar-RH,2025-08-13T12:17:41Z,2025-09-20T04:06:41Z,0,https://github.com/pytorch/pytorch/issues/160518
3318182486,160517,Enhance output layouts of all-sparse matrix multiplications,open,Aidyn-A,2025-08-13T12:01:46Z,2025-08-16T11:34:08Z,0,https://github.com/pytorch/pytorch/issues/160517
3317558386,160514,BenchmarkingTest.test_benchmark_on_non_zero_device mock hit failed,open,hizolaw,2025-08-13T09:06:35Z,2025-08-14T05:26:08Z,0,https://github.com/pytorch/pytorch/issues/160514
3317524283,160513,Forward autodiff : Multiplying by python float changes the dual dtype in some situations,open,OihanJoyot,2025-08-13T08:57:53Z,2025-10-07T17:50:14Z,4,https://github.com/pytorch/pytorch/issues/160513
3317426969,160512,Pytorch fails to build with newer protobuf,closed,Aman-Surkar,2025-08-13T08:27:38Z,2025-08-13T19:11:51Z,2,https://github.com/pytorch/pytorch/issues/160512
3317341326,160511,test_multiprocessing_spawn.py  case fail randomly,closed,HOOLoLo,2025-08-13T08:00:12Z,2025-08-15T00:11:58Z,2,https://github.com/pytorch/pytorch/issues/160511
3317138477,160508,`torch.compile` + `torch.vmap` + `torch.func.jacfwd` results in an error,open,keunhong,2025-08-13T06:53:13Z,2025-08-23T05:48:59Z,2,https://github.com/pytorch/pytorch/issues/160508
3317127691,160507,DISABLED test_autocast_checkpointing (__main__.TestCudaAutocast),closed,pytorch-bot[bot],2025-08-13T06:49:25Z,2025-09-26T23:57:36Z,9,https://github.com/pytorch/pytorch/issues/160507
3317127576,160506,DISABLED test_fused_matmul_reduce_scatter_scatter_dim_1 (__main__.SymmetricMemoryTest),closed,pytorch-bot[bot],2025-08-13T06:49:22Z,2025-09-12T23:02:34Z,2,https://github.com/pytorch/pytorch/issues/160506
3316905703,160501,Abort was called at 435 line in file ./shared/source/os_interface/linux/drm_neo.cpp,closed,azhuvath,2025-08-13T05:00:04Z,2025-08-21T06:19:24Z,10,https://github.com/pytorch/pytorch/issues/160501
3316818780,160498,MacOS tests started to timeout,closed,malfet,2025-08-13T04:02:25Z,2025-08-26T20:07:47Z,5,https://github.com/pytorch/pytorch/issues/160498
3316744847,160495,[inductor] `self.dim() cannot be 0 to view ComplexFloat as Float (different element sizes)` in inductor but eager can pass the check,closed,shaoyuyoung,2025-08-13T03:07:17Z,2025-08-25T23:23:16Z,2,https://github.com/pytorch/pytorch/issues/160495
3316609173,160489,[CI] Mergebot tests are no longer updatable,open,malfet,2025-08-13T01:24:43Z,2025-08-26T20:06:48Z,1,https://github.com/pytorch/pytorch/issues/160489
3316169394,160472,PT2 Cache <> CustomOp issue,open,BoyuanFeng,2025-08-12T22:42:04Z,2025-08-15T18:29:09Z,1,https://github.com/pytorch/pytorch/issues/160472
3316104501,160471,[dynamo] Instruction starts_line gets removed incorrectly,closed,angelayi,2025-08-12T22:11:45Z,2025-08-13T22:27:43Z,0,https://github.com/pytorch/pytorch/issues/160471
3315461594,160447,DISABLED test_subclass (__main__.CustomOpTests),open,pytorch-bot[bot],2025-08-12T18:54:22Z,2025-09-10T18:50:23Z,2,https://github.com/pytorch/pytorch/issues/160447
3315461479,160446,DISABLED test_extract_weights_linear (__main__.TestFXNumericSuiteNShadows),closed,pytorch-bot[bot],2025-08-12T18:54:19Z,2025-10-03T23:26:43Z,7,https://github.com/pytorch/pytorch/issues/160446
3315461228,160445,DISABLED test_fused_matmul_reduce_scatter_scatter_dim_0 (__main__.SymmetricMemoryTest),closed,pytorch-bot[bot],2025-08-12T18:54:16Z,2025-09-12T23:02:33Z,2,https://github.com/pytorch/pytorch/issues/160445
3315345947,160438,torch.autocast with no_grad() on aliased model disables gradients for subsequent forward on same instance,open,Adeelyousaf,2025-08-12T18:19:36Z,2025-10-13T00:52:18Z,2,https://github.com/pytorch/pytorch/issues/160438
3315318010,160437,[dynamo] empty FX graph generated on graph break,closed,williamwen42,2025-08-12T18:10:09Z,2025-09-01T08:32:25Z,1,https://github.com/pytorch/pytorch/issues/160437
3315110553,160427,PyTorch 2.8.0+rocm6.4 fails to generate images,closed,markawonge,2025-08-12T17:00:59Z,2025-10-17T23:53:48Z,15,https://github.com/pytorch/pytorch/issues/160427
3315054260,160425,[CD] nvshem-3.3.9 wheels for aarch64 is not manylinux2_28 compliant,closed,atalman,2025-08-12T16:39:55Z,2025-08-14T18:12:10Z,7,https://github.com/pytorch/pytorch/issues/160425
3314839220,160420,CachingHostAllocator does not take into account NUMA affinity of GPU's when reusing freed blocks,open,galv,2025-08-12T15:35:39Z,2025-08-14T05:24:47Z,1,https://github.com/pytorch/pytorch/issues/160420
3314413507,160415,[MPS] Conv3d type mismatch with AMP,open,csparker247,2025-08-12T13:59:25Z,2025-08-12T19:10:28Z,2,https://github.com/pytorch/pytorch/issues/160415
3313687679,160409,test_flex_attention fails for float16 & bfloat16 dtypes on GPU,closed,Flamefire,2025-08-12T10:53:52Z,2025-08-29T10:37:48Z,1,https://github.com/pytorch/pytorch/issues/160409
3313562750,160407,`Bilinear` module can't be made lazy due to new checks introduced in `__init__`,closed,Rathur421,2025-08-12T10:17:58Z,2025-09-13T01:17:13Z,6,https://github.com/pytorch/pytorch/issues/160407
3313169763,160405,[Expandable block] how to get the best-fit free block,open,HU-qingqing,2025-08-12T08:38:38Z,2025-08-14T05:24:01Z,0,https://github.com/pytorch/pytorch/issues/160405
3312497422,160399,`torch.compile` causes segmentation fault with simple `ModuleList` model after multiple compile calls,open,tinywisdom,2025-08-12T04:41:00Z,2025-08-18T23:49:01Z,1,https://github.com/pytorch/pytorch/issues/160399
3312431126,160397,Documentation for  torch.finfo().eps is incorrect.,closed,CatFootPrint,2025-08-12T03:59:06Z,2025-08-14T01:49:38Z,6,https://github.com/pytorch/pytorch/issues/160397
3312354730,160395,Docs in torchelastic.multiprocessing has wrong log file name,closed,cnphil,2025-08-12T03:13:26Z,2025-08-14T08:24:10Z,0,https://github.com/pytorch/pytorch/issues/160395
3312252173,160392,bug in libtorch optimize_for_inference,open,himalayjor,2025-08-12T02:08:14Z,2025-08-13T20:33:33Z,1,https://github.com/pytorch/pytorch/issues/160392
3312236905,160391,`torch.compile` backward pass fails with `AssertionError` in Inductor C++ codegen when model returns tuple outputs,open,tinywisdom,2025-08-12T02:01:21Z,2025-08-15T18:28:19Z,0,https://github.com/pytorch/pytorch/issues/160391
3312115187,160388,Perf differences observed between AOT and JIT on RAFT model,open,zewenli98,2025-08-12T01:08:44Z,2025-09-24T22:20:39Z,6,https://github.com/pytorch/pytorch/issues/160388
3312101688,160387,DISABLED RecordDebugHandles.Basic (__main__.test_jit),open,pytorch-bot[bot],2025-08-12T01:02:17Z,2025-08-13T02:48:03Z,1,https://github.com/pytorch/pytorch/issues/160387
3312050344,160385,TTGIR error for FlexAttention on B200,closed,drisspg,2025-08-12T00:31:32Z,2025-10-01T19:52:03Z,2,https://github.com/pytorch/pytorch/issues/160385
3311768606,160359,Use `tf32x3` through Inductor,open,cw-tan,2025-08-11T21:51:54Z,2025-08-22T04:04:52Z,4,https://github.com/pytorch/pytorch/issues/160359
3311646092,160355,Max-autotune is slower than eager for specific jagged tensor shapes,open,yf225,2025-08-11T20:57:43Z,2025-08-13T20:27:49Z,0,https://github.com/pytorch/pytorch/issues/160355
3311249603,160347,DISABLED test_fused_all_gather_scaled_matmul_gather_dim_1_scale_mode_tensor-wise (__main__.SymmetricMemoryTest),closed,pytorch-bot[bot],2025-08-11T18:52:00Z,2025-09-12T23:02:32Z,2,https://github.com/pytorch/pytorch/issues/160347
3311249426,160346,DISABLED test_custom_functions_and_tracer (__main__.TestFXNumericSuiteNShadows),closed,pytorch-bot[bot],2025-08-11T18:51:57Z,2025-10-03T23:26:42Z,9,https://github.com/pytorch/pytorch/issues/160346
3311012969,160340,Meta device initialization on HF models + FSDP leads to different numerical behaviour,open,adil-a,2025-08-11T17:42:00Z,2025-08-20T07:41:40Z,5,https://github.com/pytorch/pytorch/issues/160340
3310907512,160337,"[RFC] Simplify bookkeeping of DeviceMesh slicing, (un)flattening, ...",open,lw,2025-08-11T17:07:08Z,2025-08-18T21:02:17Z,22,https://github.com/pytorch/pytorch/issues/160337
3310853143,160333,Tensor subclasses don't work with torch.library.triton_op,open,zou3519,2025-08-11T16:51:21Z,2025-08-11T19:04:29Z,4,https://github.com/pytorch/pytorch/issues/160333
3310711338,160332,Use FP32 for ConvTranspose3D when using autocast on MPS,closed,csparker247,2025-08-11T16:09:51Z,2025-08-11T22:59:30Z,3,https://github.com/pytorch/pytorch/issues/160332
3310539781,160322,`torch.Tensor` methods return type annotation too broad for `torch.Tensor` subclasses,open,nenb,2025-08-11T15:24:22Z,2025-09-02T03:09:22Z,9,https://github.com/pytorch/pytorch/issues/160322
3310500755,160320,FSDP does not reduce the gradient size during backward,open,gaow0007,2025-08-11T15:13:34Z,2025-08-13T15:00:03Z,4,https://github.com/pytorch/pytorch/issues/160320
3310032626,160317,Memory leak when using mark_dirty in Python custom autograd.Function,closed,maoyuanpeng,2025-08-11T13:19:54Z,2025-10-04T00:47:15Z,3,https://github.com/pytorch/pytorch/issues/160317
3309240021,160313,[DTensor] Make Redistribute autograd function twice-differentiable,open,jvwilliams23,2025-08-11T09:38:57Z,2025-08-14T05:22:53Z,0,https://github.com/pytorch/pytorch/issues/160313
3309010702,160308,Reserved memory is much bigger than allocated memory in multi-stream scenario,open,hxbai,2025-08-11T08:35:09Z,2025-08-13T02:53:47Z,0,https://github.com/pytorch/pytorch/issues/160308
3308813003,160305,Many failures in inductor/test_max_autotune on H100,closed,Flamefire,2025-08-11T07:37:08Z,2025-08-25T16:45:52Z,5,https://github.com/pytorch/pytorch/issues/160305
3308677767,160303,Multi device aoti compile not working,open,ben-da6,2025-08-11T06:48:04Z,2025-10-17T19:23:05Z,7,https://github.com/pytorch/pytorch/issues/160303
3308676166,160302,Redundant installation of CMake and Ninja,closed,bjtuwjx,2025-08-11T06:47:26Z,2025-08-21T03:31:15Z,3,https://github.com/pytorch/pytorch/issues/160302
3308368460,160296,[inductor][cpu] Performance regression in 2025-08-02 nightly release,open,zxd1997066,2025-08-11T03:58:56Z,2025-10-13T07:41:34Z,4,https://github.com/pytorch/pytorch/issues/160296
3308307980,160293,torch 2.9.0dev on cuda 13 producing Cuda mismatch error during flash/sage attention install,open,clover1980,2025-08-11T03:10:18Z,2025-09-04T14:05:27Z,5,https://github.com/pytorch/pytorch/issues/160293
3308219518,160291,[FSDP2] Bug: NaN gradient when both HSDP and CPU offload are enabled,closed,leonardo0lyj,2025-08-11T01:57:06Z,2025-08-19T02:20:17Z,3,https://github.com/pytorch/pytorch/issues/160291
3308158130,160290,DISABLED test_small_stability (__main__.TestBase),open,pytorch-bot[bot],2025-08-11T01:01:31Z,2025-09-15T19:08:55Z,4,https://github.com/pytorch/pytorch/issues/160290
3308111173,160289,"Symmetric memory backend bug: OOM with default, errors with CUDA/NCCL, nvshmem works",open,tie-pilot-qxw,2025-08-11T00:18:14Z,2025-08-14T05:22:28Z,3,https://github.com/pytorch/pytorch/issues/160289
3308058261,160285,Wrong-size gradients in Expert Parallel MoE,closed,ad8e,2025-08-10T23:06:49Z,2025-08-11T23:23:49Z,5,https://github.com/pytorch/pytorch/issues/160285
3308016874,160281,Improve CUDAGraph Tree heuristics on starting new generation,open,BoyuanFeng,2025-08-10T22:05:56Z,2025-08-10T22:06:27Z,0,https://github.com/pytorch/pytorch/issues/160281
3307561569,160273,[Documentation Clarity] torch.min/torch.max gradient behavior,closed,Enigmatisms,2025-08-10T13:11:48Z,2025-08-14T04:18:51Z,5,https://github.com/pytorch/pytorch/issues/160273
3307524827,160272,Add Green Context Support for fsdp2,open,shadow150519,2025-08-10T12:26:56Z,2025-10-09T23:41:17Z,8,https://github.com/pytorch/pytorch/issues/160272
3307517343,160271,Error when using torch.compile with dynamic=True: tensor 'guidance' stride mismatch at index 0,open,liorRabkin,2025-08-10T12:17:40Z,2025-08-11T17:20:32Z,1,https://github.com/pytorch/pytorch/issues/160271
3307427092,160269,Questions about Volta Support,closed,XXXXRT666,2025-08-10T10:19:34Z,2025-08-12T12:28:57Z,2,https://github.com/pytorch/pytorch/issues/160269
3307283572,160265,XPU out of memory on Intel iGPUs although plenty of memory is available per error message.,open,simonlui,2025-08-10T07:38:24Z,2025-09-12T12:51:37Z,5,https://github.com/pytorch/pytorch/issues/160265
3307101433,160263,Graph partition + Fake Dependency from view op,open,BoyuanFeng,2025-08-10T02:42:51Z,2025-08-10T02:45:57Z,0,https://github.com/pytorch/pytorch/issues/160263
3307092180,160261,CPU: Pytorch >= 2.7.0 is broken,open,sfc-gh-truwase,2025-08-10T02:22:02Z,2025-08-11T14:50:53Z,1,https://github.com/pytorch/pytorch/issues/160261
3306295828,160248,"PyTorch 2.8: gloo-cuda linking issue, undefined symbol",open,adamjstewart,2025-08-09T12:20:39Z,2025-08-21T15:14:51Z,3,https://github.com/pytorch/pytorch/issues/160248
3306214187,160247,wan2.1 vae take more gpu memory after compile,open,gameofdimension,2025-08-09T10:38:27Z,2025-08-11T20:06:56Z,2,https://github.com/pytorch/pytorch/issues/160247
3306211100,160246,pytorch.org/get-started/locally  is wrong about supported Python version (3.12 is not highest),closed,alex77g2,2025-08-09T10:34:23Z,2025-08-20T12:30:55Z,9,https://github.com/pytorch/pytorch/issues/160246
3306187032,160245,DISABLED test_comprehensive_nn_functional_interpolate_trilinear_xpu_float32 (__main__.TestInductorOpInfoXPU),closed,etaf,2025-08-09T10:02:20Z,2025-08-19T00:54:55Z,1,https://github.com/pytorch/pytorch/issues/160245
3306185646,160244,DISABLED test_comprehensive_nn_functional_interpolate_trilinear_xpu_float64 (__main__.TestInductorOpInfoXPU),closed,etaf,2025-08-09T10:00:24Z,2025-08-19T00:54:54Z,1,https://github.com/pytorch/pytorch/issues/160244
3306180297,160243,DISABLED test_copy_non_blocking_is_pinned_xpu (__main__.AOTInductorTestABICompatibleGpu),closed,etaf,2025-08-09T09:53:12Z,2025-08-19T00:54:54Z,1,https://github.com/pytorch/pytorch/issues/160243
3306108881,160242,`torch.compile` produces output mismatch vs eager float64 for some seeds,closed,tinywisdom,2025-08-09T08:37:56Z,2025-09-17T20:11:18Z,5,https://github.com/pytorch/pytorch/issues/160242
3306073219,160241,`torch.export.export` fails when model is in `eval()` mode due to `torch.typename` being skipped by Dynamo,open,tinywisdom,2025-08-09T08:01:03Z,2025-08-13T00:35:20Z,4,https://github.com/pytorch/pytorch/issues/160241
3305816352,160240,Migrate test.sh into python based tests,open,yangw-dev,2025-08-09T04:24:08Z,2025-09-10T17:03:21Z,6,https://github.com/pytorch/pytorch/issues/160240
3305520677,160237,aten::grid_sampler_3d',closed,rodrigofiallega,2025-08-09T01:08:36Z,2025-08-10T02:46:49Z,1,https://github.com/pytorch/pytorch/issues/160237
3305442565,160232,xpu: huggingface accelerate test_dynamo test fails on XPU,open,dvrogozh,2025-08-08T23:39:45Z,2025-08-11T18:31:15Z,3,https://github.com/pytorch/pytorch/issues/160232
3305423458,160230,Offer official Pytorch Vulkan backend on pytorch.org,open,alshdavid,2025-08-08T23:19:51Z,2025-10-12T19:06:28Z,26,https://github.com/pytorch/pytorch/issues/160230
3305278457,160225,Building cuda kernels with debug information causes some cuda kernel launches to fail due to capacity constraints,open,galv,2025-08-08T21:39:07Z,2025-08-08T21:54:45Z,1,https://github.com/pytorch/pytorch/issues/160225
3305045739,160208,MPS regression on supported dtypes/scalar/alpha combinations on add/sub/rsub,closed,manuelcandales,2025-08-08T19:42:10Z,2025-08-12T16:51:08Z,1,https://github.com/pytorch/pytorch/issues/160208
3304928849,160203,DISABLED test_fused_all_gather_scaled_matmul_gather_dim_1_scale_mode_row-wise-sharded (__main__.SymmetricMemoryTest),closed,pytorch-bot[bot],2025-08-08T18:49:06Z,2025-09-12T23:02:31Z,2,https://github.com/pytorch/pytorch/issues/160203
3304829373,160199,Shape propagation through repeated modules during dynamo export,open,yuanyao-nv,2025-08-08T18:04:36Z,2025-09-04T14:59:46Z,4,https://github.com/pytorch/pytorch/issues/160199
3304729591,160197,LBFGS always raises warning about converting a tensor with requires_grad=True to a scalar?,closed,billbrod,2025-08-08T17:18:50Z,2025-09-04T13:47:51Z,6,https://github.com/pytorch/pytorch/issues/160197
3304678273,160196,Assertion Error When Freeing Unbacked Symbolic Shapes in Torch.Export,closed,anzr299,2025-08-08T16:59:06Z,2025-08-26T01:52:54Z,2,https://github.com/pytorch/pytorch/issues/160196
3304356351,160193,[CI] Inherit PYTHONPATH from env instead of overriding it completely,closed,srinivamd,2025-08-08T15:01:05Z,2025-08-14T15:55:35Z,6,https://github.com/pytorch/pytorch/issues/160193
3304053417,160188,AArch64 Inductor Perf Test build fails installing torchao,closed,robert-hardwick,2025-08-08T13:25:41Z,2025-08-08T22:18:43Z,2,https://github.com/pytorch/pytorch/issues/160188
3302849933,160177,DISABLED test_fused_all_gather_scaled_matmul_gather_dim_1_scale_mode_row-wise-replicated (__main__.SymmetricMemoryTest),closed,pytorch-bot[bot],2025-08-08T06:52:36Z,2025-09-12T23:02:30Z,2,https://github.com/pytorch/pytorch/issues/160177
3302778485,160176,Add the `cutlass-sycl` submodule and set it as the default cutlass path for XPU.,closed,etaf,2025-08-08T06:18:46Z,2025-08-08T06:37:22Z,1,https://github.com/pytorch/pytorch/issues/160176
3302777533,160175,[RFC] Enable cutlass to support Intel GPU into PyTorch Inductor.,open,etaf,2025-08-08T06:18:19Z,2025-10-15T03:35:33Z,2,https://github.com/pytorch/pytorch/issues/160175
3302736744,160171,Add __riscv macro detection to support the scalar backend for RISCV,closed,zgat,2025-08-08T05:56:36Z,2025-08-11T02:49:24Z,2,https://github.com/pytorch/pytorch/issues/160171
3302719226,160170,lintrunner not support riscv64,closed,zgat,2025-08-08T05:46:43Z,2025-08-08T13:31:23Z,1,https://github.com/pytorch/pytorch/issues/160170
3302686915,160169,"When using DP + TP, DP only parameters diverge across TP ranks if using operations with non-deterministic implementations",open,alexisVallet,2025-08-08T05:27:56Z,2025-08-13T00:48:26Z,0,https://github.com/pytorch/pytorch/issues/160169
3302642552,160167,"libtorch: CMake 4.1: Error evaluating generator expression: TARGET_PROPERTY:torch,INTERFACE_LINK_LIBRARIES",open,miriameng,2025-08-08T05:03:15Z,2025-08-19T17:58:01Z,5,https://github.com/pytorch/pytorch/issues/160167
3302453418,160162,aarch64 GPU wheel release in pypi for GH200/GB200 etc,open,youkaichao,2025-08-08T03:00:18Z,2025-08-21T11:42:24Z,12,https://github.com/pytorch/pytorch/issues/160162
3302340779,160157,Symbolic function 'aten::scaled_dot_product_attention' already registered for opset 14. Replacing the existing function with new function. This is unexpected. Please report it on github..,closed,bugfyi,2025-08-08T01:34:46Z,2025-09-08T16:20:56Z,4,https://github.com/pytorch/pytorch/issues/160157
3302182179,160150,[ONNX] Exporter crashes when fx node output includes None,closed,titaiwangms,2025-08-07T23:47:58Z,2025-08-08T23:09:36Z,1,https://github.com/pytorch/pytorch/issues/160150
3301993360,160142,"Add a ""max-performance"" mode to torch.compile for aggressive optimization",open,xsgxlz,2025-08-07T21:55:50Z,2025-08-11T15:37:35Z,0,https://github.com/pytorch/pytorch/issues/160142
3301983795,160141,RuntimeError: miopenStatusUnknownError on PyTorch 2.8.0+rocm6.4,closed,winstonma,2025-08-07T21:52:21Z,2025-09-18T23:28:01Z,6,https://github.com/pytorch/pytorch/issues/160141
3301788501,160137,Can't use nvshmem triton device side function,open,tie-pilot-qxw,2025-08-07T20:33:46Z,2025-08-13T20:48:09Z,10,https://github.com/pytorch/pytorch/issues/160137
3301643420,160130,Torchrun breaks with virtual environments,open,coreyjadams,2025-08-07T19:29:16Z,2025-08-08T13:34:56Z,2,https://github.com/pytorch/pytorch/issues/160130
3301531479,160124,FX graph segments for multiple triton kernels from reduction node are broken,open,shengfukevin,2025-08-07T18:43:21Z,2025-08-18T23:50:39Z,0,https://github.com/pytorch/pytorch/issues/160124
3301500099,160122,Add tensor-aware put_signal & wait_signal Triton wrappers to NVSHMEM Triton Kernels,open,codingwithsurya,2025-08-07T18:30:34Z,2025-08-13T02:47:28Z,0,https://github.com/pytorch/pytorch/issues/160122
3301177863,160104, cuda 13 broken,closed,johnnynunez,2025-08-07T16:36:18Z,2025-08-17T14:11:44Z,17,https://github.com/pytorch/pytorch/issues/160104
3300888393,160095,X86InductorQuantizer does not quantize anything,closed,daniil-lyakhov,2025-08-07T15:06:24Z,2025-08-07T15:48:57Z,1,https://github.com/pytorch/pytorch/issues/160095
3300840342,160094,torch.library.infer_schema doesn't have full support for list types,open,zou3519,2025-08-07T14:53:12Z,2025-09-03T17:05:40Z,1,https://github.com/pytorch/pytorch/issues/160094
3300781729,160092,PyTorch 2.8: PYTHONPATH no longer respected when building from source?,closed,adamjstewart,2025-08-07T14:37:01Z,2025-08-08T16:03:53Z,4,https://github.com/pytorch/pytorch/issues/160092
3300417299,160085,DISABLED test_fused_all_gather_scaled_matmul_gather_dim_0_scale_mode_tensor-wise (__main__.SymmetricMemoryTest),closed,pytorch-bot[bot],2025-08-07T12:59:03Z,2025-09-12T23:02:29Z,3,https://github.com/pytorch/pytorch/issues/160085
3300409336,160084,Regression on compile with backend inductor with torch 2.8,closed,SunMarc,2025-08-07T12:56:43Z,2025-08-11T17:57:35Z,8,https://github.com/pytorch/pytorch/issues/160084
3300374050,160083,compile regression on forward pre hook with prepend=True,open,volcacius,2025-08-07T12:46:58Z,2025-08-11T18:25:29Z,1,https://github.com/pytorch/pytorch/issues/160083
3299961018,160077,'torch._tensor' has no attribute 'split' while using torch.compile under torch.device context.,closed,kshitij12345,2025-08-07T10:40:09Z,2025-09-06T05:16:22Z,2,https://github.com/pytorch/pytorch/issues/160077
3299797444,160074,FlexAttention backward compilation failure with GQA on NVIDIA B200,closed,rciocoiu,2025-08-07T09:48:03Z,2025-08-14T03:47:04Z,2,https://github.com/pytorch/pytorch/issues/160074
3299479101,160071,[TorchDynamo] excessive stack use: stack is 3286 deep on A100 with AMD EPYC CPU,open,XumingGai,2025-08-07T08:09:26Z,2025-08-23T13:30:03Z,1,https://github.com/pytorch/pytorch/issues/160071
3299452202,160069,torch.cuda.empty_cache() shall support MemPool as an argument just like the C++ interface,closed,zhenhuaw-me,2025-08-07T08:01:15Z,2025-09-19T22:28:07Z,11,https://github.com/pytorch/pytorch/issues/160069
3299354199,160068,FSDP2 not compatible with transformers >= 4.54.0 GenericForTokenClassification,open,ETOgaosion,2025-08-07T07:29:28Z,2025-08-15T07:52:22Z,3,https://github.com/pytorch/pytorch/issues/160068
3299230028,160066,"`torch.compile` crashes on model exported via `torch.export`, with lifted constant from cache tensor",open,tinywisdom,2025-08-07T06:50:29Z,2025-08-08T01:23:13Z,2,https://github.com/pytorch/pytorch/issues/160066
3299147387,160064,"MultiheadAttention returns all NaN when using attn_mask to fully mask some heads, and using `need_weights=True`",open,dibgerge,2025-08-07T06:15:49Z,2025-08-08T21:23:31Z,1,https://github.com/pytorch/pytorch/issues/160064
3298968061,160059,torch.jit.script fails with 'undefined value' error when module has @torch.compiler.disable decorator (regression in 2.8.0),closed,hassonofer,2025-08-07T04:55:57Z,2025-08-09T11:36:33Z,8,https://github.com/pytorch/pytorch/issues/160059
3298726042,160057,Error raised when running torch.compile under FakeTensorMode context,open,chentianyi16,2025-08-07T03:05:18Z,2025-09-11T04:14:56Z,4,https://github.com/pytorch/pytorch/issues/160057
3298600609,160053,"`torch.Pad(mode=""circular"")` doesn't work for 4D or 5D input despite error msg",closed,JulianKnodt,2025-08-07T01:44:56Z,2025-09-02T07:16:03Z,2,https://github.com/pytorch/pytorch/issues/160053
3298522201,160052,DISABLED test_flop_counter_op_options0_cuda_float16 (__main__.TestSchedulerCUDA),closed,pytorch-bot[bot],2025-08-07T01:02:26Z,2025-09-02T12:57:28Z,2,https://github.com/pytorch/pytorch/issues/160052
3298522135,160051,DISABLED test_cat_extern_kernel_dynamic_shapes_mps (__main__.DynamicShapesGPUTests),closed,pytorch-bot[bot],2025-08-07T01:02:23Z,2025-08-21T18:48:00Z,2,https://github.com/pytorch/pytorch/issues/160051
3298522077,160050,DISABLED test_retracibility_nested_list_out_dynamic_shapes (__main__.DynamicShapesExportTests),closed,pytorch-bot[bot],2025-08-07T01:02:20Z,2025-10-01T01:08:53Z,4,https://github.com/pytorch/pytorch/issues/160050
3298522021,160049,DISABLED test_fused_all_gather_scaled_matmul_gather_dim_0_scale_mode_row-wise-sharded (__main__.SymmetricMemoryTest),closed,pytorch-bot[bot],2025-08-07T01:02:17Z,2025-09-12T23:02:28Z,2,https://github.com/pytorch/pytorch/issues/160049
3298426388,160034,error message for `Tensor.index_put_` could be improved for MPS failure mode,closed,alisterburt,2025-08-06T23:56:29Z,2025-09-08T12:09:44Z,2,https://github.com/pytorch/pytorch/issues/160034
3298388832,160018,Triton kernel generated for Flex Attention throws InductorError: RuntimeError: No valid triton configs when seq length < 128,open,yubofredwang,2025-08-06T23:36:19Z,2025-10-16T02:41:26Z,12,https://github.com/pytorch/pytorch/issues/160018
3298384214,160016,Requesting improved torch.auto_grad.detect_anomaly() for NaN detection,open,profPlum,2025-08-06T23:33:01Z,2025-09-18T15:02:47Z,8,https://github.com/pytorch/pytorch/issues/160016
3298270207,160006,Support NUMA Binding for Callable entrypoints to `elastic_launch`,open,pdesupinski,2025-08-06T22:29:40Z,2025-08-14T05:21:31Z,2,https://github.com/pytorch/pytorch/issues/160006
3298267695,160005,[BE][download.pytorch.org] Index fix user navigation,open,atalman,2025-08-06T22:28:12Z,2025-08-12T20:28:33Z,0,https://github.com/pytorch/pytorch/issues/160005
3298027503,159995,`torch._inductor.aoti_compile_and_package` fails with CUDA kernels inside of a `torch.cond`,closed,tagebranchpredictor,2025-08-06T20:48:10Z,2025-08-18T15:42:22Z,5,https://github.com/pytorch/pytorch/issues/159995
3297968503,159991,[DTensor] Decide / Document RNG semantics,closed,wconstab,2025-08-06T20:26:44Z,2025-08-21T22:02:19Z,13,https://github.com/pytorch/pytorch/issues/159991
3297939524,159987,@require_world_size(4) macro is ambiguous or buggy,closed,nWEIdia,2025-08-06T20:16:52Z,2025-08-18T21:15:36Z,1,https://github.com/pytorch/pytorch/issues/159987
3297744649,159980,[RFC] Cuda support matrix for Release 2.9,closed,atalman,2025-08-06T19:01:03Z,2025-09-25T14:57:33Z,10,https://github.com/pytorch/pytorch/issues/159980
3297596589,159974,Segmentation fault when using torch.compile with PyTorch 2.8.0 XPU on Intel ARC A770,closed,Disty0,2025-08-06T18:09:29Z,2025-09-10T12:39:30Z,17,https://github.com/pytorch/pytorch/issues/159974
3297581216,159972,[Docs] 2.8 version is listed twice,closed,malfet,2025-08-06T18:03:58Z,2025-08-06T21:13:24Z,4,https://github.com/pytorch/pytorch/issues/159972
3297548370,159970,SAC compatibility with compiled flex attention,open,LTMeyer,2025-08-06T17:51:17Z,2025-08-11T15:39:31Z,0,https://github.com/pytorch/pytorch/issues/159970
3297330243,159963,PyTorch Improper Resource Shutdown or Release vulnerability,closed,ata-turhan,2025-08-06T16:29:23Z,2025-08-14T01:07:56Z,3,https://github.com/pytorch/pytorch/issues/159963
3297289330,159962,Compile error with gcc-14 when building vec_test_all_types,open,jsmolic,2025-08-06T16:13:24Z,2025-08-06T16:17:46Z,1,https://github.com/pytorch/pytorch/issues/159962
3297100036,159960,addmv bfloat16 inconsistency on x86,closed,CWOA,2025-08-06T15:08:53Z,2025-08-07T08:48:58Z,1,https://github.com/pytorch/pytorch/issues/159960
3296986025,159959,TensorMetadata not retained during DTensor convolution double backpropagation,open,jvwilliams23,2025-08-06T14:38:24Z,2025-08-11T18:45:58Z,1,https://github.com/pytorch/pytorch/issues/159959
3296928158,159958,torch.compile regression on side-effects between torch 2.7.1 and 2.8 (final RC),closed,volcacius,2025-08-06T14:23:34Z,2025-08-23T23:55:29Z,14,https://github.com/pytorch/pytorch/issues/159958
3296704095,159955,`torch.export` fails on `torch.cond` that dispatches Triton kernels (`SpecViolationError: missing val`),closed,tagebranchpredictor,2025-08-06T13:23:10Z,2025-08-06T20:33:46Z,4,https://github.com/pytorch/pytorch/issues/159955
3296518313,159954,CUDA initialization: CUDA unknown error,closed,KrishBakshi,2025-08-06T12:28:33Z,2025-10-11T23:33:52Z,1,https://github.com/pytorch/pytorch/issues/159954
3296219914,159952,DISABLED test_multiple_mutations_of_buf (__main__.TestOperatorReorderForPeakMemory),closed,etaf,2025-08-06T10:53:02Z,2025-08-12T01:51:04Z,1,https://github.com/pytorch/pytorch/issues/159952
3296211995,159951,DISABLED test_hop (__main__.TorchFunctionModeTests),closed,etaf,2025-08-06T10:50:23Z,2025-08-07T02:06:41Z,2,https://github.com/pytorch/pytorch/issues/159951
3296209088,159950,DISABLED test_hop_eager (__main__.TorchFunctionModeTests),closed,etaf,2025-08-06T10:49:38Z,2025-08-07T02:07:06Z,2,https://github.com/pytorch/pytorch/issues/159950
3295976974,159947,Add official statically linked libtorch libraries,open,kirillmeisser,2025-08-06T09:30:21Z,2025-08-13T07:06:24Z,2,https://github.com/pytorch/pytorch/issues/159947
3295820333,159945,Wrong backend assigned to Intel Gaudi (HPU) devices in PT 2.8.0,open,amathewc,2025-08-06T08:48:01Z,2025-08-07T06:00:23Z,1,https://github.com/pytorch/pytorch/issues/159945
3295650962,159942,Is is possible for pytorch pipeline parallelism to support dynamic shapes(input/output),open,KimbingNg,2025-08-06T08:03:29Z,2025-08-11T15:34:54Z,3,https://github.com/pytorch/pytorch/issues/159942
3295512478,159940,scaled_mm Triton implementation causes wrong results on (at least) H100,open,Flamefire,2025-08-06T07:25:33Z,2025-09-11T18:10:12Z,14,https://github.com/pytorch/pytorch/issues/159940
3295149049,159932,Cannot view dtype of tensor which is contiguous due to numel=1 but has non-standard striding,open,alpha-baby,2025-08-06T04:34:55Z,2025-08-13T02:52:38Z,4,https://github.com/pytorch/pytorch/issues/159932
3294973307,159928,`torch.onnx.export` fails when exporting custom operator with bfloat16 constant tensor,closed,KarlDe1,2025-08-06T02:33:10Z,2025-08-24T20:24:41Z,2,https://github.com/pytorch/pytorch/issues/159928
3294957889,159927,torch.multinomial sample behavior is not consist with sample numbers,closed,folaro,2025-08-06T02:21:36Z,2025-08-11T12:58:07Z,4,https://github.com/pytorch/pytorch/issues/159927
3294893700,159925,DISABLED test_comment_graph_fragment (__main__.TritonCodeGenTests),closed,etaf,2025-08-06T01:38:29Z,2025-08-07T02:08:35Z,2,https://github.com/pytorch/pytorch/issues/159925
3294838719,159921,DISABLED test_fused_all_gather_scaled_matmul_gather_dim_0_scale_mode_row-wise-replicated (__main__.SymmetricMemoryTest),closed,pytorch-bot[bot],2025-08-06T01:02:01Z,2025-09-12T23:02:27Z,2,https://github.com/pytorch/pytorch/issues/159921
3294771802,159918,[export] Tensor subclass decomposition breaks state dict contracts,open,angelayi,2025-08-06T00:19:40Z,2025-09-24T15:20:27Z,3,https://github.com/pytorch/pytorch/issues/159918
3294684713,159914,`test_non_contiguous_input_mm_plus_mm` looks broken on B200,open,eqy,2025-08-05T23:17:22Z,2025-08-22T23:02:14Z,3,https://github.com/pytorch/pytorch/issues/159914
3294534562,159906,New at::HostAllocator interface prevents using more than one allocator implementation for a device type,open,galv,2025-08-05T21:44:41Z,2025-08-26T23:22:14Z,3,https://github.com/pytorch/pytorch/issues/159906
3294382813,159899,UNSTABLE Check mergeability of ghstack PR / ghstack-mergeability-check,closed,clee2000,2025-08-05T20:43:04Z,2025-08-13T01:03:04Z,4,https://github.com/pytorch/pytorch/issues/159899
3294150001,159894,UNSTABLE Check Labels / Check labels,closed,clee2000,2025-08-05T19:11:18Z,2025-08-13T03:46:44Z,3,https://github.com/pytorch/pytorch/issues/159894
3294110064,159892,[RFC] CUDAPluggableAllocator receives malloc request of size zero.,closed,siyuanchai1999,2025-08-05T18:55:05Z,2025-08-08T00:44:02Z,4,https://github.com/pytorch/pytorch/issues/159892
3293994416,159886,torch._dynamo documentation,open,morrison-turnansky,2025-08-05T18:09:01Z,2025-08-06T15:10:43Z,5,https://github.com/pytorch/pytorch/issues/159886
3293834208,159882,Implement `grid_sampler_3d` for MPS,closed,kurtamohler,2025-08-05T17:10:48Z,2025-08-15T16:19:28Z,0,https://github.com/pytorch/pytorch/issues/159882
3293826678,159880,Nightly libtorch links on website are incorrect,closed,malfet,2025-08-05T17:08:29Z,2025-08-05T19:46:42Z,4,https://github.com/pytorch/pytorch/issues/159880
3293559304,159872,torch.sparse.to_sparse_semi_structured generate irrelevant values with dtype half or int8,closed,mhahmadilivany,2025-08-05T15:32:10Z,2025-08-07T10:05:36Z,2,https://github.com/pytorch/pytorch/issues/159872
3293467112,159870,`torch.nn.functional.sigmoid` produces inconsistent results on different device for complex inputs,open,rookieLiu2018,2025-08-05T15:04:31Z,2025-08-31T15:47:52Z,3,https://github.com/pytorch/pytorch/issues/159870
3293310865,159866,BE: enable auto reformat List to list and similar typing,open,ezyang,2025-08-05T14:17:33Z,2025-08-12T20:26:31Z,2,https://github.com/pytorch/pytorch/issues/159866
3293026272,159860,DISABLED test_upper_bound_i64_cuda (__main__.AOTInductorTestABICompatibleGpu),open,pytorch-bot[bot],2025-08-05T12:59:03Z,2025-10-07T06:50:59Z,13,https://github.com/pytorch/pytorch/issues/159860
3292383088,159855,[compile] Correctness and reproducibility issue,closed,Cyrilvallez,2025-08-05T09:47:02Z,2025-10-02T17:35:37Z,20,https://github.com/pytorch/pytorch/issues/159855
3292141129,159852,`torch.cond()` behaves inconsistently when using symbolic predicate,open,tinywisdom,2025-08-05T08:34:34Z,2025-08-07T17:03:06Z,4,https://github.com/pytorch/pytorch/issues/159852
3292111356,159851,"Add CUDA kernel support for RTX 5070 Ti (Ada Lovelace, SM 8.9)",closed,kradk808,2025-08-05T08:25:06Z,2025-08-05T18:03:52Z,2,https://github.com/pytorch/pytorch/issues/159851
3292100456,159848,"`tree_flatten(some_pytree, lambda x: isinstance(x, Tensor))` yields `[None], _`",open,PierreQuinton,2025-08-05T08:21:25Z,2025-08-07T13:57:50Z,1,https://github.com/pytorch/pytorch/issues/159848
3291960952,159847,[Feature Request] Add support for CUDA sm_120 (RTX 5070 Ti) in prebuilt PyTorch binaries,closed,Sushant200210,2025-08-05T07:37:54Z,2025-08-05T12:35:43Z,8,https://github.com/pytorch/pytorch/issues/159847
3291934754,159846,Reproducibility on different platform,closed,songh11,2025-08-05T07:30:24Z,2025-08-06T14:37:42Z,1,https://github.com/pytorch/pytorch/issues/159846
3291756566,159843,[DTensor] nn.Embedding Compile Failure when Creating FX Graph,open,azahed98,2025-08-05T06:24:23Z,2025-08-18T22:22:46Z,3,https://github.com/pytorch/pytorch/issues/159843
3291502049,159838,C++23 forward declaration error :`invalid application of 'sizeof' to an incomplete type 'torch::_export::Graph'`,open,BwL1289,2025-08-05T04:18:23Z,2025-08-06T14:13:32Z,5,https://github.com/pytorch/pytorch/issues/159838
3291428737,159836,Missing documentation for device mesh on DDP,open,conceptofmind,2025-08-05T03:37:14Z,2025-08-25T21:38:52Z,5,https://github.com/pytorch/pytorch/issues/159836
3291273332,159831,ModuleDict subscription no longer works after compile().,open,torshie,2025-08-05T01:57:20Z,2025-08-05T21:24:40Z,1,https://github.com/pytorch/pytorch/issues/159831
3291217149,159829,native_layer_norm_backward supports mixed precision for PrivateUse1,closed,markc-614,2025-08-05T01:25:02Z,2025-09-17T20:29:14Z,2,https://github.com/pytorch/pytorch/issues/159829
3291156613,159825,ghstack-mergeability-check and Check labels failing with 'Resource not accessible by integration',closed,seemethere,2025-08-05T00:37:25Z,2025-08-06T20:27:53Z,4,https://github.com/pytorch/pytorch/issues/159825
3291106272,159819,latest torch nightly build causing torchao CI tests with fsdp2 to fail,open,danielvegamyhre,2025-08-04T23:56:15Z,2025-08-05T01:13:27Z,1,https://github.com/pytorch/pytorch/issues/159819
3290895422,159803,DISABLED test_repeat_interleave_2_dynamic_shapes_xpu (__main__.DynamicShapesCodegenGPUTests),closed,izaitsevfb,2025-08-04T21:57:06Z,2025-08-08T22:16:21Z,5,https://github.com/pytorch/pytorch/issues/159803
3290872152,159802,DISABLED test_pin_memory_no_cuda (__main__.TestDictDataLoader),closed,izaitsevfb,2025-08-04T21:46:35Z,2025-08-05T03:46:49Z,2,https://github.com/pytorch/pytorch/issues/159802
3290485647,159787,strict export failing to capture side effect,closed,tugsbayasgalan,2025-08-04T19:03:14Z,2025-08-26T01:53:30Z,0,https://github.com/pytorch/pytorch/issues/159787
3290431977,159784,Immutable assignment (akin to `array.at[...]` in JAX),open,keunhong,2025-08-04T18:39:51Z,2025-08-13T07:15:51Z,7,https://github.com/pytorch/pytorch/issues/159784
3290387840,159783,Integration with ONNX 1.19.0,open,yuanyao-nv,2025-08-04T18:20:18Z,2025-08-20T17:26:46Z,1,https://github.com/pytorch/pytorch/issues/159783
3290387331,159782,H100 instances have long queue  in CI,closed,yangw-dev,2025-08-04T18:20:04Z,2025-08-04T19:21:27Z,1,https://github.com/pytorch/pytorch/issues/159782
3290372252,159781,MacOS Python 3.13t wheel is build for macOS 14.0+ ARM64 while Py3.9-3.13 wheels are for macOS 11.0+ ARM64,open,atalman,2025-08-04T18:14:14Z,2025-08-13T18:24:11Z,6,https://github.com/pytorch/pytorch/issues/159781
3290340527,159779,Enable CUDA 13.0 binaries,closed,tinglvv,2025-08-04T18:02:18Z,2025-10-14T23:03:41Z,15,https://github.com/pytorch/pytorch/issues/159779
3290016853,159771,The recorded tid in torch kineto profiler do not match with syscall(SYS_gettid) or pthread_self() in Linux,closed,FizzHerbert,2025-08-04T16:06:05Z,2025-08-05T09:21:56Z,1,https://github.com/pytorch/pytorch/issues/159771
3289981881,159770,extract statistics from attention weights in FlexAttention,open,HP2706,2025-08-04T15:54:41Z,2025-08-27T20:35:34Z,2,https://github.com/pytorch/pytorch/issues/159770
3289925603,159769,Inductor codegen for float8 dynamic quantization ops for scaled_grouped_mm backward pass is slow,open,danielvegamyhre,2025-08-04T15:35:25Z,2025-08-18T19:39:25Z,21,https://github.com/pytorch/pytorch/issues/159769
3289389529,159765,Add nn.GradBank for gradient scaling to prevent vanishing/exploding gradients,open,danindiana,2025-08-04T13:09:38Z,2025-08-08T18:54:19Z,5,https://github.com/pytorch/pytorch/issues/159765
3289348444,159764,DISABLED test_fused_all_gather_matmul_native_symm_mem_input_True_is_b_row_major_True (__main__.SymmetricMemoryTest),closed,pytorch-bot[bot],2025-08-04T12:59:10Z,2025-09-12T23:02:26Z,3,https://github.com/pytorch/pytorch/issues/159764
3287879954,159750,"torch.nn.functional.pairwise_distcance fail to get the right grad when tensor is big (Tensor[100, 42949673])",closed,wangyuwen1999,2025-08-04T03:28:11Z,2025-08-20T16:30:25Z,1,https://github.com/pytorch/pytorch/issues/159750
3287724460,159748,Invoked with: <Future at 0x193d47f3190 state=finished returned int>,closed,djxnqp,2025-08-04T01:16:24Z,2025-08-04T07:39:22Z,2,https://github.com/pytorch/pytorch/issues/159748
3287723295,159747,"RuntimeError: fn INTERNAL ASSERT FAILED at ""C:\\actions-runner\\_work\\pytorch\\pytorch\\builder\\windows\\pytorch\\torch\\csrc\\distributed\\c10d\\init.cpp"":169, please report a bug to PyTorch. Not implemented.",closed,djxnqp,2025-08-04T01:15:17Z,2025-08-04T01:30:06Z,1,https://github.com/pytorch/pytorch/issues/159747
3287720816,159746,"ValueError: Error initializing torch.distributed using env:// rendezvous: environment variable RANK expected, but not set",closed,djxnqp,2025-08-04T01:13:08Z,2025-08-04T01:57:54Z,1,https://github.com/pytorch/pytorch/issues/159746
3287718231,159745,"RuntimeError: Expected one of cpu, cuda, ipu, xpu, mkldnn, opengl, opencl, ideep, hip, ve, fpga, ort, xla, lazy, vulkan, mps, meta, hpu, mtia, privateuseone device type at start of device string: h",closed,djxnqp,2025-08-04T01:10:26Z,2025-08-04T01:27:13Z,1,https://github.com/pytorch/pytorch/issues/159745
3287714444,159744,RuntimeError: Tried to instantiate dummy base class Stream,closed,djxnqp,2025-08-04T01:06:37Z,2025-10-11T23:21:39Z,2,https://github.com/pytorch/pytorch/issues/159744
3287712472,159743,NotImplementedError: Could not run 'aten::q_scale' with arguments from the 'CPU',open,djxnqp,2025-08-04T01:04:34Z,2025-08-07T02:05:54Z,1,https://github.com/pytorch/pytorch/issues/159743
3287709473,159742,RuntimeError: Distributed package doesn't have NCCL built in,closed,djxnqp,2025-08-04T01:01:31Z,2025-08-04T01:31:34Z,1,https://github.com/pytorch/pytorch/issues/159742
3287706389,159741,The algorithm failed to converge because the input matrix is ill-conditioned or has too many repeated eigenvalues,closed,djxnqp,2025-08-04T00:58:33Z,2025-08-04T01:32:07Z,1,https://github.com/pytorch/pytorch/issues/159741
3287702464,159740,Better error message when requesting pinned memory on cpu-only system,open,djxnqp,2025-08-04T00:54:30Z,2025-08-04T01:40:19Z,1,https://github.com/pytorch/pytorch/issues/159740
3287700336,159739,torch.empty should consider np.bool while parsing args,open,djxnqp,2025-08-04T00:52:20Z,2025-08-05T18:09:56Z,4,https://github.com/pytorch/pytorch/issues/159739
3287395545,159728,The device (Intel(R) Graphics [0x64a0]) doesn't support querying the available free memory.,closed,gsilva2016,2025-08-03T17:42:02Z,2025-08-04T22:17:20Z,2,https://github.com/pytorch/pytorch/issues/159728
3285913614,159714,[RFC] Experimental Wheel Variant Support,open,atalman,2025-08-02T12:58:03Z,2025-09-03T16:12:19Z,1,https://github.com/pytorch/pytorch/issues/159714
3285888584,159713,[MPS Crash] Assertion failed in _getLSTMGradKernelDAGObject using LSTM on macOS with MPS backend,open,HARISH-CS-01,2025-08-02T12:25:07Z,2025-08-04T10:45:24Z,1,https://github.com/pytorch/pytorch/issues/159713
3285824203,159711,Support dict as input/output for pipeline parallelism,open,man2machine,2025-08-02T10:35:59Z,2025-08-16T19:19:54Z,6,https://github.com/pytorch/pytorch/issues/159711
3285788700,159710,Update RuntimeError message in `is_nonzero(input)` method from `bool` to `Boolean`,closed,PyDevC,2025-08-02T09:43:49Z,2025-08-02T17:23:48Z,5,https://github.com/pytorch/pytorch/issues/159710
3285714656,159709,[DTensor] Compile w/dynamic shapes - Untracked Proxy for symbolic expression for some shapes and requires_grad=True,open,azahed98,2025-08-02T08:08:30Z,2025-10-01T18:39:10Z,3,https://github.com/pytorch/pytorch/issues/159709
3285641091,159706,Wrong shapes for context_parallel with small head size,open,ad8e,2025-08-02T05:53:32Z,2025-08-04T15:51:17Z,0,https://github.com/pytorch/pytorch/issues/159706
3285606634,159704,Triton 3.5 / PyTorch 2.9 Pin Update Tracker,open,davidberard98,2025-08-02T04:59:15Z,2025-10-16T22:21:14Z,8,https://github.com/pytorch/pytorch/issues/159704
3285500778,159703,Invalid sha commit for vllm,closed,yangw-dev,2025-08-02T02:15:23Z,2025-10-07T20:03:52Z,3,https://github.com/pytorch/pytorch/issues/159703
3285421674,159700,Async checkpointing - hang when 2 handles are created,closed,S1ro1,2025-08-02T00:44:17Z,2025-09-12T20:35:18Z,2,https://github.com/pytorch/pytorch/issues/159700
3285303695,159686,"c10d broadcast copies at::Tensor, creates footgun for downstream implementations",open,voznesenskym,2025-08-01T22:55:18Z,2025-09-02T03:15:33Z,3,https://github.com/pytorch/pytorch/issues/159686
3285277449,159685,extern kernel's get_free_symbols seems incomplete,closed,ydwu4,2025-08-01T22:33:35Z,2025-09-29T20:31:49Z,2,https://github.com/pytorch/pytorch/issues/159685
3285211556,159680,[Benchmark Dashboard] Kernel-level benchmark,open,BoyuanFeng,2025-08-01T21:45:05Z,2025-08-12T20:15:59Z,2,https://github.com/pytorch/pytorch/issues/159680
3285164461,159676,[Benchmark Dashboard] Track quarterly change,open,BoyuanFeng,2025-08-01T21:21:36Z,2025-08-12T20:14:54Z,0,https://github.com/pytorch/pytorch/issues/159676
3285152013,159675,[Benchmark Dashboard] Slow UI load,closed,BoyuanFeng,2025-08-01T21:15:31Z,2025-10-03T06:21:28Z,2,https://github.com/pytorch/pytorch/issues/159675
3285150878,159674,OOM when using use_mem_pool due to restriction on retry,open,siyuanchai1999,2025-08-01T21:15:07Z,2025-09-23T17:58:14Z,2,https://github.com/pytorch/pytorch/issues/159674
3285031257,159669,Torch Compile. CudaGraphs Memory leak,open,CodingWookie,2025-08-01T20:17:29Z,2025-08-10T17:47:35Z,2,https://github.com/pytorch/pytorch/issues/159669
3285000722,159667,"Non-tensor auxiliary types don't work in torch.func.{grad, value_and_grad}",open,hexane360,2025-08-01T20:02:58Z,2025-09-04T19:21:02Z,1,https://github.com/pytorch/pytorch/issues/159667
3284833189,159663,DISABLED test_mempool_empty_cache_inactive (__main__.TestMemPool),open,pytorch-bot[bot],2025-08-01T18:51:12Z,2025-08-04T18:52:35Z,2,https://github.com/pytorch/pytorch/issues/159663
3284775088,159660,"x.new_empty() doesn't preserve the stride of x, but we're using it everywhere for meta implementation",open,yushangdi,2025-08-01T18:26:58Z,2025-08-13T20:22:37Z,2,https://github.com/pytorch/pytorch/issues/159660
3284487135,159651,Failing to create ec2 instances -> lots of queueing,closed,clee2000,2025-08-01T16:30:01Z,2025-08-04T17:12:53Z,2,https://github.com/pytorch/pytorch/issues/159651
3283969037,159645,"import torch hangs when running in subprocess with preexec_fn=os.setpgrp, python >=3.13, conda env",open,fmamberti-wandb,2025-08-01T13:33:54Z,2025-09-12T23:39:08Z,9,https://github.com/pytorch/pytorch/issues/159645
3283853200,159644,DISABLED test_grad_with_manual_ScheduleClass0_shape_inference_False (__main__.ScheduleTest),closed,pytorch-bot[bot],2025-08-01T12:58:52Z,2025-08-02T23:33:46Z,3,https://github.com/pytorch/pytorch/issues/159644
3283853056,159643,DISABLED test_fused_all_gather_matmul_gather_dim_1 (__main__.SymmetricMemoryTest),closed,pytorch-bot[bot],2025-08-01T12:58:49Z,2025-09-12T23:02:22Z,3,https://github.com/pytorch/pytorch/issues/159643
3283369551,159641,possibly a bug in torch._C._cuda_getDeviceCount,closed,cyr0930,2025-08-01T10:15:46Z,2025-08-01T22:32:09Z,3,https://github.com/pytorch/pytorch/issues/159641
3283084356,159637,Fix the description of `alpha` in `torch.sub`,closed,ILCSFNO,2025-08-01T08:43:19Z,2025-08-07T19:50:39Z,2,https://github.com/pytorch/pytorch/issues/159637
3283028197,159635,Is DTensor support dynamic shapes while using torch.compile ?,open,DefTruth,2025-08-01T08:21:42Z,2025-09-23T21:26:46Z,9,https://github.com/pytorch/pytorch/issues/159635
3283002185,159634,Context_parallel only works with at least one tensor to shard,closed,ad8e,2025-08-01T08:12:00Z,2025-08-02T19:04:27Z,1,https://github.com/pytorch/pytorch/issues/159634
3283000515,159633,Performance bug on `mode` of `torch.autograd.grad_mode.inference_mode`,closed,ILCSFNO,2025-08-01T08:11:17Z,2025-08-06T22:07:46Z,1,https://github.com/pytorch/pytorch/issues/159633
3282898454,159631,DISABLED test_addmm_dtype_mismatch (__main__.TestPatternMatcher),closed,etaf,2025-08-01T07:30:58Z,2025-08-06T20:02:23Z,1,https://github.com/pytorch/pytorch/issues/159631
3282896980,159630,pytorch 2.2.2 doesn't support opset 21,closed,hitbuyi,2025-08-01T07:30:23Z,2025-08-04T19:15:33Z,1,https://github.com/pytorch/pytorch/issues/159630
3282799895,159628,DISABLED test_addmm_multiple_dynamic_cuda (__main__.AOTInductorTestABICompatibleGpu),closed,pytorch-bot[bot],2025-08-01T06:52:19Z,2025-09-30T01:03:30Z,12,https://github.com/pytorch/pytorch/issues/159628
3282799796,159627,DISABLED test_trusted_repo_false_yes (__main__.TestHub),open,pytorch-bot[bot],2025-08-01T06:52:16Z,2025-08-04T16:11:57Z,2,https://github.com/pytorch/pytorch/issues/159627
3282444948,159623,grad change + forward in export,closed,tugsbayasgalan,2025-08-01T03:44:08Z,2025-09-26T02:58:52Z,0,https://github.com/pytorch/pytorch/issues/159623
3282419273,159622,Performance bug on `inplace` of `nn.ELU`,open,ILCSFNO,2025-08-01T03:30:46Z,2025-08-06T19:19:14Z,5,https://github.com/pytorch/pytorch/issues/159622
3282306023,159620,torch._grouped_mm bug in backward pass,closed,danielvegamyhre,2025-08-01T02:40:10Z,2025-08-01T19:34:06Z,5,https://github.com/pytorch/pytorch/issues/159620
3282260437,159616,Fix the Doc of `pivot` in `torch.lu`,closed,ILCSFNO,2025-08-01T02:14:28Z,2025-08-13T18:30:57Z,1,https://github.com/pytorch/pytorch/issues/159616
3282103759,159613,[Torch FX] subgraph_rewriter.replace_pattern does not handle back-to-back matches correctly.,open,rvijayc,2025-08-01T00:44:08Z,2025-08-04T16:19:01Z,1,https://github.com/pytorch/pytorch/issues/159613
3282094006,159612,"Inductor layout not consistent with eager layout, causing extra contiguous call",closed,yushangdi,2025-08-01T00:38:15Z,2025-08-04T23:57:03Z,2,https://github.com/pytorch/pytorch/issues/159612
3281976203,159601,SimpleFSDP + TP embedding sharding error,closed,ruisizhang123,2025-07-31T23:18:03Z,2025-08-18T22:59:25Z,15,https://github.com/pytorch/pytorch/issues/159601
3281952822,159599,[CI] Executorch pin needs an update,closed,clee2000,2025-07-31T23:02:57Z,2025-09-18T22:10:50Z,1,https://github.com/pytorch/pytorch/issues/159599
3281858885,159594,"During CUDA graph capture, CUDACachingAllocator could potentially trigger cudaFree()",open,libertyeagle,2025-07-31T22:07:44Z,2025-08-04T17:37:41Z,2,https://github.com/pytorch/pytorch/issues/159594
3281791472,159590,DTensor Compile w/ Dynamic Shapes Autograd - Unhashable SymInt in sharding propagation when inputs have requires_grad=True,closed,azahed98,2025-07-31T21:32:57Z,2025-09-09T03:52:08Z,3,https://github.com/pytorch/pytorch/issues/159590
3280854726,159568,Memory Reordering Should not Try Catch Exceptions,closed,eellison,2025-07-31T15:18:45Z,2025-08-22T13:38:19Z,1,https://github.com/pytorch/pytorch/issues/159568
3280839156,159567,release_available_cached_blocks() adds wrong releaseSize to totalReleased and can crash if cur is pointing to last position,closed,ronbos,2025-07-31T15:13:51Z,2025-09-08T17:46:47Z,2,https://github.com/pytorch/pytorch/issues/159567
3280712100,159566,Creating CUDA FakeTensors on a CPU-only device should not error,open,zou3519,2025-07-31T14:35:09Z,2025-07-31T16:32:18Z,0,https://github.com/pytorch/pytorch/issues/159566
3280651372,159564,Re-enable inactive_split_bytes when expandable_segments:True,open,DongyuXu77,2025-07-31T14:17:22Z,2025-08-04T15:51:07Z,1,https://github.com/pytorch/pytorch/issues/159564
3280641040,159563,About init_process_group with different backends,open,CCCCarpediem,2025-07-31T14:14:56Z,2025-08-04T16:02:17Z,0,https://github.com/pytorch/pytorch/issues/159563
3280561406,159560,Why torch CPU version installing CUDA libraries?,closed,debasish-mihup,2025-07-31T13:52:48Z,2025-07-31T20:54:30Z,2,https://github.com/pytorch/pytorch/issues/159560
3280213433,159559,Support NCCL register userbuffer for P2P communication in NCCL backend,open,yanminjia,2025-07-31T12:07:39Z,2025-08-02T02:12:31Z,2,https://github.com/pytorch/pytorch/issues/159559
3279653869,159555,Some args listed in description of `pickle_load_args` in `torch.load` is not valid for all `pickle_module.Unpickler`,open,ILCSFNO,2025-07-31T08:54:12Z,2025-08-20T03:33:28Z,2,https://github.com/pytorch/pytorch/issues/159555
3279211947,159551,torch.matmul performance bug on CPU,closed,jiqing-feng,2025-07-31T05:54:17Z,2025-08-04T05:53:04Z,3,https://github.com/pytorch/pytorch/issues/159551
3279133332,159550,_adaptive_avg_pool2d does not support dynamic shapes？,open,spnooyseed,2025-07-31T05:03:22Z,2025-08-04T20:14:01Z,1,https://github.com/pytorch/pytorch/issues/159550
3279116538,159548,Distributed 'gather' with the NCCL backend returns wrong results on noncontiguous tensors.,closed,tiandeyu-cs,2025-07-31T04:51:37Z,2025-08-01T03:26:09Z,0,https://github.com/pytorch/pytorch/issues/159548
3279102579,159547,grouped_mm for float16,open,ad8e,2025-07-31T04:41:02Z,2025-08-04T19:29:49Z,1,https://github.com/pytorch/pytorch/issues/159547
3278837466,159537,UnicodeDecodeError in torch.compile on Windows MSVC,closed,hxse,2025-07-31T01:15:17Z,2025-08-06T01:48:43Z,3,https://github.com/pytorch/pytorch/issues/159537
3278803768,159536,Document NCCL Symmetric memory,open,syed-ahmed,2025-07-31T00:45:59Z,2025-07-31T23:17:36Z,0,https://github.com/pytorch/pytorch/issues/159536
3278797553,159535,[CI] Ensure NcclRegistrationTest is running in CI,open,syed-ahmed,2025-07-31T00:41:02Z,2025-08-04T16:25:22Z,2,https://github.com/pytorch/pytorch/issues/159535
3278696889,159528,Remove Quantization doc page,closed,andrewor14,2025-07-30T23:30:20Z,2025-07-31T13:17:36Z,2,https://github.com/pytorch/pytorch/issues/159528
3278661143,159525,[inductor] Inductor coordinate descent autotuning interfering with triton `do_bench` results,closed,StrongerXi,2025-07-30T23:05:01Z,2025-07-31T23:33:13Z,8,https://github.com/pytorch/pytorch/issues/159525
3278610856,159520,[RFC] Enable native Windows CI/CD on ROCm,open,ScottTodd,2025-07-30T22:35:33Z,2025-08-25T22:24:17Z,7,https://github.com/pytorch/pytorch/issues/159520
3278513346,159515,Windows wheels binary size increase +400mb on 06.15.2025,closed,atalman,2025-07-30T21:40:45Z,2025-07-31T12:57:36Z,2,https://github.com/pytorch/pytorch/issues/159515
3278510542,159514,[BE] Only package top level `.lib` files into whl on Windows,closed,malfet,2025-07-30T21:39:07Z,2025-09-25T14:03:20Z,1,https://github.com/pytorch/pytorch/issues/159514
3278414641,159510,Add more tests to h100 ciflow,open,eellison,2025-07-30T20:53:14Z,2025-07-31T17:17:21Z,2,https://github.com/pytorch/pytorch/issues/159510
3278355269,159505,Cannot pass through None for example_inputs in prepare_fx,open,rjgleaton,2025-07-30T20:25:42Z,2025-08-07T17:25:26Z,3,https://github.com/pytorch/pytorch/issues/159505
3278131657,159499,DISABLED test_fused_all_gather_matmul_native_symm_mem_input_True_is_b_row_major_False (__main__.SymmetricMemoryTest),closed,pytorch-bot[bot],2025-07-30T18:51:09Z,2025-09-12T23:02:25Z,2,https://github.com/pytorch/pytorch/issues/159499
3278102755,159498,[FSDP2] provide profiler metadata for memory bandwidth calculation,open,weifengpy,2025-07-30T18:38:00Z,2025-07-30T18:39:52Z,0,https://github.com/pytorch/pytorch/issues/159498
3277983474,159492,`torch.compile` appears to be missing dtype checks before dispatching to native functions,closed,eqy,2025-07-30T17:53:19Z,2025-07-31T13:46:42Z,1,https://github.com/pytorch/pytorch/issues/159492
3277800906,159489,DISABLED test_strided_grad_layout (__main__.TestDataParallel),closed,jithunnair-amd,2025-07-30T16:49:59Z,2025-10-03T19:52:54Z,1,https://github.com/pytorch/pytorch/issues/159489
3277798782,159488,DISABLED test_grad_layout_1devicemodule_1replicaperprocess (__main__.DistributedDataParallelTest),closed,jithunnair-amd,2025-07-30T16:49:27Z,2025-10-03T19:52:55Z,1,https://github.com/pytorch/pytorch/issues/159488
3276971931,159472,DISABLED test_linear_dynamic_maxautotune_cuda (__main__.AOTInductorTestABICompatibleGpu),closed,pytorch-bot[bot],2025-07-30T12:58:48Z,2025-09-26T06:48:19Z,6,https://github.com/pytorch/pytorch/issues/159472
3276971777,159471,DISABLED test_undefined_grads_mode_warn (__main__.TestAutogradFallback),closed,pytorch-bot[bot],2025-07-30T12:58:45Z,2025-08-05T04:45:58Z,2,https://github.com/pytorch/pytorch/issues/159471
3276971625,159470,DISABLED test_conv_bn_relu_mod (__main__.TestFXNumericSuiteNShadows),closed,pytorch-bot[bot],2025-07-30T12:58:42Z,2025-10-03T23:26:39Z,11,https://github.com/pytorch/pytorch/issues/159470
3276487346,159469,torch compile produces nans with GQA ,closed,dabeschte,2025-07-30T10:24:21Z,2025-09-06T00:58:01Z,13,https://github.com/pytorch/pytorch/issues/159469
3276441645,159468,Dynamo ONNX Export of resize operation doesn't work as expected,open,r-remus,2025-07-30T10:07:50Z,2025-10-01T07:16:38Z,6,https://github.com/pytorch/pytorch/issues/159468
3276182811,159462,Inductor Fails on Conv1D After Permute with Stride Mismatch Error,closed,LiSsHhUuAaIi,2025-07-30T08:39:54Z,2025-09-26T15:45:06Z,3,https://github.com/pytorch/pytorch/issues/159462
3276113332,159460,`torch.compile` fails with `InternalTorchDynamoError` when module defines attribute named `parameters = None`,open,tinywisdom,2025-07-30T08:15:36Z,2025-08-27T03:32:04Z,1,https://github.com/pytorch/pytorch/issues/159460
3276095479,159458,Inductor channel last layout propagation should not transpose bmm,open,jianyizh,2025-07-30T08:10:07Z,2025-07-30T17:28:01Z,1,https://github.com/pytorch/pytorch/issues/159458
3276020743,159457,`@assume_constant_result` Causes `NameError` When Method Contains Tensor Operations and Dynamic Attribute Assignment During Compilation,open,LiSsHhUuAaIi,2025-07-30T07:42:15Z,2025-07-30T17:27:45Z,1,https://github.com/pytorch/pytorch/issues/159457
3275944370,159454,libtorch_cpu.so link libm.so issue:GLIBC_2.29 not found,open,Pulp-fiction-42,2025-07-30T07:12:02Z,2025-08-17T04:04:06Z,8,https://github.com/pytorch/pytorch/issues/159454
3275828688,159452,"torch.compile Fails for torch.sparse.spdiags with ""Offset tensor contains duplicate values"" Error",open,LiSsHhUuAaIi,2025-07-30T06:26:54Z,2025-07-30T17:26:49Z,1,https://github.com/pytorch/pytorch/issues/159452
3275697562,159447,dataloader hits CUDA error: invalid argument in data.pin_memory(device) on RTX 3090,open,sunhongling,2025-07-30T05:16:20Z,2025-08-11T17:41:04Z,3,https://github.com/pytorch/pytorch/issues/159447
3275669673,159446,not support nvidia 5060,closed,tuqizhao,2025-07-30T04:58:09Z,2025-07-31T10:26:58Z,9,https://github.com/pytorch/pytorch/issues/159446
3275648065,159445,Inductor Fails with Stride Mismatch for torch.linalg.eig,open,LiSsHhUuAaIi,2025-07-30T04:43:01Z,2025-09-08T09:28:31Z,2,https://github.com/pytorch/pytorch/issues/159445
3275621724,159444,#define CHECK causes issues with a bunch of other libraries,open,rdong8,2025-07-30T04:23:54Z,2025-07-30T13:15:48Z,0,https://github.com/pytorch/pytorch/issues/159444
3275490095,159440,torch.compile nightly: Warning spam from deprecated TF32 API,closed,xmfan,2025-07-30T02:38:37Z,2025-07-30T21:29:41Z,2,https://github.com/pytorch/pytorch/issues/159440
3275353808,159436,Add CI runners that have nvidia's fabric export enabled,open,ngimel,2025-07-30T00:47:00Z,2025-09-26T19:03:07Z,2,https://github.com/pytorch/pytorch/issues/159436
3275140926,159426,DISABLED test_sort_large_cuda_float16 (__main__.TestSortAndSelectCUDA),closed,jithunnair-amd,2025-07-29T22:29:32Z,2025-08-27T12:56:40Z,3,https://github.com/pytorch/pytorch/issues/159426
3275073080,159424,dataclass support in PT2 is missing frozen hashable and dataclass attribute access,closed,oulgen,2025-07-29T21:47:30Z,2025-07-31T07:03:04Z,5,https://github.com/pytorch/pytorch/issues/159424
3274884957,159413,Inductor Assertion Error with extremely large input,open,eellison,2025-07-29T20:23:07Z,2025-07-29T20:23:20Z,0,https://github.com/pytorch/pytorch/issues/159413
3274844553,159408,int64 mps repeat_interleave is incorrect under torch.compile,closed,v0i0,2025-07-29T20:09:07Z,2025-09-29T16:20:37Z,2,https://github.com/pytorch/pytorch/issues/159408
3274674578,159401,test/inductor/test_flex_decoding.py tests take too many steps to repro locally,open,janeyx99,2025-07-29T19:07:04Z,2025-07-30T17:21:43Z,0,https://github.com/pytorch/pytorch/issues/159401
3274665760,159400,test_aoti_abi_check and test_aoti_inference are built convolutedly,open,janeyx99,2025-07-29T19:03:00Z,2025-10-13T21:04:53Z,3,https://github.com/pytorch/pytorch/issues/159400
3274654081,159399,HAS_CUDA in the inductor tests is really HAS_CUDA_AND_TRITON,closed,janeyx99,2025-07-29T18:58:04Z,2025-08-08T15:44:55Z,9,https://github.com/pytorch/pytorch/issues/159399
3274641593,159398,DISABLED test_undefined_grads_mode_nothing (__main__.TestAutogradFallback),closed,pytorch-bot[bot],2025-07-29T18:53:02Z,2025-07-30T19:30:58Z,1,https://github.com/pytorch/pytorch/issues/159398
3274641485,159397,DISABLED test_two_shot_all_reduce (__main__.SymmMemCollectiveTest),closed,pytorch-bot[bot],2025-07-29T18:52:59Z,2025-09-16T15:35:46Z,1,https://github.com/pytorch/pytorch/issues/159397
3274641378,159396,DISABLED test_fused_all_gather_matmul_gather_dim_0 (__main__.SymmetricMemoryTest),closed,pytorch-bot[bot],2025-07-29T18:52:56Z,2025-09-12T23:02:21Z,2,https://github.com/pytorch/pytorch/issues/159396
3274453951,159384,Graph partition performance,open,BoyuanFeng,2025-07-29T17:42:26Z,2025-07-30T17:20:40Z,2,https://github.com/pytorch/pytorch/issues/159384
3274380565,159381,Graph partition + control flow op + dynamic shape,open,BoyuanFeng,2025-07-29T17:12:27Z,2025-07-30T17:20:26Z,0,https://github.com/pytorch/pytorch/issues/159381
3274349913,159380,`torch.nested.nested_tensor_from_jagged` does not automatically compute `max_seqlen`,open,alanhdu,2025-07-29T17:01:04Z,2025-09-22T17:53:31Z,2,https://github.com/pytorch/pytorch/issues/159380
3274304387,159378,"_grouped_mm with mode=""max-autotune"" gives bad output",closed,HDCharles,2025-07-29T16:46:19Z,2025-07-31T20:46:49Z,5,https://github.com/pytorch/pytorch/issues/159378
3274181496,159375,Tiny Typo mistake in Docs(torch.backends),closed,rohit-kumar-manav,2025-07-29T16:03:24Z,2025-07-30T17:41:33Z,1,https://github.com/pytorch/pytorch/issues/159375
3274025570,159372,allow_in_graph/nonstrict_trace don't work for functions that are assigned to an object and then called with method call syntax,open,ezyang,2025-07-29T15:13:15Z,2025-07-30T17:19:26Z,2,https://github.com/pytorch/pytorch/issues/159372
3273767536,159363,pad_sequence overflows when padding with larger value than int64.max - 512,open,skaae,2025-07-29T13:58:55Z,2025-07-30T13:24:01Z,0,https://github.com/pytorch/pytorch/issues/159363
3273406082,159359,Activation Checkpointing dtype Mismatch in Recomputed Activations Due to Skipped Type Casting in FSDPv2 _pre_forward,open,KimbingNg,2025-07-29T12:16:18Z,2025-09-23T22:56:47Z,8,https://github.com/pytorch/pytorch/issues/159359
3272676369,159354,distributed/rpc/test_share_memory fails with timeouts on 64bit BAR systems,open,Flamefire,2025-07-29T08:33:04Z,2025-07-31T07:06:23Z,2,https://github.com/pytorch/pytorch/issues/159354
3272652914,159353,torch.cond triggers shape mismatch with linear layer when nested in custom model,open,tinywisdom,2025-07-29T08:26:16Z,2025-07-30T18:11:12Z,3,https://github.com/pytorch/pytorch/issues/159353
3272516218,159351,不同的pytorch版本对同一模型的预测结果不一样,closed,hongzhaoming,2025-07-29T07:40:02Z,2025-07-30T13:22:13Z,4,https://github.com/pytorch/pytorch/issues/159351
3272504606,159350,torch.compile causes incorrect output with torch.distributed.all_gather,open,songh11,2025-07-29T07:36:14Z,2025-07-30T21:03:36Z,1,https://github.com/pytorch/pytorch/issues/159350
3272359162,159349,DISABLED test_supports_tensor_lists_mode_warn (__main__.TestAutogradFallback),closed,pytorch-bot[bot],2025-07-29T06:51:25Z,2025-07-30T20:54:53Z,2,https://github.com/pytorch/pytorch/issues/159349
3272358974,159348,DISABLED test_unshard_params_respects_reshard (__main__.TestUnshardParams),open,pytorch-bot[bot],2025-07-29T06:51:22Z,2025-07-29T06:51:25Z,1,https://github.com/pytorch/pytorch/issues/159348
3272358770,159347,DISABLED test_fused_all_gather_matmul_native_symm_mem_input_False_is_b_row_major_True (__main__.SymmetricMemoryTest),closed,pytorch-bot[bot],2025-07-29T06:51:19Z,2025-09-12T23:02:24Z,2,https://github.com/pytorch/pytorch/issues/159347
3272352099,159346,[AOTI] Severe Performance Regression with FP16 Autocast in AOTInductor for Small Batch Sizes,open,zzq96,2025-07-29T06:49:20Z,2025-08-21T23:25:42Z,21,https://github.com/pytorch/pytorch/issues/159346
3272020645,159340,abdallah,closed,fanta1mohamed,2025-07-29T04:33:22Z,2025-07-30T13:19:23Z,0,https://github.com/pytorch/pytorch/issues/159340
3272020331,159339,عبد الله,closed,fanta1mohamed,2025-07-29T04:33:11Z,2025-07-30T13:28:17Z,0,https://github.com/pytorch/pytorch/issues/159339
3272019274,159338,عبد الله,closed,fanta1mohamed,2025-07-29T04:32:43Z,2025-07-30T13:28:04Z,0,https://github.com/pytorch/pytorch/issues/159338
3271902773,159335,DISABLED test_comprehensive_sort_xpu_bool (__main__.TestInductorOpInfoXPU),closed,etaf,2025-07-29T03:46:46Z,2025-07-31T08:37:45Z,1,https://github.com/pytorch/pytorch/issues/159335
3271900838,159334,DISABLED test_automatic_dynamo_autotune_cache_device_xpu (__main__.TestPackage),closed,etaf,2025-07-29T03:45:19Z,2025-07-31T08:37:45Z,1,https://github.com/pytorch/pytorch/issues/159334
3271898999,159333,torch._foreach_copy_() copy all nan as same number,open,idning,2025-07-29T03:44:03Z,2025-07-30T15:30:58Z,1,https://github.com/pytorch/pytorch/issues/159333
3271896857,159332,DISABLED test_comprehensive_byte_xpu_float32 (__main__.TestInductorOpInfoXPU),closed,etaf,2025-07-29T03:42:20Z,2025-07-31T08:37:46Z,1,https://github.com/pytorch/pytorch/issues/159332
3271893666,159331,DISABLED test_compile_obj_torchbind_op_with_autocast_device_cuda_backend_aot_eager (__main__.TestCompileTorchbind),closed,etaf,2025-07-29T03:40:16Z,2025-07-31T08:37:46Z,1,https://github.com/pytorch/pytorch/issues/159331
3271891500,159330,DISABLED test_comprehensive_argsort_xpu_bool (__main__.TestInductorOpInfoXPU),closed,etaf,2025-07-29T03:39:15Z,2025-07-31T08:37:46Z,1,https://github.com/pytorch/pytorch/issues/159330
3271550329,159316,Support for non-scalar valued Loss Tensor in `_export_forward_backward()`,open,pkmandke,2025-07-28T23:52:14Z,2025-08-09T00:57:34Z,7,https://github.com/pytorch/pytorch/issues/159316
3271521701,159314,torch.nn.functional.max_unpool1d CPU/GPU Inconsistency,closed,ChaitanyaRS06,2025-07-28T23:26:58Z,2025-10-17T01:06:44Z,3,https://github.com/pytorch/pytorch/issues/159314
3271509671,159310,torch.nn.InstanceNorm2d CPU/GPU Inconsistency,closed,ChaitanyaRS06,2025-07-28T23:16:21Z,2025-07-28T23:18:21Z,0,https://github.com/pytorch/pytorch/issues/159310
3271509357,159309,torch.nn.InstanceNorm2d CPU/GPU Inconsistency,open,ChaitanyaRS06,2025-07-28T23:16:05Z,2025-07-30T01:37:56Z,4,https://github.com/pytorch/pytorch/issues/159309
3271405022,159301,#158878 seems to break `test_mempool_empty_cache`,open,eqy,2025-07-28T21:56:51Z,2025-08-04T17:59:54Z,4,https://github.com/pytorch/pytorch/issues/159301
3271356441,159299,[FlexAttention] Zero computed input gradients with torch.compile + customized autograd func,closed,MasterJH5574,2025-07-28T21:26:23Z,2025-08-12T02:51:29Z,4,https://github.com/pytorch/pytorch/issues/159299
3271296945,159295,Invalid onnx model is exported for model where data is assigned using a mask and index,closed,cgaudreau-ubisoft,2025-07-28T20:54:13Z,2025-09-03T20:13:32Z,7,https://github.com/pytorch/pytorch/issues/159295
3271148699,159290,Large PR CI queueing due to LF runners being down,closed,malfet,2025-07-28T19:48:16Z,2025-07-31T15:40:52Z,16,https://github.com/pytorch/pytorch/issues/159290
3270999643,159286,DISABLED test_graph_memory_stats_and_use_result_after_destroy_graph (__main__.TestCuda),closed,pytorch-bot[bot],2025-07-28T18:51:24Z,2025-08-11T18:52:07Z,2,https://github.com/pytorch/pytorch/issues/159286
3270999535,159285,DISABLED test_cuda_kernel_loop_overflow_large (__main__.TestCuda),closed,pytorch-bot[bot],2025-07-28T18:51:21Z,2025-08-11T18:52:16Z,2,https://github.com/pytorch/pytorch/issues/159285
3270999430,159284,DISABLED test_graph_memory_stats_and_use_result_after_destroy_graph (__main__.TestCuda),closed,pytorch-bot[bot],2025-07-28T18:51:18Z,2025-07-29T06:51:06Z,1,https://github.com/pytorch/pytorch/issues/159284
3270999306,159283,DISABLED test_cuda_kernel_loop_overflow_large (__main__.TestCuda),closed,pytorch-bot[bot],2025-07-28T18:51:15Z,2025-07-29T06:51:05Z,1,https://github.com/pytorch/pytorch/issues/159283
3270890623,159275,[MPS] Remove MacOS-13 support,closed,malfet,2025-07-28T18:08:05Z,2025-08-06T19:48:15Z,0,https://github.com/pytorch/pytorch/issues/159275
3270707533,159269,Feature Request: Allow torch::inductor::ModelPackageLoader to load from an in-memory buffer,open,rdonggroq,2025-07-28T17:09:47Z,2025-07-29T14:54:04Z,2,https://github.com/pytorch/pytorch/issues/159269
3270636497,159265,Unpin dependency version when possible,open,malfet,2025-07-28T16:45:05Z,2025-07-28T22:01:03Z,0,https://github.com/pytorch/pytorch/issues/159265
3270405165,159262,distributed.destroy_process_group uses extra GPU memory on GPU 0,closed,Staten-Wang,2025-07-28T15:38:59Z,2025-08-01T17:59:52Z,14,https://github.com/pytorch/pytorch/issues/159262
3270265261,159259,Use aten/src/ATen/native/native_functions.yaml to automatically generate tests for type hints,open,rec,2025-07-28T14:59:24Z,2025-07-28T22:02:33Z,1,https://github.com/pytorch/pytorch/issues/159259
3270247347,159258,`torch.compile` crashes when accessing a `weakref.proxy` inside a compiled method,closed,tinywisdom,2025-07-28T14:54:43Z,2025-08-28T22:34:20Z,0,https://github.com/pytorch/pytorch/issues/159258
3270171488,159257,[ONNX] Implement aten rms norm,closed,justinchuby,2025-07-28T14:33:56Z,2025-07-30T18:55:50Z,1,https://github.com/pytorch/pytorch/issues/159257
3270111851,159256,can kineto profile only one thread with corresponding gpu tasks among multithreads,open,FizzHerbert,2025-07-28T14:18:45Z,2025-07-31T15:28:22Z,4,https://github.com/pytorch/pytorch/issues/159256
3269818983,159254,DISABLED test_supports_tensor_lists_mode_nothing (__main__.TestAutogradFallback),closed,pytorch-bot[bot],2025-07-28T12:58:45Z,2025-07-30T20:54:55Z,2,https://github.com/pytorch/pytorch/issues/159254
3269818841,159253,DISABLED test_grad_with_tracer_ScheduleClass1 (__main__.ScheduleTest),closed,pytorch-bot[bot],2025-07-28T12:58:42Z,2025-08-05T15:04:53Z,3,https://github.com/pytorch/pytorch/issues/159253
3269525055,159251,[PP] Why always cache chunk outputs for last stage ?,open,mingyuanw-mt,2025-07-28T11:35:25Z,2025-10-17T16:58:05Z,4,https://github.com/pytorch/pytorch/issues/159251
3269028927,159249,[ONNX] How to export RMS Norm,closed,HuynhNguyenPhuc,2025-07-28T09:34:51Z,2025-07-30T14:22:46Z,2,https://github.com/pytorch/pytorch/issues/159249
3268710023,159248,Why use swap here？,closed,ChuBoning,2025-07-28T08:19:43Z,2025-07-28T14:12:24Z,1,https://github.com/pytorch/pytorch/issues/159248
3268595815,159247,[Flex Attention] Accuracy issue with kv length not multiple of kv block size,closed,Valentine233,2025-07-28T07:51:08Z,2025-08-30T04:50:27Z,3,https://github.com/pytorch/pytorch/issues/159247
3268356318,159245,Bug: `torch.compile` triggers C++ compile error due to conflicting declaration in generated `.cpp` code,open,tinywisdom,2025-07-28T06:40:21Z,2025-08-07T03:08:34Z,4,https://github.com/pytorch/pytorch/issues/159245
3267824268,159239,[Inductor] Inconsistent results between eager execution and torch.compile,closed,yyp0,2025-07-28T02:44:20Z,2025-09-18T22:52:05Z,12,https://github.com/pytorch/pytorch/issues/159239
3267655140,159238,Performance regression: torch.jit.trace() significantly slower on RTX 5090 than RTX 4060 (cu128 nightly),open,cory619-seungwon,2025-07-28T01:28:44Z,2025-08-09T16:07:58Z,2,https://github.com/pytorch/pytorch/issues/159238
3267606625,159237,DISABLED test_post_autograd_returns_mix_of_requires_grad_tensors_mode_warn (__main__.TestAutogradFallback),closed,pytorch-bot[bot],2025-07-28T01:02:07Z,2025-07-30T20:54:56Z,2,https://github.com/pytorch/pytorch/issues/159237
3267606265,159236,DISABLED test_triton_fx_graph_with_et_cuda (__main__.TestExecutionTraceCUDA),closed,pytorch-bot[bot],2025-07-28T01:02:04Z,2025-08-11T06:51:28Z,3,https://github.com/pytorch/pytorch/issues/159236
3267541633,159234,Lingering reference to setup.py in CONTRIBUTING.md,open,jinsun-yoo,2025-07-28T00:00:34Z,2025-07-28T22:06:56Z,0,https://github.com/pytorch/pytorch/issues/159234
3267513817,159232,Support installing Python bindings in CMake,open,BwL1289,2025-07-27T23:14:17Z,2025-08-07T16:26:36Z,16,https://github.com/pytorch/pytorch/issues/159232
3267412133,159230,[Precompile] Investigate recompile in NanoGPT training,open,jamesjwu,2025-07-27T20:21:04Z,2025-07-27T20:33:03Z,0,https://github.com/pytorch/pytorch/issues/159230
3267410846,159229,[Precompile] Assertion error when loading package in Nanogpt training with caching precompile fails after second load,open,jamesjwu,2025-07-27T20:18:55Z,2025-07-27T20:24:23Z,0,https://github.com/pytorch/pytorch/issues/159229
3267401344,159228,[Precompile] mark_static_address behavior,open,jamesjwu,2025-07-27T20:03:19Z,2025-07-27T20:10:32Z,0,https://github.com/pytorch/pytorch/issues/159228
3267167871,159226,Add support sdpa kernels on gfx1101 (AMD RX7800XT or W7700),open,OpenMOSE,2025-07-27T14:44:12Z,2025-09-18T23:08:06Z,1,https://github.com/pytorch/pytorch/issues/159226
3266944146,159224,"Import Error: Undefined Symbol, _PyCode_SetExtra:  Torch Extensions doesn't seem to support Python 3.12",open,FabianSchuetze,2025-07-27T09:49:41Z,2025-10-12T17:07:15Z,2,https://github.com/pytorch/pytorch/issues/159224
3266712706,159222,Slow `torch::Tensor` row indexing,closed,mlomb,2025-07-27T05:59:19Z,2025-08-02T20:23:01Z,1,https://github.com/pytorch/pytorch/issues/159222
3265506270,159207,Add official support for CUDA sm_120 (RTX 5090 / Blackwell architecture),open,Abeer-2023,2025-07-26T12:09:59Z,2025-09-29T04:43:51Z,9,https://github.com/pytorch/pytorch/issues/159207
3265168534,159203,'ResNet' object has no attribute 'out_channels',closed,Srikor,2025-07-26T06:01:13Z,2025-07-27T04:28:26Z,2,https://github.com/pytorch/pytorch/issues/159203
3265082600,159200,`init_process_group` fails when using multiple backends with some device meshes,open,ad8e,2025-07-26T04:23:16Z,2025-08-19T03:59:02Z,6,https://github.com/pytorch/pytorch/issues/159200
3264715720,159196,torch.compile: device of tensor switches after the next statement is run. no repro,open,ad8e,2025-07-26T00:14:42Z,2025-07-28T19:12:35Z,5,https://github.com/pytorch/pytorch/issues/159196
3264575656,159192,Invalid meta kernel for _fused_moving_avg_obs_fq_helper_functional,open,mlazos,2025-07-25T22:57:28Z,2025-07-28T14:31:39Z,0,https://github.com/pytorch/pytorch/issues/159192
3263973258,159169,[DTensor][FSDP2][DDP] benchmark dtensor cpu overhead for adam optimizer,open,weifengpy,2025-07-25T17:56:32Z,2025-08-07T03:39:02Z,6,https://github.com/pytorch/pytorch/issues/159169
3263827995,159168,uint64_t can't be represented as `c10::IValue` (was TorchDispatchMode + full raises an overflow error for uint64 when it's out of int64 range),closed,jongsoo-openai,2025-07-25T16:56:52Z,2025-08-11T03:57:20Z,6,https://github.com/pytorch/pytorch/issues/159168
3263724177,159164,Improvements to CUDACachingAllocator When expandable_segments Is Enabled,open,DongyuXu77,2025-07-25T16:10:16Z,2025-07-29T03:01:27Z,2,https://github.com/pytorch/pytorch/issues/159164
3263584524,159160,"[dynamo, test] Logging error spam at the end of pytest",open,williamwen42,2025-07-25T15:20:33Z,2025-07-25T15:20:36Z,0,https://github.com/pytorch/pytorch/issues/159160
3263420619,159156,Fully remove the protoc dependency in core,open,albanD,2025-07-25T14:27:37Z,2025-07-25T17:14:54Z,4,https://github.com/pytorch/pytorch/issues/159156
3263287744,159155,Audit all usages of constrain_to_fx_strides. Many of them might want constrain_to_fake_tensor,open,zou3519,2025-07-25T13:45:09Z,2025-10-06T15:49:33Z,4,https://github.com/pytorch/pytorch/issues/159155
3263187775,159154,`torch.compile` generates wrong code that leads to corrupted memory,closed,qiangyicheng,2025-07-25T13:09:51Z,2025-08-21T06:00:09Z,0,https://github.com/pytorch/pytorch/issues/159154
3263153364,159153,DISABLED test_post_autograd_returns_mix_of_requires_grad_tensors_mode_nothing (__main__.TestAutogradFallback),closed,pytorch-bot[bot],2025-07-25T12:58:47Z,2025-07-30T20:54:58Z,2,https://github.com/pytorch/pytorch/issues/159153
3263153172,159152,DISABLED test_add_loggers_linear_mod_quant_fp32 (__main__.TestFXNumericSuiteNShadows),closed,pytorch-bot[bot],2025-07-25T12:58:44Z,2025-09-26T12:56:55Z,11,https://github.com/pytorch/pytorch/issues/159152
3263152795,159151,DISABLED test_fake_crossref_backward_no_amp_nn_functional_bilinear_cuda_float32 (__main__.TestFakeTensorCUDA),open,pytorch-bot[bot],2025-07-25T12:58:41Z,2025-09-10T18:49:44Z,3,https://github.com/pytorch/pytorch/issues/159151
3263152648,159150,DISABLED test_fake_crossref_backward_amp_nn_functional_bilinear_cuda_float32 (__main__.TestFakeTensorCUDA),open,pytorch-bot[bot],2025-07-25T12:58:38Z,2025-09-10T18:49:35Z,4,https://github.com/pytorch/pytorch/issues/159150
3263074979,159149,"❌ Error generating speech: NVML_SUCCESS == r INTERNAL ASSERT FAILED at ""../c10/cuda/CUDACachingAllocator.cpp"":995, please report a bug to PyTorch.",open,PierrunoYT,2025-07-25T12:35:06Z,2025-07-30T13:26:17Z,3,https://github.com/pytorch/pytorch/issues/159149
3262824011,159147,optimizing sharded_optim,open,genji970,2025-07-25T10:54:43Z,2025-07-29T03:15:47Z,0,https://github.com/pytorch/pytorch/issues/159147
3262461432,159141,Fix the Doc of `padding` in `avg_poolnd`,closed,ILCSFNO,2025-07-25T08:40:51Z,2025-07-31T02:02:50Z,1,https://github.com/pytorch/pytorch/issues/159141
3262350578,159139,`torch.compile(nn.ModuleList())` changes `bool()` behavior,open,tinywisdom,2025-07-25T07:57:55Z,2025-07-31T16:15:49Z,5,https://github.com/pytorch/pytorch/issues/159139
3262335493,159138,Some bugs that related to `ReflectionPadNd` on input dim and padding,open,ILCSFNO,2025-07-25T07:51:48Z,2025-07-29T14:18:09Z,3,https://github.com/pytorch/pytorch/issues/159138
3262157599,159133,Inconsistent Error Message for Cross-Device Input in torch.compile,open,tinywisdom,2025-07-25T06:35:50Z,2025-08-06T01:49:10Z,1,https://github.com/pytorch/pytorch/issues/159133
3262107898,159129,Doc issue on the description of `edge_order` in `torch.gradient()`,closed,ILCSFNO,2025-07-25T06:09:51Z,2025-08-13T16:48:50Z,1,https://github.com/pytorch/pytorch/issues/159129
3262003333,159126,torch.export with nn.Transformer creates a non-contiguous memory tensor for aten.view,closed,alaa-ali,2025-07-25T05:09:17Z,2025-08-12T19:54:34Z,4,https://github.com/pytorch/pytorch/issues/159126
3261903759,159124,AOTInductor preallocate output tensors,open,rdong8,2025-07-25T03:58:13Z,2025-07-30T15:39:25Z,5,https://github.com/pytorch/pytorch/issues/159124
3261848259,159122,CI lint unexpected failure,open,thenumberouscode,2025-07-25T03:12:34Z,2025-07-28T14:15:17Z,1,https://github.com/pytorch/pytorch/issues/159122
3261842455,159121,[CPU][Inductor]Stable Diffusion FP32 throughput mode has performance regression issue with 0707 nightly whl,closed,LifengWang,2025-07-25T03:08:37Z,2025-08-18T07:41:23Z,0,https://github.com/pytorch/pytorch/issues/159121
3261624411,159114,DISABLED test_post_autograd_returns_leaf_mode_warn (__main__.TestAutogradFallback),closed,pytorch-bot[bot],2025-07-25T01:02:28Z,2025-07-30T20:55:00Z,2,https://github.com/pytorch/pytorch/issues/159114
3261624345,159113,DISABLED test_graph_two_successive (__main__.TestCuda),closed,pytorch-bot[bot],2025-07-25T01:02:25Z,2025-08-08T06:52:49Z,2,https://github.com/pytorch/pytorch/issues/159113
3261624291,159112,DISABLED test_broadcast_add_dynamic (__main__.FxGraphRunnableTest),closed,pytorch-bot[bot],2025-07-25T01:02:22Z,2025-10-13T01:03:41Z,4,https://github.com/pytorch/pytorch/issues/159112
3261621998,159110,[RFC][DTensor] make registered ops higher precedence than decomps,closed,wconstab,2025-07-25T01:00:22Z,2025-07-29T21:28:38Z,3,https://github.com/pytorch/pytorch/issues/159110
3261547235,159103,F.gumbel_softmax returns NaN on MPS device,closed,ageron,2025-07-24T23:54:18Z,2025-07-30T00:20:34Z,1,https://github.com/pytorch/pytorch/issues/159103
3261471041,159097,torch.compile improperly removes memory layout transformation,closed,danielvegamyhre,2025-07-24T22:58:29Z,2025-07-31T21:29:43Z,6,https://github.com/pytorch/pytorch/issues/159097
3261244866,159082,[CI][windows] Build time 3x after switching to vs2022,closed,clee2000,2025-07-24T21:01:55Z,2025-07-30T18:47:06Z,2,https://github.com/pytorch/pytorch/issues/159082
3261078528,159076,MPS backend doesn't support uint16,closed,iankronquist,2025-07-24T19:57:55Z,2025-07-25T04:31:45Z,3,https://github.com/pytorch/pytorch/issues/159076
3261036022,159074,Incorrect memory order in `register_privateuse1_backend` in `DeviceType.cpp`,closed,colesbury,2025-07-24T19:40:10Z,2025-07-25T20:46:35Z,3,https://github.com/pytorch/pytorch/issues/159074
3260964673,159072,Exporting the operator 'aten::__iand_' to ONNX opset version 17 is not supported.,open,jodyngo,2025-07-24T19:17:12Z,2025-07-24T20:07:21Z,2,https://github.com/pytorch/pytorch/issues/159072
3260916150,159070,[ROCm][TunableOp] Simple matmul with TunableOp results in segfault,closed,nirw4nna,2025-07-24T19:00:40Z,2025-08-12T19:48:27Z,3,https://github.com/pytorch/pytorch/issues/159070
3260894695,159069,DISABLED test_cuda_kernel_loop_overflow (__main__.TestCuda),closed,pytorch-bot[bot],2025-07-24T18:52:42Z,2025-08-07T18:53:24Z,2,https://github.com/pytorch/pytorch/issues/159069
3260894604,159068,DISABLED test_cuda_kernel_loop_overflow (__main__.TestCuda),closed,pytorch-bot[bot],2025-07-24T18:52:39Z,2025-07-25T01:01:37Z,1,https://github.com/pytorch/pytorch/issues/159068
3260894517,159067,DISABLED test_reduce_scatter_corner_cases (__main__.SymmMemCollectiveTest),closed,pytorch-bot[bot],2025-07-24T18:52:36Z,2025-09-16T15:35:47Z,1,https://github.com/pytorch/pytorch/issues/159067
3260894415,159066,DISABLED test_empty_strided_p2p_set_device_True (__main__.SymmetricMemoryTest),closed,pytorch-bot[bot],2025-07-24T18:52:33Z,2025-09-05T23:06:17Z,2,https://github.com/pytorch/pytorch/issues/159066
3260608863,159056,set_linter gives false positives on f-strings with braces in the format spec on Python 3.12 and higher,closed,rec,2025-07-24T17:09:53Z,2025-07-31T12:56:12Z,6,https://github.com/pytorch/pytorch/issues/159056
3260107957,159045,Compilation fails due to missing nvshmem header,closed,lw,2025-07-24T14:27:41Z,2025-07-24T22:56:29Z,8,https://github.com/pytorch/pytorch/issues/159045
3259843718,159041,FakeTensor causes incorrect default device in the compiled model.,open,hizolaw,2025-07-24T13:06:55Z,2025-10-14T21:53:20Z,6,https://github.com/pytorch/pytorch/issues/159041
3259817401,159040,DISABLED test_post_autograd_returns_leaf_mode_nothing (__main__.TestAutogradFallback),closed,pytorch-bot[bot],2025-07-24T12:58:57Z,2025-07-30T20:55:01Z,3,https://github.com/pytorch/pytorch/issues/159040
3259817265,159039,DISABLED test_cuda_memory_leak_detection_propagates_errors (__main__.TestCuda),closed,pytorch-bot[bot],2025-07-24T12:58:54Z,2025-08-07T12:59:28Z,4,https://github.com/pytorch/pytorch/issues/159039
3259817135,159038,DISABLED test_cuda_memory_leak_detection_propagates_errors (__main__.TestCuda),closed,pytorch-bot[bot],2025-07-24T12:58:51Z,2025-07-24T18:51:26Z,1,https://github.com/pytorch/pytorch/issues/159038
3259817008,159037,DISABLED test_qlinear_add_int8_mixed_bf16_use_relu_True_is_qat_False_is_dynamic_True (__main__.TestPatternMatcher),closed,pytorch-bot[bot],2025-07-24T12:58:48Z,2025-08-29T12:55:22Z,2,https://github.com/pytorch/pytorch/issues/159037
3259816866,159036,DISABLED test_add_loggers_linear_mod_fp32_fp32 (__main__.TestFXNumericSuiteNShadows),closed,pytorch-bot[bot],2025-07-24T12:58:45Z,2025-10-03T23:26:29Z,14,https://github.com/pytorch/pytorch/issues/159036
3259816715,159035,DISABLED test_triton_sync (__main__.NVSHMEMTritonTest),closed,pytorch-bot[bot],2025-07-24T12:58:42Z,2025-08-02T07:19:24Z,2,https://github.com/pytorch/pytorch/issues/159035
3259816571,159034,DISABLED test_grad_with_tracer_ScheduleClass0 (__main__.ScheduleTest),closed,pytorch-bot[bot],2025-07-24T12:58:39Z,2025-08-05T15:05:06Z,3,https://github.com/pytorch/pytorch/issues/159034
3259299441,159032,Compiled model prints abnormal 0123456,open,XinyiYuan,2025-07-24T10:00:53Z,2025-07-24T13:30:56Z,1,https://github.com/pytorch/pytorch/issues/159032
3259281356,159031,[inductor][cpu] AMP performance regression in 2025-07-21 nightly release,closed,zxd1997066,2025-07-24T09:55:34Z,2025-08-04T05:49:50Z,1,https://github.com/pytorch/pytorch/issues/159031
3259280405,159030,hipblaslt support for MI100,closed,hnhyzz,2025-07-24T09:55:14Z,2025-07-25T03:54:33Z,1,https://github.com/pytorch/pytorch/issues/159030
3259131919,159027,Using `torch.xpu.mem_get_info` results in RuntimeError for certain Intel GPUs.,closed,simonlui,2025-07-24T09:11:50Z,2025-07-25T01:50:32Z,1,https://github.com/pytorch/pytorch/issues/159027
3258861493,159023,torch.compile doesn't work with torch.mm(out_dtype=...) variant,open,yf225,2025-07-24T07:38:32Z,2025-07-24T13:20:43Z,0,https://github.com/pytorch/pytorch/issues/159023
3258460727,159019,[RFC] Support shorter print form for non-debugging mode,open,fduwjj,2025-07-24T04:36:52Z,2025-09-02T13:21:05Z,4,https://github.com/pytorch/pytorch/issues/159019
3258458958,159018,[RFC] Support more flexible pg option when it comes to submesh creation,open,fduwjj,2025-07-24T04:35:39Z,2025-09-02T13:21:06Z,3,https://github.com/pytorch/pytorch/issues/159018
3258456410,159017,[RFC] Support the bookkeeping of different PGs beyond World_ and group_name,open,fduwjj,2025-07-24T04:33:44Z,2025-09-02T13:21:07Z,0,https://github.com/pytorch/pytorch/issues/159017
3258454152,159015,[RFC] Support Fake PG mode for the device mesh and provide an option to reuse PG under the hood,open,fduwjj,2025-07-24T04:32:16Z,2025-09-02T13:21:08Z,0,https://github.com/pytorch/pytorch/issues/159015
3258446063,159014,[RFC] Make it easy to subclass DeviceMesh and also working in multi-threading setup,open,fduwjj,2025-07-24T04:28:25Z,2025-09-02T13:21:08Z,4,https://github.com/pytorch/pytorch/issues/159014
3258399515,159013,"[RFC] Support slicing of submesh and more flexible operations to one device mesh such as reshape/split, etc.",open,fduwjj,2025-07-24T03:55:01Z,2025-09-02T13:21:09Z,19,https://github.com/pytorch/pytorch/issues/159013
3258278052,159007,[c10d] The hostname of the client socket cannot be retrieved. err=-3,closed,matrix-power,2025-07-24T02:36:56Z,2025-10-10T15:25:42Z,10,https://github.com/pytorch/pytorch/issues/159007
3258123525,159000,DISABLED test_mm_k_1 (__main__.TestMaxAutotune),closed,etaf,2025-07-24T01:09:01Z,2025-07-31T08:37:44Z,1,https://github.com/pytorch/pytorch/issues/159000
3257988624,158992,Python version constraints in  ../.ci/docker/requirements-docs.txt are wrong,open,SRIRAMDADI1,2025-07-23T23:35:19Z,2025-07-24T14:48:16Z,2,https://github.com/pytorch/pytorch/issues/158992
3257872370,158986,`nvlink error: Entry function '<redacted for brevity>' uses too much data for compiler-generated constants`,open,BwL1289,2025-07-23T22:20:11Z,2025-08-03T20:52:32Z,8,https://github.com/pytorch/pytorch/issues/158986
3257703508,158975,Handle matmuls gracefully in foreach_map,open,mlazos,2025-07-23T21:01:13Z,2025-08-04T19:10:52Z,2,https://github.com/pytorch/pytorch/issues/158975
3257685245,158970,Add option to assert if kernel is not fully fused in foreach_map,open,mlazos,2025-07-23T20:52:57Z,2025-08-04T17:06:47Z,2,https://github.com/pytorch/pytorch/issues/158970
3257683030,158969,Scaled dot product attention accepts head_num for attn_mask,open,eunsuhur,2025-07-23T20:51:55Z,2025-07-24T19:33:14Z,2,https://github.com/pytorch/pytorch/issues/158969
3257680522,158968,foreach_map enhancements,open,mlazos,2025-07-23T20:50:55Z,2025-10-07T18:49:14Z,10,https://github.com/pytorch/pytorch/issues/158968
3257308408,158939,Release 2.8.0 validations checklist and cherry-picks,closed,atalman,2025-07-23T18:22:40Z,2025-08-06T23:17:06Z,1,https://github.com/pytorch/pytorch/issues/158939
3257299543,158936,TorchAO FP8 training + HF transformer model + torch.compile + DDP does not work,open,BoyuanFeng,2025-07-23T18:18:47Z,2025-07-24T01:04:25Z,0,https://github.com/pytorch/pytorch/issues/158936
3257088148,158930,torch.compile produces incorrect output for transpose + grouped Conv1d operation,open,annhujane,2025-07-23T16:57:45Z,2025-10-01T14:42:23Z,3,https://github.com/pytorch/pytorch/issues/158930
3256582338,158923,[Track] Optimizing Groupwise convolution for aarch64,open,aditew01,2025-07-23T14:18:37Z,2025-07-23T16:23:15Z,0,https://github.com/pytorch/pytorch/issues/158923
3256555958,158921,Is it necessary to add a __syncthreads in the MultiMarginLoss_backward_kernel of file aten/src/ATen/native/cuda/MultiMarginLoss.cu,closed,zzppq,2025-07-23T14:10:30Z,2025-07-27T01:36:30Z,1,https://github.com/pytorch/pytorch/issues/158921
3256373052,158917,[Feat] Tracking for OpenReg Improvements,open,FFFrog,2025-07-23T13:18:40Z,2025-10-17T04:22:45Z,5,https://github.com/pytorch/pytorch/issues/158917
3256301870,158916,DISABLED test_fused_all_gather_matmul_native_symm_mem_input_False_is_b_row_major_False (__main__.SymmetricMemoryTest),closed,pytorch-bot[bot],2025-07-23T12:59:11Z,2025-09-12T23:02:23Z,2,https://github.com/pytorch/pytorch/issues/158916
3255132861,158911,[RFC] Refactor test_c10d_nccl.py to Support Backend-Agnostic Testing for PyTorch,open,harikodali,2025-07-23T06:55:43Z,2025-07-28T05:31:19Z,5,https://github.com/pytorch/pytorch/issues/158911
3255122907,158910,DISABLED test_no_grad_mode_warn (__main__.TestAutogradFallback),closed,pytorch-bot[bot],2025-07-23T06:51:26Z,2025-07-30T20:55:03Z,3,https://github.com/pytorch/pytorch/issues/158910
3255122803,158909,DISABLED test_cdist_large_batch_cpu (__main__.TestTorchDeviceTypeCPU),closed,pytorch-bot[bot],2025-07-23T06:51:23Z,2025-10-02T06:47:43Z,6,https://github.com/pytorch/pytorch/issues/158909
3255122679,158908,DISABLED test_triton_broadcast (__main__.NVSHMEMTritonTest),open,pytorch-bot[bot],2025-07-23T06:51:20Z,2025-08-08T12:58:52Z,5,https://github.com/pytorch/pytorch/issues/158908
3255044405,158906,The make lint command got stuck.,open,thenumberouscode,2025-07-23T06:20:00Z,2025-07-24T08:34:24Z,2,https://github.com/pytorch/pytorch/issues/158906
3254930172,158902,Distributed 'gather' with Gloo backend returns wrong results on uncontiguous tensors.,closed,tiandeyu-cs,2025-07-23T05:31:44Z,2025-07-30T21:44:31Z,3,https://github.com/pytorch/pytorch/issues/158902
3254702112,158895,Update docs about running lint,open,thenumberouscode,2025-07-23T03:24:53Z,2025-07-29T20:33:26Z,6,https://github.com/pytorch/pytorch/issues/158895
3254588718,158892,Inductor can be silently incorrect on custom ops with float8_e8m0fnu input,closed,zou3519,2025-07-23T02:13:55Z,2025-07-29T00:31:59Z,5,https://github.com/pytorch/pytorch/issues/158892
3254455725,158890,DISABLED test_flash_attention_vs_math_ref_grads_batch_size_1_seq_len_q_143_seq_len_k_2048_head_dim_8_is_causal_False_dropout_p_0_22_float16_scale0_enable_gqa_False_n_heads0_cuda_float16 (__main__.TestSDPACudaOnlyCUDA),closed,jithunnair-amd,2025-07-23T00:42:41Z,2025-09-10T12:56:03Z,4,https://github.com/pytorch/pytorch/issues/158890
3254219871,158876,UNSTABLE pull / linux-jammy-py3_9-clang9-xla / test (xla),open,ZainRizvi,2025-07-22T22:10:31Z,2025-07-29T20:30:26Z,6,https://github.com/pytorch/pytorch/issues/158876
3254186190,158873,Erroneous Recompile Warnings with Multiple Models,open,eknag,2025-07-22T21:58:13Z,2025-07-24T20:37:01Z,6,https://github.com/pytorch/pytorch/issues/158873
3254148406,158871,torch.classes module doesn't set all module attributes,open,timoffex,2025-07-22T21:41:07Z,2025-07-23T20:08:12Z,5,https://github.com/pytorch/pytorch/issues/158871
3253928653,158861,Different behavior between sparse and dense tensors with broadcasting multiplication.,open,roccomoretti,2025-07-22T20:04:03Z,2025-09-15T06:07:44Z,6,https://github.com/pytorch/pytorch/issues/158861
3253423693,158849,[Feature] Implement a CUDA kernel  for _weight_int8pack_mm,closed,bbeckca,2025-07-22T16:58:05Z,2025-08-10T20:40:18Z,2,https://github.com/pytorch/pytorch/issues/158849
3252595648,158841,DISABLED test_no_grad_mode_nothing (__main__.TestAutogradFallback),closed,pytorch-bot[bot],2025-07-22T12:58:45Z,2025-07-30T20:55:04Z,1,https://github.com/pytorch/pytorch/issues/158841
3252595482,158840,DISABLED test_triton_alltoall (__main__.NVSHMEMTritonTest),open,pytorch-bot[bot],2025-07-22T12:58:42Z,2025-08-07T01:02:01Z,4,https://github.com/pytorch/pytorch/issues/158840
3251915589,158834,"CUDA Graph Capture Fails Due to AOTInductor Compilation, in Both Python and C++",closed,sujuyu,2025-07-22T09:36:48Z,2025-08-11T03:30:55Z,3,https://github.com/pytorch/pytorch/issues/158834
3251854105,158833,DeprecationWarning: remove `co_lnotab` in favor of `co_lines()`,closed,ego-thales,2025-07-22T09:19:14Z,2025-08-01T06:45:56Z,2,https://github.com/pytorch/pytorch/issues/158833
3251812385,158832,Lazy Layer Norm,open,ignasa007,2025-07-22T09:07:17Z,2025-07-22T22:36:20Z,0,https://github.com/pytorch/pytorch/issues/158832
3251724493,158831,Severe Performance Degradation in Batched SVD on A100-40G,open,1996wu,2025-07-22T08:44:15Z,2025-09-24T09:42:01Z,3,https://github.com/pytorch/pytorch/issues/158831
3251414928,158828,GPU benchmark via PyTorch shows 9060XT is slower than 6600,closed,Blaze-Leo,2025-07-22T07:11:44Z,2025-07-23T04:51:53Z,1,https://github.com/pytorch/pytorch/issues/158828
3251410484,158827,[RFC] Graph generalization,open,majing921201,2025-07-22T07:10:21Z,2025-10-02T16:24:46Z,24,https://github.com/pytorch/pytorch/issues/158827
3251294537,158825,Move torch.accelerator.is_available() check inside timer() to avoid premature device backend loading,open,cjxjxjx,2025-07-22T06:29:48Z,2025-07-22T14:50:57Z,0,https://github.com/pytorch/pytorch/issues/158825
3250841363,158819,[FSDP2] return original unsharded nn.Module from FSDPModule,open,weifengpy,2025-07-22T03:19:27Z,2025-07-23T15:20:17Z,2,https://github.com/pytorch/pytorch/issues/158819
3250553799,158809,"linux.aws.h100.8 instance is down, potentially longer queue on linux.aws.h100",closed,huydhn,2025-07-22T00:54:22Z,2025-07-23T10:07:07Z,3,https://github.com/pytorch/pytorch/issues/158809
3250247657,158793,[RFC]: Iterations of DeviceMesh based on recent user requests/feedback,open,fduwjj,2025-07-21T22:47:39Z,2025-09-02T13:21:10Z,17,https://github.com/pytorch/pytorch/issues/158793
3250141580,158787,per_sample_grads regression in 2.8 RC,closed,mikaylagawarecki,2025-07-21T21:52:30Z,2025-07-22T14:41:20Z,2,https://github.com/pytorch/pytorch/issues/158787
3250129697,158786,Torch export for Qwen2VL Failing,closed,kevinch-nv,2025-07-21T21:46:09Z,2025-07-23T02:01:00Z,5,https://github.com/pytorch/pytorch/issues/158786
3250099959,158785,[lint] Set_linter suggests wrong changes,open,henrylhtsang,2025-07-21T21:31:28Z,2025-07-22T14:46:07Z,0,https://github.com/pytorch/pytorch/issues/158785
3250074844,158783,[BE] linter to detect unused docker images,open,yangw-dev,2025-07-21T21:18:39Z,2025-08-05T20:08:22Z,1,https://github.com/pytorch/pytorch/issues/158783
3250068091,158782,[BE]  linter for base docker image configurations with docker_builds.yml,open,yangw-dev,2025-07-21T21:15:13Z,2025-10-07T20:33:52Z,2,https://github.com/pytorch/pytorch/issues/158782
3250003636,158778,Triton kernel with boolean param fails at codegen,closed,ColinPeppler,2025-07-21T20:48:42Z,2025-07-24T00:19:31Z,1,https://github.com/pytorch/pytorch/issues/158778
3249928827,158775,Add docs for torchrun numa binding on website,open,pdesupinski,2025-07-21T20:21:40Z,2025-07-22T19:59:18Z,0,https://github.com/pytorch/pytorch/issues/158775
3249873921,158772,Compile failing with NamedTuple._replace,closed,ameya98,2025-07-21T20:01:12Z,2025-09-18T14:32:39Z,0,https://github.com/pytorch/pytorch/issues/158772
3249687390,158764,DISABLED test_allocate_in_thread_to_pool (__main__.TestBlockStateAbsorption),closed,pytorch-bot[bot],2025-07-21T18:51:54Z,2025-10-17T18:50:05Z,11,https://github.com/pytorch/pytorch/issues/158764
3249687245,158763,DISABLED test_no_autograd_kernel_mode_warn (__main__.TestAutogradFallback),closed,pytorch-bot[bot],2025-07-21T18:51:51Z,2025-07-30T20:55:06Z,1,https://github.com/pytorch/pytorch/issues/158763
3249687129,158762,DISABLED test_add_loggers_conv_bn_relu_fusion_fp32 (__main__.TestFXNumericSuiteNShadows),closed,pytorch-bot[bot],2025-07-21T18:51:48Z,2025-10-03T23:26:26Z,13,https://github.com/pytorch/pytorch/issues/158762
3249687038,158761,DISABLED test_triton_barrier (__main__.NVSHMEMTritonTest),open,pytorch-bot[bot],2025-07-21T18:51:45Z,2025-08-07T18:52:20Z,4,https://github.com/pytorch/pytorch/issues/158761
3249686922,158760,DISABLED test_reduce_scatter (__main__.SymmMemCollectiveTest),closed,pytorch-bot[bot],2025-07-21T18:51:42Z,2025-09-16T15:35:47Z,1,https://github.com/pytorch/pytorch/issues/158760
3249686829,158759,DISABLED test_empty_strided_p2p_set_device_False (__main__.SymmetricMemoryTest),closed,pytorch-bot[bot],2025-07-21T18:51:39Z,2025-09-05T23:06:16Z,2,https://github.com/pytorch/pytorch/issues/158759
3249419554,158753,DDP + Complex Dtype Appears to be Bugged,open,john-shin-sri,2025-07-21T17:12:03Z,2025-07-22T20:54:41Z,0,https://github.com/pytorch/pytorch/issues/158753
3248538102,158743,Complex Tensor: Inconsistent sign for real part,closed,morrison-turnansky,2025-07-21T12:48:19Z,2025-07-21T17:00:03Z,2,https://github.com/pytorch/pytorch/issues/158743
3248214272,158741,kernel_options is undocumented in the flex_attention API page.,closed,changjonathanc,2025-07-21T11:12:39Z,2025-07-23T19:05:22Z,0,https://github.com/pytorch/pytorch/issues/158741
3247960392,158739,[ONNX] index_put does not support dynamic shapes,open,fnobis,2025-07-21T09:57:37Z,2025-08-14T15:05:04Z,3,https://github.com/pytorch/pytorch/issues/158739
3247782262,158738,searchsorted handling of nan,open,ego-thales,2025-07-21T09:01:43Z,2025-07-25T09:56:38Z,4,https://github.com/pytorch/pytorch/issues/158738
3247447026,158735,DISABLED test_no_autograd_kernel_mode_nothing (__main__.TestAutogradFallback),closed,pytorch-bot[bot],2025-07-21T06:50:52Z,2025-07-30T20:55:07Z,1,https://github.com/pytorch/pytorch/issues/158735
3246883729,158728,[CI] Inductor-perf-nighly-macos started to fail to install torchvision,open,malfet,2025-07-21T01:08:48Z,2025-07-21T22:45:29Z,2,https://github.com/pytorch/pytorch/issues/158728
3246876753,158727,DISABLED test_profiler_debug_autotuner (__main__.TestExperimentalUtils),open,pytorch-bot[bot],2025-07-21T01:01:27Z,2025-08-12T18:52:40Z,3,https://github.com/pytorch/pytorch/issues/158727
3246744935,158725,including rocm_smi.h without checking,open,trixirt,2025-07-20T22:29:13Z,2025-07-22T22:21:28Z,4,https://github.com/pytorch/pytorch/issues/158725
3246702168,158724,Problem with RPC on dual stack networks,open,KevinWeiss1995,2025-07-20T21:14:53Z,2025-07-23T22:16:35Z,0,https://github.com/pytorch/pytorch/issues/158724
3246697892,158723,max_pool3d_with_indices,closed,mbhatley,2025-07-20T21:08:28Z,2025-07-21T01:06:37Z,1,https://github.com/pytorch/pytorch/issues/158723
3246663944,158722,torchrun failed to start workers on single node multi XPU,open,Xiao-Chenguang,2025-07-20T20:25:43Z,2025-09-18T09:33:33Z,7,https://github.com/pytorch/pytorch/issues/158722
3246338086,158719,[FSDP2] FSDP Fails when parameters are used differently across ranks,open,man2machine,2025-07-20T12:58:34Z,2025-09-22T15:09:57Z,6,https://github.com/pytorch/pytorch/issues/158719
3245771813,158714,Feature request: `DataLoader` using multithreading instead of multiprocessing,open,MalteEbner,2025-07-19T23:47:10Z,2025-10-13T10:51:32Z,5,https://github.com/pytorch/pytorch/issues/158714
3245509464,158710,[feature request] Inplace downcast dtype conversion,open,vadimkantorov,2025-07-19T18:00:48Z,2025-08-21T11:22:07Z,9,https://github.com/pytorch/pytorch/issues/158710
3245486769,158709,autograd precision: float32 gradients of bfloat16 weights,open,martin-marek,2025-07-19T17:41:07Z,2025-08-20T16:29:03Z,3,https://github.com/pytorch/pytorch/issues/158709
3245175371,158704,Enable DataLoaders to prefetch batches across epochs,open,Giuspepe,2025-07-19T10:07:21Z,2025-07-23T18:44:54Z,1,https://github.com/pytorch/pytorch/issues/158704
3244809764,158701,"RuntimeError: optimized_plan_ INTERNAL ASSERT FAILED at ""/opt/conda/envs/bld/conda-bld/libtorch_1741644046984/work/torch/csrc/jit/runtime/profiling_graph_executor_impl.cpp"":725, please report a bug to PyTorch.",open,qiqicliff,2025-07-19T03:03:06Z,2025-07-21T01:43:34Z,2,https://github.com/pytorch/pytorch/issues/158701
3244697207,158699,reports of torch.compile'd rmsnorm numerics different from eager,open,zou3519,2025-07-19T00:44:26Z,2025-07-22T23:07:55Z,4,https://github.com/pytorch/pytorch/issues/158699
3244693720,158698,[fsdp2] Possible to fuse reduce-scatter (in fp32) + div + dtype conversion (to bf16) in post-backward?,open,vadimkantorov,2025-07-19T00:40:39Z,2025-07-24T20:53:51Z,9,https://github.com/pytorch/pytorch/issues/158698
3244003710,158664,DISABLED test_sum_all_cpu_float64 (__main__.TestReductionsCPU),open,clee2000,2025-07-18T18:17:18Z,2025-07-22T14:29:57Z,1,https://github.com/pytorch/pytorch/issues/158664
3243901900,158658,Autocast + bfloata16 + onnx.export: fp32 scalar tensor -> complex128,open,ShijunK,2025-07-18T17:35:35Z,2025-07-23T22:21:53Z,2,https://github.com/pytorch/pytorch/issues/158658
3243841706,158657,extend torch.util.checkpoint to support offload to cpu/nvme,open,stas00,2025-07-18T17:08:06Z,2025-08-20T16:25:19Z,4,https://github.com/pytorch/pytorch/issues/158657
3243198531,158645,Remove tuple of ints as supported dtype for torch.max(),closed,aalbayrak394,2025-07-18T13:15:07Z,2025-07-22T14:51:48Z,10,https://github.com/pytorch/pytorch/issues/158645
3243044606,158643,torch.compile() produces inconsistent outputs with models containing dropout and in-place ReLU operations,open,zhouxiaoyaozzz,2025-07-18T12:16:30Z,2025-07-22T15:43:31Z,1,https://github.com/pytorch/pytorch/issues/158643
3243005692,158642,PyTorch Dynamo Error Report: Tensor. item() Operation Causes Graph Compilation Interruption,closed,zhouxiaoyaozzz,2025-07-18T12:02:21Z,2025-07-22T14:32:48Z,4,https://github.com/pytorch/pytorch/issues/158642
3242910843,158641,support checkPoolLiveAllocations for cudaMallocAsync,open,spawner1145,2025-07-18T11:26:08Z,2025-07-20T15:37:53Z,3,https://github.com/pytorch/pytorch/issues/158641
3242837918,158638,"Allowing `optimizer.step(..., *, set_grad_to_none=True)` (explicit kwarg opt-in, seems should not break existing code)",closed,vadimkantorov,2025-07-18T10:59:01Z,2025-10-14T00:27:13Z,13,https://github.com/pytorch/pytorch/issues/158638
3242692365,158635,nansum crash on complex32 cuda non-JIT,closed,pzzp,2025-07-18T10:10:24Z,2025-07-29T13:49:26Z,1,https://github.com/pytorch/pytorch/issues/158635
3242059617,158631,"RandomSampler docs wrongly states type for data_source is Dataset, when it is Sized",closed,Parskatt,2025-07-18T06:22:10Z,2025-09-20T04:05:28Z,1,https://github.com/pytorch/pytorch/issues/158631
3241828851,158626,Freezing layers for fine-tuning leaves TorchInductor Scheduler node mappings in inconsistent state,open,kielpins-nearmap,2025-07-18T04:41:49Z,2025-09-11T02:50:05Z,1,https://github.com/pytorch/pytorch/issues/158626
3241406217,158614,Memory leak in AOTIModelPackageLoader,closed,rdonggroq,2025-07-18T00:37:27Z,2025-07-21T18:53:16Z,3,https://github.com/pytorch/pytorch/issues/158614
3241303943,158610,vmap will always disable gradient calculation,open,sunyinqi0508,2025-07-17T23:54:32Z,2025-07-18T16:15:36Z,0,https://github.com/pytorch/pytorch/issues/158610
3240643027,158588,Build Error with not enough args for `c10::cuda::get_cuda_check_suffix()`,closed,q10,2025-07-17T19:14:40Z,2025-07-20T20:12:19Z,3,https://github.com/pytorch/pytorch/issues/158588
3240075817,158569,[2.8 regression] async-TP started throwing if any collective is done on a PG w/o symm-mem,closed,lw,2025-07-17T15:50:46Z,2025-07-22T07:46:57Z,5,https://github.com/pytorch/pytorch/issues/158569
3239986912,158566,torch.compile fails with UncapturedHigherOrderOpError when using torch.ops.higher_order.scan,open,LiSsHhUuAaIi,2025-07-17T15:22:17Z,2025-07-22T18:40:30Z,1,https://github.com/pytorch/pytorch/issues/158566
3239955417,158564,torch.cuda.make_graphed_callables fails when there are slice-operations,closed,LordLKY,2025-07-17T15:12:09Z,2025-07-21T03:36:54Z,2,https://github.com/pytorch/pytorch/issues/158564
3239857163,158561,`torch.compile` In-place operation raises Autograd error even when gradients are not required,open,raindrops-0199,2025-07-17T14:43:08Z,2025-07-22T14:44:13Z,1,https://github.com/pytorch/pytorch/issues/158561
3238969723,158551,CUDAGraphs RuntimeError: Accessing Overwritten Tensor Output Despite Clone and cudagraph_mark_step_begin in PyTorch 2.3.0,open,XiDianZuoYun,2025-07-17T10:08:40Z,2025-07-21T18:41:28Z,1,https://github.com/pytorch/pytorch/issues/158551
3238826376,158547,Inductor Fails on 2D Convolution + FFT Operations,open,LiSsHhUuAaIi,2025-07-17T09:24:58Z,2025-07-22T14:53:25Z,1,https://github.com/pytorch/pytorch/issues/158547
3238825496,158546,DISABLED test_einsum_to_pointwise (__main__.TestKernelOptimization),closed,jataylo,2025-07-17T09:24:40Z,2025-08-01T06:52:35Z,2,https://github.com/pytorch/pytorch/issues/158546
3238485575,158544,Bug or Precision Tradeoff? Small `torch.compile` Mismatch with `max-autotune-no-cudagraphs` on CUDA,open,tinywisdom,2025-07-17T07:36:06Z,2025-07-22T15:59:00Z,1,https://github.com/pytorch/pytorch/issues/158544
3238170096,158540,can't torch.export.export tinyllama model,open,heshuju,2025-07-17T05:26:48Z,2025-07-26T00:27:15Z,1,https://github.com/pytorch/pytorch/issues/158540
3237876268,158530,`torch.compile` leads to numeric mismatch compared to `float64` eager baseline,closed,tinywisdom,2025-07-17T02:30:39Z,2025-08-12T05:47:28Z,1,https://github.com/pytorch/pytorch/issues/158530
3237762937,158521,[static cuda launcher] scalar float support,open,davidberard98,2025-07-17T01:07:33Z,2025-07-22T14:36:30Z,0,https://github.com/pytorch/pytorch/issues/158521
3237756211,158519,`get_model_state_dict` output inconsistent before and after `set_model_state_dict` when using `torch.compile`,open,alexisVallet,2025-07-17T01:02:26Z,2025-07-22T15:03:35Z,2,https://github.com/pytorch/pytorch/issues/158519
3237497911,158496,While compiling from source: `Error: no member named 'sym_size' in namespace 'at'`,closed,BwL1289,2025-07-16T22:22:11Z,2025-07-18T16:51:07Z,6,https://github.com/pytorch/pytorch/issues/158496
3237008201,158466,DISABLED test_cupy_as_tensor (__main__.CupyAsTensorTest),closed,pytorch-bot[bot],2025-07-16T18:51:15Z,2025-09-16T12:57:42Z,5,https://github.com/pytorch/pytorch/issues/158466
3237008108,158465,DISABLED test_with_cudagraphs_cuda (__main__.AOTInductorTestABICompatibleGpu),closed,pytorch-bot[bot],2025-07-16T18:51:12Z,2025-09-30T01:03:17Z,13,https://github.com/pytorch/pytorch/issues/158465
3237007971,158464,DISABLED test_empty_strided_p2p_persistent_set_device_True (__main__.SymmetricMemoryTest),closed,pytorch-bot[bot],2025-07-16T18:51:09Z,2025-09-05T23:06:15Z,2,https://github.com/pytorch/pytorch/issues/158464
3236946627,158463,2.8 flex attention kernels result in triton warning,closed,carmocca,2025-07-16T18:26:42Z,2025-08-11T23:30:23Z,1,https://github.com/pytorch/pytorch/issues/158463
3236730025,158457,Inductor Compiler Fails on Models Using torch.randperm + Advanced Indexing,open,LiSsHhUuAaIi,2025-07-16T17:16:00Z,2025-07-22T14:49:32Z,0,https://github.com/pytorch/pytorch/issues/158457
3236626895,158455,Dynamo skips compiling `torch.nn.functional.cross_entropy`,open,BoyuanFeng,2025-07-16T16:40:08Z,2025-07-22T14:25:21Z,2,https://github.com/pytorch/pytorch/issues/158455
3236399123,158452,Ninja issue -v fail in Windows,closed,Xorba001,2025-07-16T15:23:42Z,2025-07-17T02:14:11Z,1,https://github.com/pytorch/pytorch/issues/158452
3236300764,158451,Inconsistency between scaled_dot_product_attention documentation and implementation,closed,AaronFeller,2025-07-16T14:55:28Z,2025-07-16T19:46:30Z,3,https://github.com/pytorch/pytorch/issues/158451
3236020920,158447,Dynamo Deep-Dive,closed,morrison-turnansky,2025-07-16T13:33:43Z,2025-08-12T08:53:35Z,2,https://github.com/pytorch/pytorch/issues/158447
3235925777,158444,Proposal to introduce CUDA streams in BatchLinearAlgebraLib.cpp,open,cbuchner1,2025-07-16T13:09:25Z,2025-08-19T07:26:09Z,1,https://github.com/pytorch/pytorch/issues/158444
3235880602,158443,DISABLED test_gradients_synchronizations (__main__.TensorPipeTensorPipeCudaDistAutogradTest),open,pytorch-bot[bot],2025-07-16T12:59:20Z,2025-09-11T06:46:55Z,3,https://github.com/pytorch/pytorch/issues/158443
3235548692,158438,"Anaconda new TOS (July 15, 2025) causing failures in CI",closed,atalman,2025-07-16T11:18:15Z,2025-07-21T17:22:51Z,2,https://github.com/pytorch/pytorch/issues/158438
3235366792,158437,Inductor Fails on copy_ with Scalar Source,closed,LiSsHhUuAaIi,2025-07-16T10:28:37Z,2025-10-07T18:31:41Z,3,https://github.com/pytorch/pytorch/issues/158437
3234860237,158431,Inductor UT Triton accuracy regression when updating driver form LTS to LTS2.,closed,etaf,2025-07-16T07:42:24Z,2025-07-16T07:43:20Z,1,https://github.com/pytorch/pytorch/issues/158431
3234815023,158429,Inconsistent torch.logaddexp results on complex128 between CPU and CUDA,open,atester353,2025-07-16T07:27:31Z,2025-09-03T17:58:01Z,1,https://github.com/pytorch/pytorch/issues/158429
3234784562,158428,Inconsistent  torch.cholesky_inverse results on complex128 between CPU and CUDA,open,atester353,2025-07-16T07:17:20Z,2025-09-29T21:44:15Z,1,https://github.com/pytorch/pytorch/issues/158428
3234713710,158423,DISABLED test_triton_wait_until (__main__.NVSHMEMTritonTest),closed,pytorch-bot[bot],2025-07-16T06:50:33Z,2025-08-02T07:12:51Z,2,https://github.com/pytorch/pytorch/issues/158423
3234713602,158422,DISABLED test_empty_strided_p2p_persistent_set_device_False (__main__.SymmetricMemoryTest),closed,pytorch-bot[bot],2025-07-16T06:50:30Z,2025-09-05T23:06:14Z,2,https://github.com/pytorch/pytorch/issues/158422
3234713499,158421,DISABLED test_p2p_ipc (__main__.P2PIpcTest),closed,pytorch-bot[bot],2025-07-16T06:50:27Z,2025-09-16T12:57:45Z,2,https://github.com/pytorch/pytorch/issues/158421
3234546807,158419,torch.copysign for float16 produces inconsistent results between CPU and CUDA,open,atester353,2025-07-16T05:40:01Z,2025-07-17T04:28:27Z,0,https://github.com/pytorch/pytorch/issues/158419
3234334692,158414,received a FakeScriptObject input when dispatching DispatchKey.AutocastCUDA. but no python implementation is found,closed,asglover,2025-07-16T03:41:12Z,2025-07-28T17:44:20Z,8,https://github.com/pytorch/pytorch/issues/158414
3234323607,158413,index_put modifies incorrect dimension when boolean mask is followed by null index,closed,manuelcandales,2025-07-16T03:34:02Z,2025-07-17T04:21:47Z,1,https://github.com/pytorch/pytorch/issues/158413
3234314529,158412,Inconsistent torch.absolute results on complex128 between CPU and CUDA,open,atester353,2025-07-16T03:26:38Z,2025-07-17T12:39:18Z,1,https://github.com/pytorch/pytorch/issues/158412
3234015693,158401,torch.compile hits internal tuple index out of range inside subclass_meta.unwrapped_idx,open,Edenzzzz,2025-07-16T00:04:02Z,2025-07-23T13:36:34Z,2,https://github.com/pytorch/pytorch/issues/158401
3233954451,158398,randn returns a different result when device=torch.device('cuda') across different machines,closed,ysig,2025-07-15T23:28:51Z,2025-07-18T12:36:48Z,9,https://github.com/pytorch/pytorch/issues/158398
3233858634,158392,[RFC] AOTInductor training support,closed,benjaminglass1,2025-07-15T22:23:38Z,2025-08-28T15:21:29Z,3,https://github.com/pytorch/pytorch/issues/158392
3233784486,158384,[dynamo] full internal stack trace being shown with `torch._dynamo.exc.BackendCompilerFailed` with suggestion to show more,open,williamwen42,2025-07-15T21:43:26Z,2025-07-15T21:43:29Z,0,https://github.com/pytorch/pytorch/issues/158384
3233671740,158382,Restructure AOTAutograd internals module organization,closed,ezyang,2025-07-15T20:53:46Z,2025-07-21T13:27:10Z,3,https://github.com/pytorch/pytorch/issues/158382
3233613041,158376,torch 2.8 RC regression - part 3,closed,ydshieh,2025-07-15T20:29:23Z,2025-07-17T13:39:28Z,6,https://github.com/pytorch/pytorch/issues/158376
3233609410,158375,torch 2.8 RC regression - part 2,closed,ydshieh,2025-07-15T20:28:16Z,2025-07-28T08:58:06Z,8,https://github.com/pytorch/pytorch/issues/158375
3233609307,158374,torch 2.8 RC regression - part 1,closed,ydshieh,2025-07-15T20:28:13Z,2025-07-18T01:11:01Z,8,https://github.com/pytorch/pytorch/issues/158374
3233586103,158371,Transition Adam and maybe other optimizers to fused code path by default to avoid `foreach=True`-specific  VRAM peak due to temp TensorList for bias-corrected moments,open,vadimkantorov,2025-07-15T20:18:54Z,2025-08-06T18:03:11Z,20,https://github.com/pytorch/pytorch/issues/158371
3233461791,158366,[export] while_loop issues for loop rewrite,closed,pianpwk,2025-07-15T19:29:59Z,2025-07-25T00:05:52Z,0,https://github.com/pytorch/pytorch/issues/158366
3233408603,158364,[feature request] [memory_viz] Flexible time/range memory event filtering controls to skip loading all memory events from pickle in the browser's memory,open,vadimkantorov,2025-07-15T19:08:05Z,2025-07-17T21:14:42Z,1,https://github.com/pytorch/pytorch/issues/158364
3233174248,158357,Speed optimization for `_rename_without_collisions` in export,closed,hsjts0u,2025-07-15T17:50:03Z,2025-07-22T19:19:17Z,3,https://github.com/pytorch/pytorch/issues/158357
3232597857,158346,Compatibility with C++20 `std::format`,open,BwL1289,2025-07-15T14:51:44Z,2025-07-21T17:13:29Z,2,https://github.com/pytorch/pytorch/issues/158346
3232404501,158345,@cached_property doesn't raise exception in torch.nn.Module,closed,Tytskiy,2025-07-15T14:02:09Z,2025-07-17T20:53:50Z,2,https://github.com/pytorch/pytorch/issues/158345
3232236866,158343,Upgrade to latest XNNPACK,open,BwL1289,2025-07-15T13:19:43Z,2025-09-07T17:57:44Z,7,https://github.com/pytorch/pytorch/issues/158343
3231030109,158335,DISABLED test_benchmark_choice_in_subproc (__main__.TestMaxAutotuneSubproc),open,pytorch-bot[bot],2025-07-15T06:50:58Z,2025-07-22T14:16:51Z,4,https://github.com/pytorch/pytorch/issues/158335
3231030001,158334,DISABLED test_live_outputs_multiple_graphs (__main__.CudaGraphTreeTests),closed,pytorch-bot[bot],2025-07-15T06:50:55Z,2025-07-29T06:51:31Z,2,https://github.com/pytorch/pytorch/issues/158334
3231029886,158333,DISABLED test_mark_step (__main__.CudaGraphTreeTests),closed,pytorch-bot[bot],2025-07-15T06:50:52Z,2025-07-29T06:51:52Z,2,https://github.com/pytorch/pytorch/issues/158333
3231029764,158332,DISABLED test_linear_gru (__main__.TestXNNPACKQuantizer),closed,pytorch-bot[bot],2025-07-15T06:50:49Z,2025-09-26T06:48:04Z,11,https://github.com/pytorch/pytorch/issues/158332
3231029658,158331,DISABLED test_conv2d_unary_cpu_cpp_wrapper (__main__.TestCppWrapper),open,pytorch-bot[bot],2025-07-15T06:50:46Z,2025-07-15T06:50:49Z,1,https://github.com/pytorch/pytorch/issues/158331
3231029529,158330,DISABLED test_sdpa_fp32_no_memory_leak (__main__.TestSDPA),open,pytorch-bot[bot],2025-07-15T06:50:43Z,2025-09-10T18:49:32Z,2,https://github.com/pytorch/pytorch/issues/158330
3231029119,158329,DISABLED test_conv3d_unary_dynamic_shapes_cpu (__main__.TestDynamicPatternMatcherGenericCPU),open,pytorch-bot[bot],2025-07-15T06:50:40Z,2025-10-16T06:49:49Z,5,https://github.com/pytorch/pytorch/issues/158329
3231028892,158328,DISABLED test_2d_reductions_mixed_indexing_reduction_op0_cuda (__main__.TritonTensorDescriptorTestCUDA),open,pytorch-bot[bot],2025-07-15T06:50:37Z,2025-07-15T06:50:41Z,1,https://github.com/pytorch/pytorch/issues/158328
3230951746,158326,Support for etcd v3 api as rendezvous backend,open,trevorm4,2025-07-15T06:21:35Z,2025-07-21T20:44:41Z,1,https://github.com/pytorch/pytorch/issues/158326
3230540715,158316,inconsistent behavior for torch.as_tensor with cupy array due to a driver bug,closed,youkaichao,2025-07-15T02:25:38Z,2025-07-16T08:00:34Z,1,https://github.com/pytorch/pytorch/issues/158316
3230517837,158314,`torch.nn.functional.celu` produces inconsistent output on CPU vs CUDA,closed,jiren-the-gray,2025-07-15T02:09:13Z,2025-07-15T14:34:34Z,2,https://github.com/pytorch/pytorch/issues/158314
3230512783,158313,Add support for training FP8_E4M3,closed,edgeinfinity1,2025-07-15T02:05:31Z,2025-07-17T04:46:16Z,2,https://github.com/pytorch/pytorch/issues/158313
3230479852,158310,`torch.nn.LogSoftmax` produces inf value on CPU but not on GPU,closed,jiren-the-gray,2025-07-15T01:42:05Z,2025-07-15T14:24:46Z,2,https://github.com/pytorch/pytorch/issues/158310
3230415904,158308,Memory Error for _flash_attention_forward on AMD Radeon RX 7900 XTX,closed,BonsonW,2025-07-15T00:55:06Z,2025-08-27T16:23:47Z,8,https://github.com/pytorch/pytorch/issues/158308
3230403549,158307,Torch nightly from 20250630 and onwards enables (forced) logging/debugging to INFO on any application.,closed,Panchovix,2025-07-15T00:47:14Z,2025-08-16T00:43:41Z,7,https://github.com/pytorch/pytorch/issues/158307
3230050236,158279,DISABLED test_consolidate_to_two_files (__main__.TestConsolidateHFSafeTensors),closed,pragupta,2025-07-14T21:09:53Z,2025-07-14T21:09:58Z,1,https://github.com/pytorch/pytorch/issues/158279
3230049589,158278,DISABLED test_consolidate_to_one_file (__main__.TestDistributedHFSafetensorsConsolidation),closed,pragupta,2025-07-14T21:09:32Z,2025-07-14T21:09:37Z,1,https://github.com/pytorch/pytorch/issues/158278
3230004476,158274,DISABLED test_triton_relu_fused_gemm (__main__.MultiKernelTest),closed,huydhn,2025-07-14T20:51:05Z,2025-09-30T17:22:27Z,4,https://github.com/pytorch/pytorch/issues/158274
3229312269,158244,[QST] [DTensor] MoE + EP support,open,jeromeku,2025-07-14T16:23:11Z,2025-07-15T02:26:58Z,3,https://github.com/pytorch/pytorch/issues/158244
3229178632,158240,[Windows][inductor] Windows compilers building was slower 4x than on Linux.,open,xuhancn,2025-07-14T15:35:12Z,2025-07-22T14:34:18Z,0,https://github.com/pytorch/pytorch/issues/158240
3228886527,158232,"Incompatibility between torch.no_grad, torch.autocast, and FSDP2",closed,KimbingNg,2025-07-14T14:01:01Z,2025-10-16T19:32:04Z,3,https://github.com/pytorch/pytorch/issues/158232
3228634988,158230,pytorch implementation in dart,closed,KellyKinyama,2025-07-14T12:40:00Z,2025-07-14T17:04:25Z,1,https://github.com/pytorch/pytorch/issues/158230
3227992248,158227,Degraded JIT execution performance on 5090 Windows,open,blace-ai-transfer,2025-07-14T09:10:28Z,2025-07-14T18:08:15Z,1,https://github.com/pytorch/pytorch/issues/158227
3227956021,158226,Title: torch.compile() produces incorrect outputs for transformer model with causal attention,closed,zhouxiaoyaozzz,2025-07-14T08:58:31Z,2025-07-24T14:01:06Z,1,https://github.com/pytorch/pytorch/issues/158226
3227584991,158217,unwrap_to_op_info cannot handle TensorList input,closed,garfield1997,2025-07-14T06:50:16Z,2025-07-15T01:27:52Z,2,https://github.com/pytorch/pytorch/issues/158217
3227257741,158212,wrong gradients with compiled flex attention,open,tsengalb99,2025-07-14T03:44:01Z,2025-10-16T18:14:16Z,13,https://github.com/pytorch/pytorch/issues/158212
3227163203,158208,`torch.det` returns inconsistent results for complex tensor on CPU vs GPU,closed,jiren-the-gray,2025-07-14T02:33:14Z,2025-07-14T15:38:59Z,2,https://github.com/pytorch/pytorch/issues/158208
3226463616,158201,Docs: revise external link in build section for accuracy,open,fahad10inb,2025-07-13T12:22:30Z,2025-07-14T04:19:56Z,1,https://github.com/pytorch/pytorch/issues/158201
3226245281,158199,GPT-2 compiled model perf/accuracy,open,iankronquist,2025-07-13T08:03:54Z,2025-07-24T16:26:34Z,4,https://github.com/pytorch/pytorch/issues/158199
3225998845,158194,Exporting onnx using torch. export yields an error,closed,clylili,2025-07-13T01:26:29Z,2025-07-23T22:19:31Z,2,https://github.com/pytorch/pytorch/issues/158194
3225391979,158187,"[torch.save] Integrate FastPersist by allowing f (a.k.a., file-like object) to save storage objects",open,sfc-gh-truwase,2025-07-12T13:56:22Z,2025-08-01T15:23:08Z,8,https://github.com/pytorch/pytorch/issues/158187
3225317662,158186,Flash Attention 2 + Dynamo + FSDP accelerate plugin + torch.compile error,open,martinambrus,2025-07-12T12:53:16Z,2025-07-30T17:08:57Z,0,https://github.com/pytorch/pytorch/issues/158186
3224896613,158182,UNSTABLE rocm-mi300 / linux-noble-rocm-py3.12-mi300 / test (default),closed,huydhn,2025-07-12T06:02:55Z,2025-08-12T03:37:18Z,8,https://github.com/pytorch/pytorch/issues/158182
3224572800,158172,`torch.fmin` has inconsistent overflow behavior on CPU and GPU,open,jiren-the-gray,2025-07-12T00:40:00Z,2025-07-14T02:55:01Z,2,https://github.com/pytorch/pytorch/issues/158172
3224531452,158169,Invalid `torch.linalg.lstsq` check during vmapped implementation,open,jinensetpal,2025-07-12T00:10:18Z,2025-07-15T09:39:49Z,3,https://github.com/pytorch/pytorch/issues/158169
3224499603,158166,`torch.nn.LPPool2d` throws inconsistent error on CPU and GPU,open,jiren-the-gray,2025-07-11T23:51:17Z,2025-10-06T06:49:34Z,1,https://github.com/pytorch/pytorch/issues/158166
3224454277,158164,[dynamo] Incompatibility with sys.monitoring,closed,williamwen42,2025-07-11T23:21:55Z,2025-07-22T18:02:33Z,1,https://github.com/pytorch/pytorch/issues/158164
3224297551,158154,`torch.native_channel_shuffle` throws FPE when `groups` > size of the second dimension of the input tensor,open,jiren-the-gray,2025-07-11T21:42:27Z,2025-07-11T22:33:02Z,0,https://github.com/pytorch/pytorch/issues/158154
3223887859,158138,DISABLED test_one_shot_all_reduce (__main__.SymmMemCollectiveTest),closed,pytorch-bot[bot],2025-07-11T18:50:56Z,2025-09-16T15:35:48Z,1,https://github.com/pytorch/pytorch/issues/158138
3223887715,158136,DISABLED test_cuda_nvlink_connectivity_detection (__main__.SymmetricMemoryTest),closed,pytorch-bot[bot],2025-07-11T18:50:53Z,2025-09-16T15:35:49Z,1,https://github.com/pytorch/pytorch/issues/158136
3223887359,158135,DISABLED test_allow_overlapping_devices (__main__.SymmetricMemoryTest),closed,pytorch-bot[bot],2025-07-11T18:50:50Z,2025-09-16T15:35:49Z,1,https://github.com/pytorch/pytorch/issues/158135
3223799711,158134,Discrepancy between Numpy and PyTorch advanced indexing,closed,manuelcandales,2025-07-11T18:14:50Z,2025-07-12T04:35:07Z,1,https://github.com/pytorch/pytorch/issues/158134
3223745850,158131,Eager success but inductor failed on torch.ops.aten._cudnn_rnn.default,closed,xuzhao9,2025-07-11T17:49:22Z,2025-10-07T20:28:52Z,2,https://github.com/pytorch/pytorch/issues/158131
3223664804,158127,"A ""Merge-when-ready"" label when ci finishes?",open,henrylhtsang,2025-07-11T17:16:15Z,2025-09-30T01:27:08Z,8,https://github.com/pytorch/pytorch/issues/158127
3223604745,158125,index.Tensor doesn't properly account for boolean masks acting on multiple dimensions.,open,manuelcandales,2025-07-11T16:56:18Z,2025-07-14T23:29:09Z,2,https://github.com/pytorch/pytorch/issues/158125
3223276275,158122,[RFC] A Distributed CUDA Unified Memory Backend for PyTorch,closed,matthewdcong,2025-07-11T15:18:00Z,2025-08-11T07:05:03Z,8,https://github.com/pytorch/pytorch/issues/158122
3223230953,158121,RuntimeError: Placeholder storage has not been allocated on MPS device! - when calling torch.export.export on mps,closed,MaxTretikov,2025-07-11T15:05:17Z,2025-07-11T21:14:58Z,2,https://github.com/pytorch/pytorch/issues/158121
3223215485,158120,AttributeError: partially initialized module 'torch._dynamo' has no attribute 'disable' (most likely due to a circular import),closed,MaxTretikov,2025-07-11T14:59:44Z,2025-10-16T18:30:48Z,9,https://github.com/pytorch/pytorch/issues/158120
3222835299,158116,DISABLED test_gru (__main__.TestXNNPACKQuantizer),closed,pytorch-bot[bot],2025-07-11T12:58:22Z,2025-09-25T12:57:48Z,12,https://github.com/pytorch/pytorch/issues/158116
3222835031,158115,DISABLED test_conv_transpose_unary_fusion_ops (__main__.TestMkldnnFusion),open,pytorch-bot[bot],2025-07-11T12:58:19Z,2025-10-01T06:49:54Z,7,https://github.com/pytorch/pytorch/issues/158115
3222834906,158114,DISABLED test_triton_signal_wait_until (__main__.NVSHMEMTritonTest),closed,pytorch-bot[bot],2025-07-11T12:58:16Z,2025-08-02T07:19:12Z,2,https://github.com/pytorch/pytorch/issues/158114
3221896424,158109,Combination of USE_MEM_EFF_ATTENTION and AOTRITON_INSTALLED_PREFIX misbehaves,open,AngryLoki,2025-07-11T07:33:09Z,2025-07-17T20:39:06Z,12,https://github.com/pytorch/pytorch/issues/158109
3221772398,158108,DISABLED test_vmap_exhaustive_nn_functional_conv_transpose3d_cuda_float32 (__main__.TestVmapOperatorsOpInfoCUDA),closed,pytorch-bot[bot],2025-07-11T06:49:10Z,2025-10-02T01:07:25Z,6,https://github.com/pytorch/pytorch/issues/158108
3221772275,158107,DISABLED test_pool_method_subprocess (__main__.TestAsyncCompile),closed,pytorch-bot[bot],2025-07-11T06:49:07Z,2025-09-04T01:02:14Z,4,https://github.com/pytorch/pytorch/issues/158107
3221772177,158106,DISABLED test_triton_quiet (__main__.NVSHMEMTritonTest),closed,pytorch-bot[bot],2025-07-11T06:49:03Z,2025-08-02T07:19:08Z,2,https://github.com/pytorch/pytorch/issues/158106
3221321153,158095,DISABLED test_sdpfa_xpu.(__main__.TestUnbackedSymintsXPU),closed,guangyey,2025-07-11T03:03:09Z,2025-07-11T07:23:30Z,1,https://github.com/pytorch/pytorch/issues/158095
3221315211,158094,Exporting ONNX Model with Operator Name as Output Name Produces Invalid Model When dynamo=True,closed,fiberflow,2025-07-11T02:57:52Z,2025-09-03T20:12:54Z,5,https://github.com/pytorch/pytorch/issues/158094
3221304455,158093,kvstore Documentation Inconsistency: check() Method Claimed in v2.7 Docs But Missing in Implementation,closed,BraveY,2025-07-11T02:49:30Z,2025-07-14T23:28:15Z,3,https://github.com/pytorch/pytorch/issues/158093
3221226691,158088,`torch.compile` doesn't properly raise eager fake tensor exception,open,StrongerXi,2025-07-11T02:05:26Z,2025-07-15T17:51:31Z,5,https://github.com/pytorch/pytorch/issues/158088
3221174181,158087,`torch.compile` ignores nan check in `int(torch.tensor(torch.nan))`,open,StrongerXi,2025-07-11T01:32:34Z,2025-07-14T20:19:34Z,3,https://github.com/pytorch/pytorch/issues/158087
3221136887,158083,`torch.compile` on `.sum() `and `.item()` calls errors from `tensorify_python_scalars`,closed,StrongerXi,2025-07-11T01:06:47Z,2025-08-09T15:13:16Z,1,https://github.com/pytorch/pytorch/issues/158083
3221036725,158081,narrow with tensor size/end and tensor_split with tensor dim are not unbacked friendly,open,StrongerXi,2025-07-11T00:06:35Z,2025-10-09T18:56:20Z,8,https://github.com/pytorch/pytorch/issues/158081
3221017399,158080,loaded storage won't be cached during deserialization if location is meta,open,roosephu,2025-07-10T23:52:54Z,2025-07-14T14:47:22Z,0,https://github.com/pytorch/pytorch/issues/158080
3220877864,158076,"torch.compile on BFloat16 Segment Anything segfaults in cpp_CppMicroGemmRef_micro_gemm<false, false> on Mac",closed,swolchok,2025-07-10T22:31:02Z,2025-08-22T03:47:31Z,5,https://github.com/pytorch/pytorch/issues/158076
3220804738,158071,Mutating a tensor while serializing with safetensors crashes free-threaded PyTorch,open,ngoldbaum,2025-07-10T21:50:06Z,2025-08-07T13:36:01Z,14,https://github.com/pytorch/pytorch/issues/158071
3220463250,158060,InductorError: CppCompileError: C++ compile error on a function with a single `item` call,open,StrongerXi,2025-07-10T19:36:22Z,2025-07-29T18:45:25Z,2,https://github.com/pytorch/pytorch/issues/158060
3220391651,158058,`torch.compile` on `torch.arange` hard errors with `PendingUnbackedSymbolNotFound`,closed,StrongerXi,2025-07-10T19:09:59Z,2025-09-28T17:12:15Z,5,https://github.com/pytorch/pytorch/issues/158058
3220355896,158054,DISABLED test_generalized_sq_cases (__main__.TestSolve),closed,huydhn,2025-07-10T18:57:31Z,2025-07-18T01:08:36Z,3,https://github.com/pytorch/pytorch/issues/158054
3220119183,158043,Add GoLU Activation Function 🚀,open,IndrashisDas,2025-07-10T17:23:32Z,2025-09-23T21:50:25Z,0,https://github.com/pytorch/pytorch/issues/158043
3220109409,158042,[inductor] grouped_mm is autotuning under torch.compile default mode,closed,xmfan,2025-07-10T17:19:02Z,2025-07-15T11:58:14Z,14,https://github.com/pytorch/pytorch/issues/158042
3220099807,158041,pow_test fails on Aarch64,open,calewis,2025-07-10T17:15:45Z,2025-07-10T17:57:59Z,0,https://github.com/pytorch/pytorch/issues/158041
3219782577,158032,extension-cpp claims ROCM support with no additional changes; we should test this.,open,zou3519,2025-07-10T15:23:13Z,2025-07-16T21:19:28Z,1,https://github.com/pytorch/pytorch/issues/158032
3219675897,158029,NCCL + cudagraphs + expandable segments result in IMA,open,ngimel,2025-07-10T14:50:46Z,2025-10-13T18:07:13Z,2,https://github.com/pytorch/pytorch/issues/158029
3219270062,158025,DISABLED test_vmap_exhaustive_nn_functional_conv_transpose2d_cuda_float32 (__main__.TestVmapOperatorsOpInfoCUDA),closed,pytorch-bot[bot],2025-07-10T12:58:41Z,2025-10-01T18:51:45Z,4,https://github.com/pytorch/pytorch/issues/158025
3219269931,158024,DISABLED test_pool_method_spawn (__main__.TestAsyncCompile),closed,pytorch-bot[bot],2025-07-10T12:58:38Z,2025-09-04T01:02:23Z,4,https://github.com/pytorch/pytorch/issues/158024
3219269475,158023,DISABLED test_triton_put_signal_set (__main__.NVSHMEMTritonTest),closed,pytorch-bot[bot],2025-07-10T12:58:35Z,2025-08-02T07:19:04Z,1,https://github.com/pytorch/pytorch/issues/158023
3219238065,158022,"empty_like(tensor, memory_format=torch.preserve_format) does not preserve strides for views",closed,morrison-turnansky,2025-07-10T12:49:25Z,2025-07-14T06:02:56Z,3,https://github.com/pytorch/pytorch/issues/158022
3219120993,158021,[2.8 regression] CUDAAllocator has BC-breaking changes,closed,lw,2025-07-10T12:15:53Z,2025-07-14T17:10:19Z,4,https://github.com/pytorch/pytorch/issues/158021
3218472075,158016,"dist.all_to_all_single, when input tensors of different shapes result in undefined output behavior",open,GTX960SmashAircraftCarrier,2025-07-10T08:52:19Z,2025-09-29T09:57:32Z,1,https://github.com/pytorch/pytorch/issues/158016
3218329710,158012,TransformerEncoderLayer precision loss when fast path is enabled,closed,chaihahaha,2025-07-10T08:04:27Z,2025-07-10T09:16:40Z,1,https://github.com/pytorch/pytorch/issues/158012
3218130935,158010,DISABLED test_vmap_exhaustive_nn_functional_conv_transpose1d_cuda_float32 (__main__.TestVmapOperatorsOpInfoCUDA),closed,pytorch-bot[bot],2025-07-10T06:49:38Z,2025-09-25T06:47:55Z,5,https://github.com/pytorch/pytorch/issues/158010
3218130836,158009,DISABLED test_pool_method_fork (__main__.TestAsyncCompile),closed,pytorch-bot[bot],2025-07-10T06:49:35Z,2025-09-04T01:02:17Z,4,https://github.com/pytorch/pytorch/issues/158009
3218130734,158008,DISABLED test_triton_put_signal_add (__main__.NVSHMEMTritonTest),closed,pytorch-bot[bot],2025-07-10T06:49:32Z,2025-08-02T07:19:02Z,2,https://github.com/pytorch/pytorch/issues/158008
3218075143,158007,"`torch.compile` cannot compile a model with a basic `LSTM`, even on latest main",open,tinywisdom,2025-07-10T06:27:04Z,2025-07-12T06:50:39Z,2,https://github.com/pytorch/pytorch/issues/158007
3217957323,158005,BUG: numpy very slow after import torch,closed,crossxwill,2025-07-10T05:29:54Z,2025-08-08T19:27:43Z,7,https://github.com/pytorch/pytorch/issues/158005
3217911151,158003,[inuctor] [triton] `torch.cumsum` outputs inconsistent results when meeting large tensors,closed,shaoyuyoung,2025-07-10T05:06:09Z,2025-07-28T16:41:54Z,2,https://github.com/pytorch/pytorch/issues/158003
3217834337,158000,[inductor] performance of torchbench alexnet has regression compare to 2.7 due to inductor changes a triton kernel,open,jianyizh,2025-07-10T04:21:45Z,2025-07-12T06:40:55Z,1,https://github.com/pytorch/pytorch/issues/158000
3217721380,157998,Question: Is it expected that `QuantStub` and `DeQuantStub` are skipped in `torch.compile`?,closed,tinywisdom,2025-07-10T03:08:48Z,2025-07-12T06:39:53Z,1,https://github.com/pytorch/pytorch/issues/157998
3217608108,157992,Dynamo guard source not implemented due to int specialization,closed,mlazos,2025-07-10T01:47:27Z,2025-07-10T02:02:10Z,0,https://github.com/pytorch/pytorch/issues/157992
3217547079,157989,[XPU] torch.xpu.mem_get_info() query failed on BMG & LNL,open,Stonepia,2025-07-10T01:07:04Z,2025-09-15T01:48:04Z,6,https://github.com/pytorch/pytorch/issues/157989
3217538921,157987,DISABLED test_vmap_exhaustive_nn_functional_conv2d_strided_padding_dilation_with_bias_cuda_float32 (__main__.TestVmapOperatorsOpInfoCUDA),closed,pytorch-bot[bot],2025-07-10T01:01:41Z,2025-09-24T12:56:57Z,6,https://github.com/pytorch/pytorch/issues/157987
3217538565,157986,DISABLED test_triton_put (__main__.NVSHMEMTritonTest),closed,pytorch-bot[bot],2025-07-10T01:01:38Z,2025-08-02T07:18:59Z,2,https://github.com/pytorch/pytorch/issues/157986
3217413391,157976,support DTensor's local_map in compile,open,bdhirsh,2025-07-09T23:30:16Z,2025-07-19T00:33:37Z,0,https://github.com/pytorch/pytorch/issues/157976
3217365204,157975,[Inductor] Online softmax disabled due to reduction split – Unexpected performance warning,open,contepablod,2025-07-09T23:03:50Z,2025-07-30T17:08:00Z,0,https://github.com/pytorch/pytorch/issues/157975
3217340774,157973,dynamo+numpy 2.0 issue: TypeError: 'numpy.bool' object cannot be interpreted as an integer,closed,jansel,2025-07-09T22:50:53Z,2025-07-17T06:36:21Z,4,https://github.com/pytorch/pytorch/issues/157973
3217019299,157959,Torch compile don't work correctly with divide by scalar,closed,Kotwic4,2025-07-09T20:10:32Z,2025-07-25T08:57:21Z,1,https://github.com/pytorch/pytorch/issues/157959
3216923249,157957,MPSInductor (aka torch.compile for Apple GPUs),closed,malfet,2025-07-09T19:28:29Z,2025-07-09T19:28:34Z,0,https://github.com/pytorch/pytorch/issues/157957
3216806692,157950,[RFC]: PyTorch Low-Precision GEMMs Public API,open,drisspg,2025-07-09T18:38:29Z,2025-08-06T17:39:27Z,31,https://github.com/pytorch/pytorch/issues/157950
3216773471,157948,"Dim argument of torch.max can currently be only int or name, but documentation says it can be int or tuple",closed,ungverd,2025-07-09T18:22:28Z,2025-07-14T15:41:26Z,3,https://github.com/pytorch/pytorch/issues/157948
3216740258,157945,torch.compile fails with InternalTorchDynamoError when slicing torch.linalg.svd results,closed,LiSsHhUuAaIi,2025-07-09T18:06:37Z,2025-07-14T23:39:27Z,0,https://github.com/pytorch/pytorch/issues/157945
3216302025,157926,torch.compile() disables torch.distributions parameter validation globally,open,mctigger,2025-07-09T15:18:38Z,2025-07-16T09:23:25Z,3,https://github.com/pytorch/pytorch/issues/157926
3216211369,157922,TypeError: message must be a callable when calling grouped_mm with incompatible batch size for offsets,closed,IvanYashchuk,2025-07-09T14:48:03Z,2025-07-15T11:57:23Z,3,https://github.com/pytorch/pytorch/issues/157922
3216197958,157921,BC-breaking change to symint range constraints from 2.7 -> 2.8,closed,zou3519,2025-07-09T14:43:41Z,2025-07-18T15:32:44Z,18,https://github.com/pytorch/pytorch/issues/157921
3216164450,157919,tighten pt2 FX graph invariants,open,zou3519,2025-07-09T14:32:27Z,2025-07-24T14:07:37Z,1,https://github.com/pytorch/pytorch/issues/157919
3216155020,157918,[Precompile] Umbrella task,open,jamesjwu,2025-07-09T14:29:30Z,2025-07-09T14:34:30Z,0,https://github.com/pytorch/pytorch/issues/157918
3216052038,157915,tlparse symint guard user provenance slightly off,closed,zou3519,2025-07-09T13:55:48Z,2025-10-14T03:24:03Z,6,https://github.com/pytorch/pytorch/issues/157915
3215866869,157911,DISABLED test_qlinear_add_int8_mixed_bf16_use_relu_False_is_qat_False_is_dynamic_True (__main__.TestPatternMatcher),closed,pytorch-bot[bot],2025-07-09T12:57:55Z,2025-08-11T01:01:38Z,2,https://github.com/pytorch/pytorch/issues/157911
3215685422,157909,Inconsistent behavior between eager and compiled mode for `F.conv_transpose2d`,closed,tinywisdom,2025-07-09T11:59:23Z,2025-07-12T07:22:04Z,1,https://github.com/pytorch/pytorch/issues/157909
3214742689,157901,DISABLED test_graph_partition_reorder_custom_op_with_no_dependency1 (__main__.CudaGraphTreeTests),closed,pytorch-bot[bot],2025-07-09T06:50:05Z,2025-09-23T14:45:05Z,6,https://github.com/pytorch/pytorch/issues/157901
3214742556,157900,DISABLED test_graph_partition_reorder_custom_op_with_no_dependency1 (__main__.CudaGraphTreeTests),closed,pytorch-bot[bot],2025-07-09T06:50:02Z,2025-07-09T12:57:27Z,1,https://github.com/pytorch/pytorch/issues/157900
3214742429,157899,DISABLED test_vmap_exhaustive_nn_functional_conv2d_strided_padding_dilation_no_bias_cuda_float32 (__main__.TestVmapOperatorsOpInfoCUDA),closed,pytorch-bot[bot],2025-07-09T06:49:59Z,2025-09-23T01:03:05Z,5,https://github.com/pytorch/pytorch/issues/157899
3214742310,157898,DISABLED test_triton_get_ring (__main__.NVSHMEMTritonTest),closed,pytorch-bot[bot],2025-07-09T06:49:56Z,2025-08-02T07:18:57Z,2,https://github.com/pytorch/pytorch/issues/157898
3214742192,157897,DISABLED test_reduce_scatter_float8 (__main__.ProcessGroupNCCLOpTest),open,pytorch-bot[bot],2025-07-09T06:49:53Z,2025-07-09T12:57:28Z,2,https://github.com/pytorch/pytorch/issues/157897
3214742073,157896,DISABLED test_nccl_watchdog_cudagraph (__main__.ProcessGroupNCCLOpTest),open,pytorch-bot[bot],2025-07-09T06:49:50Z,2025-07-09T06:49:54Z,1,https://github.com/pytorch/pytorch/issues/157896
3214741968,157895,DISABLED test_2d_reductions_mixed_indexing_reduction_op0_cpu (__main__.TritonBlockPointerTestCPU),open,pytorch-bot[bot],2025-07-09T06:49:47Z,2025-10-17T13:02:13Z,10,https://github.com/pytorch/pytorch/issues/157895
3214328600,157891,Partitioner: Fix to align partition node order with original graph,closed,xwu-intel,2025-07-09T03:01:39Z,2025-07-28T17:36:33Z,0,https://github.com/pytorch/pytorch/issues/157891
3214275093,157888,Way to customize HOPs overrided arguments selection,open,ezyang,2025-07-09T02:23:18Z,2025-07-14T14:33:49Z,1,https://github.com/pytorch/pytorch/issues/157888
3214131717,157880,DISABLED test_vmap_exhaustive_nn_functional_conv2d_cuda_float32 (__main__.TestVmapOperatorsOpInfoCUDA),closed,pytorch-bot[bot],2025-07-09T01:02:31Z,2025-09-22T12:57:58Z,6,https://github.com/pytorch/pytorch/issues/157880
3214131652,157879,DISABLED test_allreduce_float8 (__main__.ProcessGroupNCCLOpTest),open,pytorch-bot[bot],2025-07-09T01:02:28Z,2025-07-09T06:48:59Z,2,https://github.com/pytorch/pytorch/issues/157879
3214131597,157878,DISABLED test_triton_template_generated_code_caching_mm_plus_mm (__main__.TestMaxAutotune),closed,pytorch-bot[bot],2025-07-09T01:02:25Z,2025-07-23T06:52:09Z,2,https://github.com/pytorch/pytorch/issues/157878
3214131495,157877,DISABLED test_triton_get (__main__.NVSHMEMTritonTest),closed,pytorch-bot[bot],2025-07-09T01:02:22Z,2025-08-02T07:18:54Z,2,https://github.com/pytorch/pytorch/issues/157877
3214066630,157872,DISABLED test_int64_index_intermediate (__main__.CudaReproTests),closed,jataylo,2025-07-09T00:12:09Z,2025-07-17T17:26:18Z,2,https://github.com/pytorch/pytorch/issues/157872
3214064627,157871,DISABLED test_graph_partition_reorder_custom_op_with_no_dependency (__main__.CudaGraphTreeTests),closed,jataylo,2025-07-09T00:10:34Z,2025-09-23T14:45:05Z,10,https://github.com/pytorch/pytorch/issues/157871
3214041072,157869,"Exporting tensor.to(""cuda"") under FakeTensorMode doesn't work on a CPU-only machine",open,SherlockNoMad,2025-07-08T23:52:47Z,2025-07-09T00:00:16Z,0,https://github.com/pytorch/pytorch/issues/157869
3213911056,157862,"Spurious ""Grad strides do not match bucket view strides"" warning for 1x1 convolution",open,eindenbom,2025-07-08T22:25:52Z,2025-07-08T22:59:35Z,0,https://github.com/pytorch/pytorch/issues/157862
3274858400,159409,[s3_management] Switch dependencies that are on pypi to utilize pypi's CDN,open,seemethere,2025-07-08T21:40:57Z,2025-09-12T18:31:16Z,1,https://github.com/pytorch/pytorch/issues/159409
3213757622,157844,CUDA ec2 runner with no cuda runtime,closed,clee2000,2025-07-08T20:57:19Z,2025-07-29T20:12:15Z,3,https://github.com/pytorch/pytorch/issues/157844
3213704328,157842,Build error: unrecognizable insn with using gcc-14 on aarch64,closed,mreso,2025-07-08T20:31:42Z,2025-07-09T02:59:10Z,3,https://github.com/pytorch/pytorch/issues/157842
3213528747,157833,torch.compile with flex_attention: 'ShapeAsConstantBuffer' object has no attribute 'dtype',closed,s22chan,2025-07-08T19:11:54Z,2025-07-11T04:39:53Z,3,https://github.com/pytorch/pytorch/issues/157833
3213441322,157832,[FSDP2] should pass args as is instead of creating new ones,open,weifengpy,2025-07-08T18:36:14Z,2025-07-08T19:31:15Z,0,https://github.com/pytorch/pytorch/issues/157832
3212988201,157808,sparse_csr bfloat16 matrix multiplication backward is 10x slower than float16,open,zbh2047,2025-07-08T15:35:59Z,2025-07-08T16:05:56Z,0,https://github.com/pytorch/pytorch/issues/157808
3212972236,157807,[RFC] Replace setuptools build backend with scikit-build-core,open,zklaus,2025-07-08T15:29:59Z,2025-10-08T16:45:51Z,12,https://github.com/pytorch/pytorch/issues/157807
3212655533,157792,Consider changing AOTAutograd cache to hit on graphs with different input and node names,closed,zou3519,2025-07-08T13:53:33Z,2025-07-14T18:08:05Z,6,https://github.com/pytorch/pytorch/issues/157792
3212461083,157790,DISABLED test_vmap_exhaustive_matmul_cuda_float32 (__main__.TestVmapOperatorsOpInfoCUDA),closed,pytorch-bot[bot],2025-07-08T12:58:19Z,2025-09-19T06:47:58Z,7,https://github.com/pytorch/pytorch/issues/157790
3212460923,157789,DISABLED test_triton_fence (__main__.NVSHMEMTritonTest),closed,pytorch-bot[bot],2025-07-08T12:58:16Z,2025-08-02T07:18:51Z,2,https://github.com/pytorch/pytorch/issues/157789
3212460745,157788,DISABLED test_progressive (__main__.TestSubprocess),open,pytorch-bot[bot],2025-07-08T12:58:13Z,2025-07-08T12:58:17Z,1,https://github.com/pytorch/pytorch/issues/157788
3212460586,157787,DISABLED test_progressive (__main__.TestSubprocess),closed,pytorch-bot[bot],2025-07-08T12:58:10Z,2025-07-08T18:49:31Z,1,https://github.com/pytorch/pytorch/issues/157787
3212055373,157785,[aarch64] Inductor benchmark - fail with IDEEP update,closed,aditew01,2025-07-08T10:58:41Z,2025-07-09T09:36:25Z,4,https://github.com/pytorch/pytorch/issues/157785
3211687372,157781,torch.distributed.checkpoint.state_dict.set_state_dict stucks with StateDictOptions(full_state_dict=True),open,Darius-H,2025-07-08T09:06:28Z,2025-07-22T11:29:24Z,2,https://github.com/pytorch/pytorch/issues/157781
3211431630,157778,test_optimizer_non_static_param got failed on Intel GPU,open,daisyden,2025-07-08T07:46:20Z,2025-07-08T08:04:03Z,0,https://github.com/pytorch/pytorch/issues/157778
3216108284,157917,Does FSDP works with DDP ?,open,Musa-Sina-Ertugrul,2025-07-08T07:37:47Z,2025-07-10T09:34:02Z,2,https://github.com/pytorch/pytorch/issues/157917
3211236747,157776,Support for _Float16/C++23 std::float16_t,open,rdonggroq,2025-07-08T06:38:28Z,2025-08-08T18:51:32Z,2,https://github.com/pytorch/pytorch/issues/157776
3211232182,157775,Fatal on torch.xpu,open,kisaragychihaya,2025-07-08T06:36:22Z,2025-07-15T14:18:11Z,4,https://github.com/pytorch/pytorch/issues/157775
3210696933,157764,Drop SSE4 support in oneDNN,open,CaoE,2025-07-08T01:25:56Z,2025-07-12T00:16:11Z,6,https://github.com/pytorch/pytorch/issues/157764
3210664798,157763,Nightly C++ docs build timeout in CI after 4 hours,closed,huydhn,2025-07-08T01:05:13Z,2025-10-03T06:24:45Z,4,https://github.com/pytorch/pytorch/issues/157763
3210660767,157762,DISABLED test_vmap_exhaustive_linalg_vecdot_cuda_float32 (__main__.TestVmapOperatorsOpInfoCUDA),closed,pytorch-bot[bot],2025-07-08T01:02:07Z,2025-09-18T12:56:59Z,7,https://github.com/pytorch/pytorch/issues/157762
3210660708,157761,DISABLED test_graph_partition_reorder_cpu_and_gpu (__main__.CudaGraphTreeTests),closed,pytorch-bot[bot],2025-07-08T01:02:04Z,2025-09-23T14:45:06Z,6,https://github.com/pytorch/pytorch/issues/157761
3210660408,157760,DISABLED test_graph_partition_reorder_cpu_and_gpu (__main__.CudaGraphTreeTests),closed,pytorch-bot[bot],2025-07-08T01:02:01Z,2025-07-08T12:57:33Z,1,https://github.com/pytorch/pytorch/issues/157760
3210331001,157737,[Inductor] AOTInductorTestABICompatibleGpu.test_on_gpu_device1_cuda fails,closed,eqy,2025-07-07T21:48:28Z,2025-07-11T02:34:33Z,2,https://github.com/pytorch/pytorch/issues/157737
3210126639,157729,[dynamo] Missing meta kernel for `aten::quantize_per_tensor.tensor_qparams`,open,StrongerXi,2025-07-07T20:09:08Z,2025-09-01T06:02:09Z,1,https://github.com/pytorch/pytorch/issues/157729
3209997530,157728,"fill_ overflows on uint64 in range [2**63, 2**64) when profiler is engaged",open,ecpeterson,2025-07-07T19:08:03Z,2025-08-28T16:11:29Z,4,https://github.com/pytorch/pytorch/issues/157728
3209953968,157726,DISABLED test_vmap_exhaustive_inner_cuda_float32 (__main__.TestVmapOperatorsOpInfoCUDA),closed,pytorch-bot[bot],2025-07-07T18:49:30Z,2025-10-02T12:59:23Z,11,https://github.com/pytorch/pytorch/issues/157726
3209953833,157725,DISABLED test_resnet (__main__.TestBlockStateAbsorption),closed,pytorch-bot[bot],2025-07-07T18:49:27Z,2025-09-30T18:50:34Z,10,https://github.com/pytorch/pytorch/issues/157725
3209953727,157724,DISABLED test_progressive (__main__.GPUTests),open,pytorch-bot[bot],2025-07-07T18:49:24Z,2025-07-07T18:49:26Z,1,https://github.com/pytorch/pytorch/issues/157724
3209953629,157723,DISABLED test_graph_partition_forward_with_skipped_cudagraphed_backward (__main__.CudaGraphTreeTests),closed,pytorch-bot[bot],2025-07-07T18:49:21Z,2025-09-23T14:45:06Z,8,https://github.com/pytorch/pytorch/issues/157723
3209953521,157722,DISABLED test_graph_partition_forward_with_skipped_cudagraphed_backward (__main__.CudaGraphTreeTests),closed,pytorch-bot[bot],2025-07-07T18:49:18Z,2025-07-08T01:01:18Z,1,https://github.com/pytorch/pytorch/issues/157722
3209906406,157721,[Precompile] Caching precompile and presence of packages in general should be safe re: guard serialization,open,jamesjwu,2025-07-07T18:28:12Z,2025-07-07T18:34:41Z,0,https://github.com/pytorch/pytorch/issues/157721
3209889773,157720,"[dynamo] `torch.compile` errors on numpy `astype(""O"")`",closed,StrongerXi,2025-07-07T18:20:37Z,2025-07-14T01:22:51Z,1,https://github.com/pytorch/pytorch/issues/157720
3209438695,157714,AssertHandler::printMessage On Intel GPU,open,SkyIsland-CN,2025-07-07T15:26:34Z,2025-09-18T07:12:23Z,2,https://github.com/pytorch/pytorch/issues/157714
3208599380,157709,/lib/x86_64-linux-gnu/libstdc++.so.6: version `GLIBCXX_3.4.30' not found when IMPORT TORCH,open,manuayllon00,2025-07-07T11:18:08Z,2025-07-07T22:28:00Z,2,https://github.com/pytorch/pytorch/issues/157709
3208558865,157707,`torch.randint` raises a `RuntimeError` if `dtype=torch.uint64` and `high >= 2**63`,closed,rec,2025-07-07T11:04:25Z,2025-07-25T23:49:48Z,5,https://github.com/pytorch/pytorch/issues/157707
3208269391,157704,Seg faults on macos / OSX,open,tennlee,2025-07-07T09:41:55Z,2025-07-07T15:05:05Z,1,https://github.com/pytorch/pytorch/issues/157704
3208093944,157701,"Compiling the pytorch project produces unnecessary integer comparison warnings, which can lead to a poor user experience.",closed,thenumberouscode,2025-07-07T08:47:33Z,2025-07-07T22:49:41Z,0,https://github.com/pytorch/pytorch/issues/157701
3208009927,157697,DISABLED test_comprehensive_logcumsumexp_xpu_float16 (__main__.TestInductorOpInfoXPU),closed,etaf,2025-07-07T08:18:30Z,2025-07-09T00:55:04Z,1,https://github.com/pytorch/pytorch/issues/157697
3207248443,157683,[inductor][fuzzer] Compilation Error in complex64+toint,closed,Qi-Zhan,2025-07-07T01:13:16Z,2025-08-07T08:03:08Z,1,https://github.com/pytorch/pytorch/issues/157683
3207150538,157680,CONTRIBUTING.md install command incorrect,closed,SRIRAMDADI1,2025-07-06T23:21:28Z,2025-07-10T04:44:10Z,4,https://github.com/pytorch/pytorch/issues/157680
3206681266,157677,Flex Attention breaks in certain cases when used with a learned bias,open,vladkvit,2025-07-06T15:31:11Z,2025-08-17T05:10:00Z,1,https://github.com/pytorch/pytorch/issues/157677
3206465949,157675,Cannot create a mask for each sequence in a batch with Flex Attention,closed,luispl77,2025-07-06T12:13:13Z,2025-07-07T20:39:49Z,3,https://github.com/pytorch/pytorch/issues/157675
3206415127,157674,extern declaration of the entity XXX is treated as a static definition,closed,Ind1x1,2025-07-06T11:17:57Z,2025-07-08T23:15:28Z,1,https://github.com/pytorch/pytorch/issues/157674
3206390888,157673,Inductor throws UnicodeDecodeError when compiling a simple model on Windows with MSVC,closed,LiSsHhUuAaIi,2025-07-06T10:49:14Z,2025-07-09T08:31:48Z,7,https://github.com/pytorch/pytorch/issues/157673
3206379488,157672,Feedback about Getting Started on Intel GPU,open,SickBOoooooy,2025-07-06T10:32:22Z,2025-07-07T07:49:13Z,1,https://github.com/pytorch/pytorch/issues/157672
3205912013,157668,NCCL error caused due to use of NVLS in torch 2.7.1-cu128 on aarch64 gb200 cluster,open,mihirp1998,2025-07-06T02:07:10Z,2025-08-04T17:13:42Z,2,https://github.com/pytorch/pytorch/issues/157668
3205688673,157665,torch.utils.cpp_extension fails to parse clang version 20.1.7+libcxx,closed,AngryLoki,2025-07-05T22:04:22Z,2025-07-06T01:35:04Z,0,https://github.com/pytorch/pytorch/issues/157665
3205566027,157663,"ConvNd ops in channel last layout (N,L,C) / (N,H,W,C) / (N,D,H,W,C)",closed,mauriceweiler,2025-07-05T20:33:58Z,2025-07-20T16:05:59Z,1,https://github.com/pytorch/pytorch/issues/157663
3205247524,157662,OffsetBasedRNGTracker's run_state_sync causes deadlock due to inconsistent broadcast order across ranks,open,KimbingNg,2025-07-05T16:49:13Z,2025-07-07T19:56:43Z,1,https://github.com/pytorch/pytorch/issues/157662
3204908943,157660,Will the Metal4 update bring significant optimizations for future pytorch mps performance and compatibility?,closed,c0nleyinnnn,2025-07-05T12:56:48Z,2025-07-06T18:27:41Z,1,https://github.com/pytorch/pytorch/issues/157660
3204053188,157657,Torch.compile Dynamo failed to run FX node with fake tensors,closed,Edenzzzz,2025-07-05T01:57:28Z,2025-07-05T02:33:25Z,1,https://github.com/pytorch/pytorch/issues/157657
3203695370,157653,"Fix warning #177-D: variable ""threshold"" was declared but never referenced",closed,yewentao256,2025-07-04T21:02:59Z,2025-07-05T02:12:17Z,0,https://github.com/pytorch/pytorch/issues/157653
3203594677,157648,RuntimeError: operator torchvision::nms does not exist,open,ralphrmartin,2025-07-04T19:49:24Z,2025-08-01T10:15:27Z,11,https://github.com/pytorch/pytorch/issues/157648
3203483231,157644,DISABLED test_vmap_exhaustive_dot_cuda_float32 (__main__.TestVmapOperatorsOpInfoCUDA),closed,pytorch-bot[bot],2025-07-04T18:47:38Z,2025-10-01T13:00:25Z,9,https://github.com/pytorch/pytorch/issues/157644
3203483118,157643,DISABLED test_graph_partition_forward_backward_not_called (__main__.CudaGraphTreeTests),closed,pytorch-bot[bot],2025-07-04T18:47:35Z,2025-09-23T14:45:06Z,6,https://github.com/pytorch/pytorch/issues/157643
3203483055,157642,DISABLED test_graph_partition_forward_backward_not_called (__main__.CudaGraphTreeTests),closed,pytorch-bot[bot],2025-07-04T18:47:32Z,2025-07-07T01:01:09Z,1,https://github.com/pytorch/pytorch/issues/157642
3203036246,157631,Einsum of 2 dtensors fails in inference mode,open,AShedko,2025-07-04T14:56:27Z,2025-10-08T21:46:07Z,5,https://github.com/pytorch/pytorch/issues/157631
3202294433,157627,Regression: torch.distributed.gather_object segfaults,open,Danil328,2025-07-04T11:08:13Z,2025-08-19T13:28:48Z,2,https://github.com/pytorch/pytorch/issues/157627
3202256886,157626,Segmentation faults in test_ops.py tests with gcc13 on AArch64 (v1),closed,robert-hardwick,2025-07-04T10:57:45Z,2025-07-15T18:26:41Z,17,https://github.com/pytorch/pytorch/issues/157626
3202072463,157625,Is there some official method to extract the featuremap of each node in pt2 graph like the function torchvision.models.feature_extraction.create_feature_extractor(),open,TingfengTang,2025-07-04T10:02:06Z,2025-07-08T17:33:56Z,1,https://github.com/pytorch/pytorch/issues/157625
3201950887,157624,file_name is not correctly read in here,open,ATMCHGIT18,2025-07-04T09:22:26Z,2025-07-16T09:08:47Z,1,https://github.com/pytorch/pytorch/issues/157624
3201817083,157622,`TORCH_DISTRIBUTED_DEBUG=DETAIL` causes DTensors to raise errors,open,lw,2025-07-04T08:35:07Z,2025-07-07T17:30:03Z,2,https://github.com/pytorch/pytorch/issues/157622
3201799628,157621,ResNet Onnx export dynamic batch size exported as fixed batch size,closed,Janson-L,2025-07-04T08:28:01Z,2025-07-09T21:29:18Z,5,https://github.com/pytorch/pytorch/issues/157621
3201555870,157617,DISABLED test_vmap_exhaustive_addmv_cuda_float32 (__main__.TestVmapOperatorsOpInfoCUDA),closed,pytorch-bot[bot],2025-07-04T06:48:57Z,2025-10-01T06:50:00Z,10,https://github.com/pytorch/pytorch/issues/157617
3201555576,157616,DISABLED test_graph_partition_forward_backward (__main__.CudaGraphTreeTests),closed,pytorch-bot[bot],2025-07-04T06:48:54Z,2025-09-23T14:45:07Z,6,https://github.com/pytorch/pytorch/issues/157616
3201555463,157615,DISABLED test_graph_partition_forward_backward (__main__.CudaGraphTreeTests),closed,pytorch-bot[bot],2025-07-04T06:48:51Z,2025-07-04T18:47:13Z,1,https://github.com/pytorch/pytorch/issues/157615
3201328621,157612,"`torch.compile` fails with `NotImplementedError: Unsupported for now if query, key, value are the same buffer.` in `flex_attention`",open,raindrops-0199,2025-07-04T04:46:54Z,2025-07-07T23:58:07Z,0,https://github.com/pytorch/pytorch/issues/157612
3201221415,157610,`torch.compile` fails on `prims.broadcast_in_dim` with alias annotation error,open,raindrops-0199,2025-07-04T03:57:03Z,2025-07-07T22:51:34Z,0,https://github.com/pytorch/pytorch/issues/157610
3201166716,157607,`torch.compile` fails on `torch.vdot` with complex tensors,open,raindrops-0199,2025-07-04T03:16:17Z,2025-07-08T02:14:46Z,1,https://github.com/pytorch/pytorch/issues/157607
3201107464,157606,Both DTensor TP and SP are missing the last collective in the backward pass,open,githubsgi,2025-07-04T02:35:38Z,2025-07-30T23:10:51Z,6,https://github.com/pytorch/pytorch/issues/157606
3201014111,157603,Incorrect inference of the groups parameter type for channel_stuffle (int misclassified as Tensor),open,zhouxiaoyaozzz,2025-07-04T01:19:51Z,2025-07-07T08:07:53Z,1,https://github.com/pytorch/pytorch/issues/157603
3201000162,157602,Incorrect inference of the groups parameter type for channel_stuffle (int misclassified as Tensor),closed,zhouxiaoyaozzz,2025-07-04T01:11:10Z,2025-07-04T01:12:08Z,0,https://github.com/pytorch/pytorch/issues/157602
3200978464,157601,PyTorch 2.7.1 torch.compile will probably break with einops 0.8.2 or 0.9.0,open,zou3519,2025-07-04T00:58:01Z,2025-10-06T15:26:08Z,8,https://github.com/pytorch/pytorch/issues/157601
3200765345,157591,PT2E Quantization Migration Tracker,open,jerryzh168,2025-07-03T22:04:11Z,2025-07-08T22:31:37Z,0,https://github.com/pytorch/pytorch/issues/157591
3200558530,157585,[DTensor] Better communication cost model for redistribute,open,zpcore,2025-07-03T20:28:23Z,2025-07-07T17:27:38Z,6,https://github.com/pytorch/pytorch/issues/157585
3200312212,157577,[precompile] Precompile failure on nanogpt training,closed,jamesjwu,2025-07-03T18:45:29Z,2025-07-27T20:35:58Z,1,https://github.com/pytorch/pytorch/issues/157577
3199994513,157569,torch.compile with numpy code differs from numpy's behavior,closed,soumith,2025-07-03T16:45:22Z,2025-07-12T04:35:07Z,9,https://github.com/pytorch/pytorch/issues/157569
3199860334,157564,"Mispelled ""paramter"" in test_fully_shard_training.py",closed,dsashidh,2025-07-03T15:52:05Z,2025-07-05T17:04:16Z,1,https://github.com/pytorch/pytorch/issues/157564
3199302442,157556,DISABLED test_graph_partition_dynamic_shapes (__main__.CudaGraphTreeTests),closed,pytorch-bot[bot],2025-07-03T12:56:54Z,2025-09-23T14:45:07Z,6,https://github.com/pytorch/pytorch/issues/157556
3199302304,157555,DISABLED test_graph_partition_dynamic_shapes (__main__.CudaGraphTreeTests),closed,pytorch-bot[bot],2025-07-03T12:56:51Z,2025-07-04T06:48:38Z,1,https://github.com/pytorch/pytorch/issues/157555
3199183215,157549,Add full support for NVIDIA RTX Pro 6000 (Blackwell – SM122 / Compute Capability 12.2),closed,KuhlmLuk671,2025-07-03T12:15:59Z,2025-08-06T03:27:36Z,8,https://github.com/pytorch/pytorch/issues/157549
3199163246,157548,Nightly cu128 aarch64 wheels haven't been built for weeks,open,saagarjha,2025-07-03T12:08:55Z,2025-07-03T19:59:33Z,3,https://github.com/pytorch/pytorch/issues/157548
3199045858,157547,Several `torch.*` functions raise uninformative `NotImplementedError`s when called with integer `dtype`,open,rec,2025-07-03T11:26:38Z,2025-07-14T17:18:48Z,9,https://github.com/pytorch/pytorch/issues/157547
3199007642,157545,test_dtensor.py::test_dtensor_save_load_import conflicts with autoloader importing torch._dynamo,open,wdziurdz,2025-07-03T11:12:27Z,2025-07-07T22:27:14Z,2,https://github.com/pytorch/pytorch/issues/157545
3198830591,157543,Vmap error raised by mask_mod of FlexAttention,closed,NiuMa-1234,2025-07-03T10:08:32Z,2025-07-08T01:06:16Z,2,https://github.com/pytorch/pytorch/issues/157543
3198555949,157538,PyTorch fails to detect AVX through it's detected,closed,winapiadmin,2025-07-03T08:38:10Z,2025-07-08T23:06:11Z,11,https://github.com/pytorch/pytorch/issues/157538
3198313797,157535,"Error in Qwen inference: NVML_SUCCESS == r INTERNAL ASSERT FAILED at ""/pytorch/c10/cuda/CUDACachingAllocator.cpp",closed,dineshsoudagar,2025-07-03T07:13:49Z,2025-07-11T09:49:09Z,3,https://github.com/pytorch/pytorch/issues/157535
3198247827,157534,DISABLED test_vmap_exhaustive___rmatmul___cuda_float32 (__main__.TestVmapOperatorsOpInfoCUDA),closed,pytorch-bot[bot],2025-07-03T06:48:57Z,2025-09-30T13:00:19Z,13,https://github.com/pytorch/pytorch/issues/157534
3198247686,157533,DISABLED test_graph_partition_custom_op_no_split (__main__.CudaGraphTreeTests),closed,pytorch-bot[bot],2025-07-03T06:48:54Z,2025-09-23T14:45:08Z,8,https://github.com/pytorch/pytorch/issues/157533
3198247570,157532,DISABLED test_graph_partition_custom_op_no_split (__main__.CudaGraphTreeTests),closed,pytorch-bot[bot],2025-07-03T06:48:51Z,2025-07-03T12:56:17Z,1,https://github.com/pytorch/pytorch/issues/157532
3198234166,157531,pytorch,closed,Minari009,2025-07-03T06:43:41Z,2025-07-07T08:12:44Z,0,https://github.com/pytorch/pytorch/issues/157531
3198230011,157530,DISABLED [WORKFLOW_NAME] / [PLATFORM_NAME] / [JOB_NAME],closed,Minari009,2025-07-03T06:41:55Z,2025-07-03T06:42:01Z,1,https://github.com/pytorch/pytorch/issues/157530
3197560265,157517,"[release 2.8-2.9] Delete support for Maxwell, Pascal, and Volta architectures for CUDA 12.8 and 12.9 builds",open,atalman,2025-07-03T00:40:02Z,2025-09-20T20:37:00Z,27,https://github.com/pytorch/pytorch/issues/157517
3197283277,157502,Failure with cub::TransformInputIterator in 12.9 periodic CI test,open,tinglvv,2025-07-02T21:52:32Z,2025-07-09T22:02:30Z,1,https://github.com/pytorch/pytorch/issues/157502
3197175118,157495,[DTensor] Improve `tensor_metadata` and `redistribute_cost` coverage for op strategies.,open,zpcore,2025-07-02T21:01:50Z,2025-07-11T22:31:37Z,1,https://github.com/pytorch/pytorch/issues/157495
3197028706,157490,Quantized version of Gather layer,open,Egorka1,2025-07-02T19:57:17Z,2025-07-02T23:56:02Z,0,https://github.com/pytorch/pytorch/issues/157490
3196960565,157485,`FSDPModule.set_reduce_scatter_divide_factor` on subset of parameters is broken?,closed,EugenHotaj,2025-07-02T19:25:14Z,2025-07-09T19:43:20Z,3,https://github.com/pytorch/pytorch/issues/157485
3196789242,157479,torch.ops._c10d_functional_autograd.all_to_all_single missing dynamic shapes support,closed,xmfan,2025-07-02T18:16:13Z,2025-07-23T05:59:27Z,0,https://github.com/pytorch/pytorch/issues/157479
3196724081,157476,torch 2.6 and torchvision 0.21.0 incompatibility?,closed,wordbrew,2025-07-02T17:52:00Z,2025-07-29T20:10:01Z,5,https://github.com/pytorch/pytorch/issues/157476
3196671097,157474,[AOTI] Unit test for testing load_state_dict and,closed,henrylhtsang,2025-07-02T17:30:37Z,2025-07-15T21:17:27Z,4,https://github.com/pytorch/pytorch/issues/157474
3196441397,157465,Nightly NCCL builds are missing optional features from NCCL,open,Skylion007,2025-07-02T16:12:07Z,2025-07-17T16:54:18Z,4,https://github.com/pytorch/pytorch/issues/157465
3196325432,157461,vLLM tests failing in torch 2.8rc but passing with torch 2.7,open,zou3519,2025-07-02T15:32:28Z,2025-10-15T20:47:15Z,30,https://github.com/pytorch/pytorch/issues/157461
3196263751,157458,torch._dynamo.exc.InternalTorchDynamoError: RuntimeError: Compiler: cl is not found,open,HolyWu,2025-07-02T15:12:05Z,2025-07-08T18:18:08Z,0,https://github.com/pytorch/pytorch/issues/157458
3196150284,157457,RNN pseudocode wrong?,closed,jbechara,2025-07-02T14:36:55Z,2025-07-25T16:35:04Z,2,https://github.com/pytorch/pytorch/issues/157457
3196143719,157456,Deprecation of CUTLASS Python interface,open,BwL1289,2025-07-02T14:35:08Z,2025-07-07T08:08:50Z,1,https://github.com/pytorch/pytorch/issues/157456
3196013643,157452,we should graph break on nn.Parameter constructors,closed,bdhirsh,2025-07-02T13:55:26Z,2025-07-24T21:05:20Z,0,https://github.com/pytorch/pytorch/issues/157452
3195996619,157451,Dynamo's einops version check is bogus,closed,zou3519,2025-07-02T13:50:08Z,2025-07-07T23:04:05Z,0,https://github.com/pytorch/pytorch/issues/157451
3195833318,157450,DISABLED test_op_has_batch_rule_vdot_cuda_float32 (__main__.TestVmapOperatorsOpInfoCUDA),closed,pytorch-bot[bot],2025-07-02T12:57:36Z,2025-09-30T01:03:23Z,12,https://github.com/pytorch/pytorch/issues/157450
3195833147,157449,DISABLED test_graph_partition_custom_op_mutation (__main__.CudaGraphTreeTests),closed,pytorch-bot[bot],2025-07-02T12:57:33Z,2025-09-23T14:45:08Z,10,https://github.com/pytorch/pytorch/issues/157449
3195833019,157448,DISABLED test_graph_partition_custom_op_mutation (__main__.CudaGraphTreeTests),closed,pytorch-bot[bot],2025-07-02T12:57:30Z,2025-07-03T06:48:26Z,1,https://github.com/pytorch/pytorch/issues/157448
3195824976,157446,FlexAttention + int64 indexing,closed,drisspg,2025-07-02T12:55:12Z,2025-10-14T18:32:11Z,2,https://github.com/pytorch/pytorch/issues/157446
3195746103,157445,DDP+TP composition does not work as expected,open,volcacius,2025-07-02T12:29:00Z,2025-08-05T14:18:47Z,2,https://github.com/pytorch/pytorch/issues/157445
3195657642,157444,Tiny Typo in Docs,closed,Dhia-naouali,2025-07-02T11:58:40Z,2025-07-02T19:15:18Z,1,https://github.com/pytorch/pytorch/issues/157444
3195436348,157436,Why scale value  of GradScaler sudden changed?,closed,JohnHerry,2025-07-02T10:37:56Z,2025-07-04T01:45:35Z,0,https://github.com/pytorch/pytorch/issues/157436
3194969963,157434,[Regression] The torchbench model resnet50_quantized_qat fail_to_run in Pytorch 2.8 but pass in PyTorch 2.7,closed,etaf,2025-07-02T07:57:45Z,2025-08-27T03:33:07Z,3,https://github.com/pytorch/pytorch/issues/157434
3194868440,157431,``torch.quantile`` edge case,open,ego-thales,2025-07-02T07:19:21Z,2025-07-02T16:21:07Z,3,https://github.com/pytorch/pytorch/issues/157431
3194790546,157428,DISABLED test_graph_partition_custom_op_dynamoc_shapes (__main__.CudaGraphTreeTests),closed,pytorch-bot[bot],2025-07-02T06:49:03Z,2025-09-23T14:45:08Z,12,https://github.com/pytorch/pytorch/issues/157428
3194790451,157427,DISABLED test_addmm_relu_cuda_float32 (__main__.TestLinalgCUDA),closed,pytorch-bot[bot],2025-07-02T06:49:00Z,2025-09-25T12:58:03Z,2,https://github.com/pytorch/pytorch/issues/157427
3194790343,157426,DISABLED test_graph_partition_custom_op_dynamoc_shapes (__main__.CudaGraphTreeTests),closed,pytorch-bot[bot],2025-07-02T06:48:57Z,2025-07-02T12:57:11Z,1,https://github.com/pytorch/pytorch/issues/157426
3194765897,157425,"The torch.gather documentation states that input and index must have the same number of dimensions. However, no corresponding validation is added.",closed,xka-jxj,2025-07-02T06:38:23Z,2025-07-13T14:34:44Z,8,https://github.com/pytorch/pytorch/issues/157425
3194361043,157420,nll_loss gives result when both input and target are 1D tensor,closed,Bin1024,2025-07-02T03:05:44Z,2025-09-06T20:58:44Z,1,https://github.com/pytorch/pytorch/issues/157420
3194333690,157419,"In the torch.Tensor.scatter_ documentation, self, index, and src (if it is a tensor) should have the same number of dimensions, but in practice, the CPU、Gpu does not add a check. Validation needs to be added.",closed,xka-jxj,2025-07-02T02:49:51Z,2025-07-10T19:22:55Z,3,https://github.com/pytorch/pytorch/issues/157419
3194253357,157417,einops 0.6.1 x torch.compile broken in pytorch nightlies,open,zou3519,2025-07-02T01:49:54Z,2025-10-03T12:46:26Z,7,https://github.com/pytorch/pytorch/issues/157417
3194190473,157415,DISABLED test_old_cholesky_batched_upper_cuda_float32 (__main__.TestLinalgCUDA),closed,pytorch-bot[bot],2025-07-02T01:01:47Z,2025-09-25T13:00:20Z,3,https://github.com/pytorch/pytorch/issues/157415
3194190441,157414,DISABLED test_addmm_mv_transpose_a_True_transpose_b_True_alpha_0_2_beta_1_0_cuda_float32 (__main__.TestLinalgCUDA),closed,pytorch-bot[bot],2025-07-02T01:01:44Z,2025-09-25T13:00:53Z,3,https://github.com/pytorch/pytorch/issues/157414
3194190383,157413,DISABLED test_graph_partition_custom_op (__main__.CudaGraphTreeTests),closed,pytorch-bot[bot],2025-07-02T01:01:41Z,2025-09-23T14:45:09Z,15,https://github.com/pytorch/pytorch/issues/157413
3194190330,157412,DISABLED test_graph_partition_custom_op (__main__.CudaGraphTreeTests),closed,pytorch-bot[bot],2025-07-02T01:01:38Z,2025-07-02T06:48:14Z,1,https://github.com/pytorch/pytorch/issues/157412
3194127440,157409,"[CI] s390x-periodic tests broken with ""No matching distribution found for cuda-bindings<13.0,>=12.0""",closed,henrylhtsang,2025-07-02T00:09:11Z,2025-07-07T09:16:42Z,2,https://github.com/pytorch/pytorch/issues/157409
3194111422,157407,[autograd] Slowdown in backward after #151079,closed,eqy,2025-07-01T23:56:00Z,2025-07-09T03:36:17Z,9,https://github.com/pytorch/pytorch/issues/157407
3194017129,157404,Calling unbind on 2D NestedTensor throws RuntimeError,closed,santhnm2,2025-07-01T22:44:01Z,2025-07-10T00:34:41Z,1,https://github.com/pytorch/pytorch/issues/157404
3194000348,157401,AOTI: Failure in compile_fx.py with FakeScriptObject (with possible fix),closed,vbharadwaj-bk,2025-07-01T22:35:47Z,2025-07-08T17:51:49Z,3,https://github.com/pytorch/pytorch/issues/157401
3193941301,157399,[dynamo] using disable inside of compile always recompiles,closed,xmfan,2025-07-01T22:09:22Z,2025-10-05T00:25:08Z,2,https://github.com/pytorch/pytorch/issues/157399
3193936816,157398,Cannot copy data from one gpu to another using torch,open,wangwei-cmd,2025-07-01T22:06:18Z,2025-07-07T22:27:32Z,1,https://github.com/pytorch/pytorch/issues/157398
3193841507,157397,[dynamo] non-strict trace'd functions cannot return constants,closed,williamwen42,2025-07-01T21:16:04Z,2025-07-19T00:59:56Z,0,https://github.com/pytorch/pytorch/issues/157397
3193788134,157395,[FSDP2] figure out the contract for mp_policy and tensor subclass extention,open,weifengpy,2025-07-01T20:54:44Z,2025-07-07T13:59:42Z,1,https://github.com/pytorch/pytorch/issues/157395
3193758048,157393,How to compose HSDP with CP?,closed,EugenHotaj,2025-07-01T20:45:27Z,2025-07-09T00:10:23Z,12,https://github.com/pytorch/pytorch/issues/157393
3193706338,157391,[FSDP2] document the contract for modifying DTensor model.parameters(),open,weifengpy,2025-07-01T20:24:36Z,2025-07-12T00:52:24Z,3,https://github.com/pytorch/pytorch/issues/157391
3193442577,157381,Torch is unusable when cuda-12.4 is installed locally,closed,sekyondaMeta,2025-07-01T18:28:22Z,2025-07-21T22:05:17Z,6,https://github.com/pytorch/pytorch/issues/157381
3193366993,157379,[CI] Need better way to detect OOMs especially on pet instances,open,malfet,2025-07-01T18:01:01Z,2025-07-29T20:05:38Z,2,https://github.com/pytorch/pytorch/issues/157379
3192981345,157369,DISABLED test_addmm_mv_transpose_a_True_transpose_b_True_alpha_0_2_beta_0_5_cuda_float32 (__main__.TestLinalgCUDA),closed,pytorch-bot[bot],2025-07-01T15:44:41Z,2025-09-25T12:59:32Z,2,https://github.com/pytorch/pytorch/issues/157369
3192981183,157368,DISABLED test_op_has_batch_rule_nn_functional_conv_transpose2d_cuda_float32 (__main__.TestVmapOperatorsOpInfoCUDA),closed,pytorch-bot[bot],2025-07-01T15:44:38Z,2025-09-26T06:48:16Z,11,https://github.com/pytorch/pytorch/issues/157368
3192981057,157367,DISABLED test_graph_partition_cpu_tensor_symints (__main__.CudaGraphTreeTests),closed,pytorch-bot[bot],2025-07-01T15:44:35Z,2025-10-08T01:07:02Z,17,https://github.com/pytorch/pytorch/issues/157367
3192980923,157366,DISABLED test_graph_partition_cpu_tensor_symints (__main__.CudaGraphTreeTests),closed,pytorch-bot[bot],2025-07-01T15:44:32Z,2025-07-02T01:01:20Z,1,https://github.com/pytorch/pytorch/issues/157366
3192572072,157364,[MPS] test_linalg_cholesky fails on M4,open,malfet,2025-07-01T13:47:48Z,2025-08-08T05:26:42Z,1,https://github.com/pytorch/pytorch/issues/157364
3192125327,157360,torch.Tensor.addmm_ The calculation result is inconsistent with the formula calculation result,open,xka-jxj,2025-07-01T11:41:58Z,2025-07-02T23:58:35Z,2,https://github.com/pytorch/pytorch/issues/157360
3191669753,157359,DISABLED test_graph_partition_cpu_scalar_mutation (__main__.CudaGraphTreeTests),closed,pytorch-bot[bot],2025-07-01T09:43:54Z,2025-10-07T01:05:48Z,21,https://github.com/pytorch/pytorch/issues/157359
3191669594,157358,DISABLED test_graph_partition_cpu_scalar_mutation (__main__.CudaGraphTreeTests),closed,pytorch-bot[bot],2025-07-01T09:43:51Z,2025-07-01T12:56:23Z,1,https://github.com/pytorch/pytorch/issues/157358
3191318031,157355,"torch.fx.experimental.symbolic_shapes.GuardOnDataDependentSymNode: Could not guard on data-dependent expression Eq(u0, 1) (unhinted: Eq(u0, 1)).  (Size-like symbols: none)",closed,xiguadong,2025-07-01T08:20:01Z,2025-08-04T02:05:25Z,6,https://github.com/pytorch/pytorch/issues/157355
3191198379,157354,Bug in cmake/public/cuda.cmake: Incorrect use of set(${...}) leads to missing CUDA version in error message,closed,utotu,2025-07-01T07:50:31Z,2025-07-11T20:58:37Z,1,https://github.com/pytorch/pytorch/issues/157354
3190837584,157352,[aot_compile]Explanation: Dynamo does not know how to trace the builtin `time.time.`,closed,duanmu0228,2025-07-01T05:58:10Z,2025-07-04T06:23:42Z,2,https://github.com/pytorch/pytorch/issues/157352
3190596409,157350,DISABLED test_graph_partition_cpu_scalar4 (__main__.CudaGraphTreeTests),closed,pytorch-bot[bot],2025-07-01T03:58:45Z,2025-09-23T14:45:09Z,16,https://github.com/pytorch/pytorch/issues/157350
3190596305,157349,DISABLED test_matmul_small_brute_force_3d_Nd_cuda_float32 (__main__.TestLinalgCUDA),closed,pytorch-bot[bot],2025-07-01T03:58:43Z,2025-09-25T12:57:29Z,3,https://github.com/pytorch/pytorch/issues/157349
3190596244,157348,DISABLED test_addmm_mv_transpose_a_True_transpose_b_False_alpha_0_2_beta_1_0_cuda_float32 (__main__.TestLinalgCUDA),closed,pytorch-bot[bot],2025-07-01T03:58:39Z,2025-09-25T13:00:35Z,3,https://github.com/pytorch/pytorch/issues/157348
3190596192,157347,DISABLED test_graph_partition_cpu_scalar4 (__main__.CudaGraphTreeTests),closed,pytorch-bot[bot],2025-07-01T03:58:36Z,2025-07-01T06:47:53Z,1,https://github.com/pytorch/pytorch/issues/157347
3190596131,157346,DISABLED test_conv2d_api (__main__.TestQuantizedFunctionalOps),closed,pytorch-bot[bot],2025-07-01T03:58:34Z,2025-10-03T23:26:38Z,16,https://github.com/pytorch/pytorch/issues/157346
3190588771,157345,nn.rmsnorm is super slower than nn.layernorm,open,rangehow,2025-07-01T03:53:30Z,2025-08-27T08:29:48Z,5,https://github.com/pytorch/pytorch/issues/157345
3190518924,157343,ImportError: cannot import name 'scaled_mm_configs' from 'torch._inductor.kernel.mm_common,closed,QianpengLi577,2025-07-01T03:07:10Z,2025-07-25T06:42:54Z,3,https://github.com/pytorch/pytorch/issues/157343
3190306382,157339,DISABLED test_graph_partition_cpu_scalar3 (__main__.CudaGraphTreeTests),closed,pytorch-bot[bot],2025-07-01T01:00:34Z,2025-09-23T14:45:10Z,20,https://github.com/pytorch/pytorch/issues/157339
3190306223,157338,DISABLED test_graph_partition_cpu_scalar3 (__main__.CudaGraphTreeTests),closed,pytorch-bot[bot],2025-07-01T01:00:31Z,2025-07-01T03:58:15Z,1,https://github.com/pytorch/pytorch/issues/157338
3190306149,157337,DISABLED test_matmul_small_brute_force_2d_Nd_cuda_float32 (__main__.TestLinalgCUDA),closed,pytorch-bot[bot],2025-07-01T01:00:28Z,2025-09-25T12:58:59Z,2,https://github.com/pytorch/pytorch/issues/157337
3190306075,157336,DISABLED test_addmm_mv_transpose_a_True_transpose_b_False_alpha_0_2_beta_0_5_cuda_float32 (__main__.TestLinalgCUDA),closed,pytorch-bot[bot],2025-07-01T01:00:25Z,2025-09-25T12:59:14Z,2,https://github.com/pytorch/pytorch/issues/157336
3190305999,157335,DISABLED test_op_has_batch_rule_nn_functional_conv2d_strided_padding_dilation_with_bias_cuda_float32 (__main__.TestVmapOperatorsOpInfoCUDA),closed,pytorch-bot[bot],2025-07-01T01:00:22Z,2025-09-24T01:04:20Z,12,https://github.com/pytorch/pytorch/issues/157335
3190275897,157334,Inefficient 2D convolution compared to JAX,open,null-pointer-access,2025-07-01T00:40:14Z,2025-07-10T16:31:33Z,5,https://github.com/pytorch/pytorch/issues/157334
3190173048,157330,[inductor][dynamic shapes] hugging face models fail while creating error guard,closed,naromero77amd,2025-06-30T23:35:23Z,2025-10-14T03:26:46Z,11,https://github.com/pytorch/pytorch/issues/157330
3190058076,157323,Regression in llama2 model export,open,yuanyao-nv,2025-06-30T22:37:05Z,2025-07-10T00:11:04Z,10,https://github.com/pytorch/pytorch/issues/157323
3190007151,157321,Symmetric memory test failed with TORCH_SYMMMEM=NVSHMEM,open,fduwjj,2025-06-30T22:14:15Z,2025-06-30T22:14:46Z,1,https://github.com/pytorch/pytorch/issues/157321
3189997063,157318,Torch Elastic Wait timeout increase,open,piyushumate,2025-06-30T22:08:05Z,2025-07-01T00:18:35Z,0,https://github.com/pytorch/pytorch/issues/157318
3189946644,157316,[inductor] vision_maskrcnn dashboard failure on H100 (and MI300),closed,naromero77amd,2025-06-30T21:45:11Z,2025-07-02T16:40:48Z,2,https://github.com/pytorch/pytorch/issues/157316
3189940825,157315,DISABLED test_op_has_batch_rule_nn_functional_conv2d_strided_padding_dilation_no_bias_cuda_float32 (__main__.TestVmapOperatorsOpInfoCUDA),closed,pytorch-bot[bot],2025-06-30T21:42:23Z,2025-09-23T06:48:56Z,14,https://github.com/pytorch/pytorch/issues/157315
3189940743,157314,DISABLED test_linalg_solve_triangular_cuda_float32 (__main__.TestLinalgCUDA),closed,pytorch-bot[bot],2025-06-30T21:42:20Z,2025-09-25T12:57:20Z,3,https://github.com/pytorch/pytorch/issues/157314
3189940666,157313,DISABLED test_addmm_mv_transpose_a_False_transpose_b_True_alpha_0_2_beta_1_0_cuda_float32 (__main__.TestLinalgCUDA),closed,pytorch-bot[bot],2025-06-30T21:42:17Z,2025-09-25T13:00:39Z,3,https://github.com/pytorch/pytorch/issues/157313
3189940551,157312,DISABLED test_graph_partition_cpu_scalar2 (__main__.CudaGraphTreeTests),closed,pytorch-bot[bot],2025-06-30T21:42:14Z,2025-09-23T14:45:10Z,25,https://github.com/pytorch/pytorch/issues/157312
3189940458,157311,DISABLED test_graph_partition_cpu_scalar2 (__main__.CudaGraphTreeTests),closed,pytorch-bot[bot],2025-06-30T21:42:11Z,2025-07-01T00:59:51Z,1,https://github.com/pytorch/pytorch/issues/157311
3189758140,157303,Certain MPS operations didn't properly check for data type,closed,shuheng-liu,2025-06-30T20:26:42Z,2025-06-30T20:39:26Z,1,https://github.com/pytorch/pytorch/issues/157303
3189698137,157300,PyTorch Tutorial Audit - ONNX,closed,sekyondaMeta,2025-06-30T20:03:39Z,2025-07-24T20:59:08Z,3,https://github.com/pytorch/pytorch/issues/157300
3189513436,157297,DISABLED test_tensordot_cuda (__main__.TestLinalgCUDA),closed,pytorch-bot[bot],2025-06-30T18:46:42Z,2025-09-25T12:58:44Z,3,https://github.com/pytorch/pytorch/issues/157297
3189513341,157296,DISABLED test_conv1d_api (__main__.TestQuantizedFunctionalOps),closed,pytorch-bot[bot],2025-06-30T18:46:39Z,2025-10-03T23:26:33Z,17,https://github.com/pytorch/pytorch/issues/157296
3189187508,157289,[export] run_decompositions generates inefficient operations,closed,titaiwangms,2025-06-30T16:48:27Z,2025-07-10T06:34:51Z,1,https://github.com/pytorch/pytorch/issues/157289
3189051876,157284,some tests regarding `torch.export` in `transformers` fail with `torch 2.8.0 rc` but pass with `torch 2.7.1`,closed,ydshieh,2025-06-30T16:04:55Z,2025-07-15T13:23:58Z,2,https://github.com/pytorch/pytorch/issues/157284
3188984430,157282,DISABLED test_linalg_matrix_exp_compare_with_taylor_cuda_float32 (__main__.TestLinalgCUDA),closed,pytorch-bot[bot],2025-06-30T15:43:59Z,2025-09-25T13:00:08Z,2,https://github.com/pytorch/pytorch/issues/157282
3188984290,157281,DISABLED test_addmm_mv_transpose_a_False_transpose_b_True_alpha_0_2_beta_0_0_cuda_float32 (__main__.TestLinalgCUDA),closed,pytorch-bot[bot],2025-06-30T15:43:56Z,2025-09-25T12:59:50Z,2,https://github.com/pytorch/pytorch/issues/157281
3188984156,157280,DISABLED test_graph_partition_cpu_scalar1 (__main__.CudaGraphTreeTests),closed,pytorch-bot[bot],2025-06-30T15:43:53Z,2025-09-23T14:45:11Z,18,https://github.com/pytorch/pytorch/issues/157280
3188983945,157279,DISABLED test_addmm_dynamic_shapes_cuda (__main__.DynamicShapesGPUTests),closed,pytorch-bot[bot],2025-06-30T15:43:50Z,2025-09-30T01:03:38Z,16,https://github.com/pytorch/pytorch/issues/157279
3188983280,157278,DISABLED test_op_has_batch_rule_nn_functional_conv2d_cuda_float32 (__main__.TestVmapOperatorsOpInfoCUDA),closed,pytorch-bot[bot],2025-06-30T15:43:47Z,2025-09-23T01:02:47Z,12,https://github.com/pytorch/pytorch/issues/157278
3188983167,157277,DISABLED test_graph_partition_cpu_scalar1 (__main__.CudaGraphTreeTests),closed,pytorch-bot[bot],2025-06-30T15:43:44Z,2025-07-23T06:50:49Z,2,https://github.com/pytorch/pytorch/issues/157277
3188982377,157276,several `transformers` tests fail with `torch 2.8 RC` but pass with `torch 2.7.1` on `T4` (but both pass on `A10`),closed,ydshieh,2025-06-30T15:43:26Z,2025-07-14T17:49:40Z,8,https://github.com/pytorch/pytorch/issues/157276
3188807093,157274,`torch 2.8 RC` gives 10000 larger output difference in some `transformers` tests,closed,ydshieh,2025-06-30T14:57:15Z,2025-07-29T15:09:14Z,20,https://github.com/pytorch/pytorch/issues/157274
3188672363,157273,`test_can_compile_fast_image_processor` in `transformers` pass with `torch 2.7` but fail with `torch 2.8 RC`,closed,ydshieh,2025-06-30T14:18:23Z,2025-07-15T18:11:27Z,4,https://github.com/pytorch/pytorch/issues/157273
3188658020,157272,`torch.reciprocal` and `torch.divide` for Complex `inf` Incorrectly Returns `NaN` Only for Tensors with >= 4 Elements on CPU,open,rookieLiu2018,2025-06-30T14:14:10Z,2025-06-30T21:13:55Z,4,https://github.com/pytorch/pytorch/issues/157272
3188592283,157271,Missing MPS-compatible build for PyTorch 2.7.1 on Apple Silicon (M4),closed,Juan-Alberto-Ignacio,2025-06-30T13:55:16Z,2025-06-30T20:31:43Z,3,https://github.com/pytorch/pytorch/issues/157271
3188270717,157266,"Better typechecking of `int` only-operators `|`, `^`, `&`, `<<`, `>>`, `~` and `@`",open,rec,2025-06-30T12:16:29Z,2025-06-30T20:04:48Z,1,https://github.com/pytorch/pytorch/issues/157266
3188096466,157265,Why is there such a big difference in size between the torch CUDA 12.6 whl and the cuda 12.9 whl? Why is only the 12.6 whl package placed on the PyPI source?,closed,risemeup1,2025-06-30T11:14:35Z,2025-06-30T17:47:41Z,1,https://github.com/pytorch/pytorch/issues/157265
3192542018,157363,"The opp is not compatible with compile mode=""reduce-overhead"" and linear layers for large inputs.",closed,vlejd,2025-06-30T10:55:52Z,2025-07-08T15:56:28Z,5,https://github.com/pytorch/pytorch/issues/157363
3187355255,157261,DISABLED test_linalg_matrix_exp_batch_cuda_float32 (__main__.TestLinalgCUDA),closed,pytorch-bot[bot],2025-06-30T06:48:59Z,2025-09-25T12:58:11Z,2,https://github.com/pytorch/pytorch/issues/157261
3187355151,157260,DISABLED test_addmm_mv_transpose_a_True_transpose_b_True_alpha_0_2_beta_0_0_cuda_float32 (__main__.TestLinalgCUDA),closed,pytorch-bot[bot],2025-06-30T06:48:56Z,2025-09-25T12:57:11Z,2,https://github.com/pytorch/pytorch/issues/157260
3187355041,157259,DISABLED test_affine_3d_rotateRandom_cuda (__main__.TestNNDeviceTypeCUDA),closed,pytorch-bot[bot],2025-06-30T06:48:53Z,2025-09-25T12:57:53Z,2,https://github.com/pytorch/pytorch/issues/157259
3187354937,157258,DISABLED test_graph_partition_cpu_op_and_dynamic_shapes (__main__.CudaGraphTreeTests),closed,pytorch-bot[bot],2025-06-30T06:48:50Z,2025-09-23T14:45:11Z,23,https://github.com/pytorch/pytorch/issues/157258
3187354824,157257,DISABLED test_graph_partition_cpu_op_and_dynamic_shapes (__main__.CudaGraphTreeTests),closed,pytorch-bot[bot],2025-06-30T06:48:47Z,2025-06-30T09:43:45Z,1,https://github.com/pytorch/pytorch/issues/157257
3187354740,157256,DISABLED test_mempool_limited_memory_with_allocator (__main__.TestMemPool),closed,pytorch-bot[bot],2025-06-30T06:48:44Z,2025-10-17T18:50:08Z,17,https://github.com/pytorch/pytorch/issues/157256
3187354625,157255,DISABLED test_quantized_mean_qnnpack (__main__.TestQuantizedOps),closed,pytorch-bot[bot],2025-06-30T06:48:41Z,2025-10-03T23:27:01Z,16,https://github.com/pytorch/pytorch/issues/157255
3187354505,157254,DISABLED test_quantized_conv_no_asan_failures (__main__.TestOptimizer),open,pytorch-bot[bot],2025-06-30T06:48:38Z,2025-10-14T18:50:57Z,21,https://github.com/pytorch/pytorch/issues/157254
3187211498,157252,test_tensor_with_grad_to_scalar_warning failure,closed,rraminen,2025-06-30T05:36:58Z,2025-07-07T22:39:10Z,1,https://github.com/pytorch/pytorch/issues/157252
3186820199,157248,[inductor] [triton backend] `Conv2d-unsqueeze-AdaptiveAvgPool3d` output incorrect results on inductor,closed,shaoyuyoung,2025-06-30T01:26:16Z,2025-07-01T03:03:50Z,1,https://github.com/pytorch/pytorch/issues/157248
3186782931,157247,DISABLED test_hoist_conv_packed_params (__main__.TestOptimizer),open,pytorch-bot[bot],2025-06-30T00:59:59Z,2025-09-10T18:50:02Z,3,https://github.com/pytorch/pytorch/issues/157247
3186782874,157246,DISABLED test_tensoriterator_output_setup (__main__.TestTorch),open,pytorch-bot[bot],2025-06-30T00:59:56Z,2025-06-30T06:48:11Z,2,https://github.com/pytorch/pytorch/issues/157246
3186782836,157245,DISABLED test_qengine (__main__.TestTorch),open,pytorch-bot[bot],2025-06-30T00:59:53Z,2025-06-30T06:47:59Z,2,https://github.com/pytorch/pytorch/issues/157245
3186782784,157244,DISABLED test_sigmoid (__main__.TestStaticQuantizedModule),closed,pytorch-bot[bot],2025-06-30T00:59:50Z,2025-10-03T23:27:06Z,3,https://github.com/pytorch/pytorch/issues/157244
3186782729,157243,DISABLED test_qsoftmax_qnnpack (__main__.TestQuantizedOps),closed,pytorch-bot[bot],2025-06-30T00:59:47Z,2025-10-03T23:27:00Z,4,https://github.com/pytorch/pytorch/issues/157243
3186594187,157240,[user triton] on-device TMA + AOTI causes IMA with pytorch 2.8 branch,closed,davidberard98,2025-06-29T21:39:30Z,2025-07-17T18:08:59Z,3,https://github.com/pytorch/pytorch/issues/157240
3186516318,157237,"Unexpected, batch size and device dependent NaN propagation in Conv1d",open,markmbaum,2025-06-29T20:00:35Z,2025-07-09T16:15:13Z,10,https://github.com/pytorch/pytorch/issues/157237
3186235202,157222,QAT support for conv2d with groups > 1,closed,Egorka1,2025-06-29T14:41:10Z,2025-07-16T08:20:47Z,1,https://github.com/pytorch/pytorch/issues/157222
3186179729,157221,torch._dynamo.mark_static_address refuses to work with nn.Parameter,closed,rsxdalv,2025-06-29T13:38:18Z,2025-08-14T07:29:58Z,12,https://github.com/pytorch/pytorch/issues/157221
3186119278,157220,[ONNX] torch.nn.functional.interpolate \w antialias=True isn't op.Resize compatible,open,audioXD,2025-06-29T12:24:56Z,2025-06-30T22:16:24Z,1,https://github.com/pytorch/pytorch/issues/157220
3185911236,157218,[Feature] Taylor expansion pruning,open,namgyu-youn,2025-06-29T08:47:03Z,2025-07-23T10:25:10Z,1,https://github.com/pytorch/pytorch/issues/157218
3185876378,157217,[dynamo] dynamo is unable to enter `except RuntimeError` while eager can,open,shaoyuyoung,2025-06-29T08:08:35Z,2025-07-04T14:18:30Z,3,https://github.com/pytorch/pytorch/issues/157217
3185653454,157209,FSDP offload doesn't prefetch param to GPU,closed,Edenzzzz,2025-06-29T01:48:48Z,2025-07-24T22:53:36Z,17,https://github.com/pytorch/pytorch/issues/157209
3185563716,157208,The output of Multi-Headed Attention in Pytroch version,closed,Mifuxuanan,2025-06-28T23:18:37Z,2025-06-28T23:21:22Z,0,https://github.com/pytorch/pytorch/issues/157208
3184764407,157195,Wrong error message for wrong dtypes in `torch.binomial`,closed,MahmoudAshraf97,2025-06-28T09:11:28Z,2025-07-10T00:58:58Z,3,https://github.com/pytorch/pytorch/issues/157195
3184362317,157183,torch.export produce stack_trace for output node that can fail decomposition,closed,cehongwang,2025-06-28T00:27:06Z,2025-07-01T19:16:30Z,0,https://github.com/pytorch/pytorch/issues/157183
3184159049,157173,DISABLED test_graph_partition (__main__.CudaGraphTreeTests),closed,pytorch-bot[bot],2025-06-27T21:42:41Z,2025-09-23T14:45:11Z,21,https://github.com/pytorch/pytorch/issues/157173
3184158964,157172,DISABLED test_compile_kernel_advanced (__main__.TestCompileKernel),open,pytorch-bot[bot],2025-06-27T21:42:38Z,2025-10-15T05:37:29Z,20,https://github.com/pytorch/pytorch/issues/157172
3184158901,157171,DISABLED test_triangular_solve_large_cuda_float32 (__main__.TestLinalgCUDA),closed,pytorch-bot[bot],2025-06-27T21:42:35Z,2025-09-25T12:59:26Z,2,https://github.com/pytorch/pytorch/issues/157171
3184158834,157170,DISABLED test_lu_solve_large_matrices_cuda_float32 (__main__.TestLinalgCUDA),closed,pytorch-bot[bot],2025-06-27T21:42:32Z,2025-09-25T12:59:56Z,2,https://github.com/pytorch/pytorch/issues/157170
3184158755,157169,DISABLED test_linalg_lu_solve_cuda_float32 (__main__.TestLinalgCUDA),closed,pytorch-bot[bot],2025-06-27T21:42:29Z,2025-09-25T12:57:05Z,2,https://github.com/pytorch/pytorch/issues/157169
3184158675,157168,DISABLED test_addmm_mv_transpose_a_True_transpose_b_False_alpha_0_2_beta_0_0_cuda_float32 (__main__.TestLinalgCUDA),closed,pytorch-bot[bot],2025-06-27T21:42:26Z,2025-09-25T12:59:48Z,2,https://github.com/pytorch/pytorch/issues/157168
3184158620,157167,DISABLED test_TransformerEncoderLayer_gelu_activation_cuda_fp32 (__main__.TestNN),closed,pytorch-bot[bot],2025-06-27T21:42:23Z,2025-09-25T12:58:50Z,3,https://github.com/pytorch/pytorch/issues/157167
3184158532,157166,DISABLED test_linear_autograd_device_cuda_nobias_weightCSR (__main__.TestNN),closed,pytorch-bot[bot],2025-06-27T21:42:20Z,2025-09-25T13:00:03Z,3,https://github.com/pytorch/pytorch/issues/157166
3184158378,157165,DISABLED test_linear_autograd_device_cuda_bias_weightCOO (__main__.TestNN),closed,pytorch-bot[bot],2025-06-27T21:42:17Z,2025-09-25T12:59:43Z,3,https://github.com/pytorch/pytorch/issues/157165
3184158097,157164,DISABLED test_grid_sample_large_cuda (__main__.TestNNDeviceTypeCUDA),closed,pytorch-bot[bot],2025-06-27T21:42:14Z,2025-09-25T12:58:38Z,3,https://github.com/pytorch/pytorch/issues/157164
3184158030,157163,DISABLED test_op_has_batch_rule_matmul_cuda_float32 (__main__.TestVmapOperatorsOpInfoCUDA),closed,pytorch-bot[bot],2025-06-27T21:42:11Z,2025-09-19T06:47:43Z,11,https://github.com/pytorch/pytorch/issues/157163
3183972685,157151,"test issue, ignore this",closed,clee2000,2025-06-27T20:03:15Z,2025-07-01T14:23:45Z,1,https://github.com/pytorch/pytorch/issues/157151
3183845087,157146,FSDP cpu offload hits CUDA error: invalid argument when pin_memory is True,closed,Edenzzzz,2025-06-27T19:12:58Z,2025-06-28T21:09:14Z,1,https://github.com/pytorch/pytorch/issues/157146
3183809944,157144,"`bias: bool` argument for Batch, Instance, Group and RMSNorm",open,ignasa007,2025-06-27T18:56:15Z,2025-07-07T17:03:45Z,0,https://github.com/pytorch/pytorch/issues/157144
3183787163,157143,DISABLED test_function_compiled_multiple_times (__main__.CudaGraphTreeTests),closed,pytorch-bot[bot],2025-06-27T18:47:36Z,2025-09-23T14:45:12Z,26,https://github.com/pytorch/pytorch/issues/157143
3183787050,157142,DISABLED test_function_compiled_multiple_times (__main__.CudaGraphTreeTests),closed,pytorch-bot[bot],2025-06-27T18:47:33Z,2025-06-27T21:41:43Z,1,https://github.com/pytorch/pytorch/issues/157142
3183782674,157141,Setting up for development,closed,ignasa007,2025-06-27T18:45:24Z,2025-09-29T06:49:47Z,3,https://github.com/pytorch/pytorch/issues/157141
3183770544,157139,Distribute ARM Images,open,johnnynunez,2025-06-27T18:39:37Z,2025-09-05T18:24:06Z,3,https://github.com/pytorch/pytorch/issues/157139
3183281069,157128,"Windows Source Build Fails with OSError: [WinError 126] on aoti_custom_ops.dll for RTX 5080 (sm_120), Pre-built PyTorch Works",open,Jay11-cp,2025-06-27T15:50:31Z,2025-06-30T18:19:54Z,2,https://github.com/pytorch/pytorch/issues/157128
3183263720,157127,DISABLED test_transformerencoder_square_input_with_no_grad_False_training_False_enable_nested_tensor_False_cuda (__main__.TestTransformersCUDA),closed,pytorch-bot[bot],2025-06-27T15:44:25Z,2025-09-25T12:59:08Z,4,https://github.com/pytorch/pytorch/issues/157127
3183263577,157126,DISABLED test_slogdet_cuda_float32 (__main__.TestLinalgCUDA),closed,pytorch-bot[bot],2025-06-27T15:44:23Z,2025-09-25T12:59:29Z,3,https://github.com/pytorch/pytorch/issues/157126
3183263437,157125,DISABLED test_linalg_solve_triangular_broadcasting_cuda_float32 (__main__.TestLinalgCUDA),closed,pytorch-bot[bot],2025-06-27T15:44:20Z,2025-09-25T12:59:45Z,3,https://github.com/pytorch/pytorch/issues/157125
3183263306,157124,DISABLED test_linalg_lu_family_cuda_float32 (__main__.TestLinalgCUDA),closed,pytorch-bot[bot],2025-06-27T15:44:17Z,2025-09-25T12:58:53Z,3,https://github.com/pytorch/pytorch/issues/157124
3183263164,157123,DISABLED test_addmm_mv_transpose_a_False_transpose_b_True_alpha_0_2_beta_0_5_cuda_float32 (__main__.TestLinalgCUDA),closed,pytorch-bot[bot],2025-06-27T15:44:13Z,2025-09-25T12:59:17Z,3,https://github.com/pytorch/pytorch/issues/157123
3183263018,157122,DISABLED test_TransformerDecoderLayer_relu_activation_cuda_fp32 (__main__.TestNN),closed,pytorch-bot[bot],2025-06-27T15:44:11Z,2025-09-25T12:59:12Z,4,https://github.com/pytorch/pytorch/issues/157122
3183262885,157121,DISABLED test_TransformerDecoderLayer_gelu_activation_cuda_fp32 (__main__.TestNN),closed,pytorch-bot[bot],2025-06-27T15:44:07Z,2025-09-25T13:00:44Z,5,https://github.com/pytorch/pytorch/issues/157121
3183262735,157120,DISABLED test_Transformer_multilayer_coder_cuda_fp32 (__main__.TestNN),closed,pytorch-bot[bot],2025-06-27T15:44:05Z,2025-09-25T17:14:22Z,4,https://github.com/pytorch/pytorch/issues/157120
3183262600,157119,DISABLED test_Linear_no_bias_cuda_fp32 (__main__.TestNN),closed,pytorch-bot[bot],2025-06-27T15:44:02Z,2025-09-25T13:00:41Z,4,https://github.com/pytorch/pytorch/issues/157119
3183262456,157118,DISABLED test_Linear_cuda_fp32 (__main__.TestNN),closed,pytorch-bot[bot],2025-06-27T15:43:59Z,2025-09-25T12:58:20Z,4,https://github.com/pytorch/pytorch/issues/157118
3183262286,157117,DISABLED test_linear_autograd_device_cuda_nobias_weightCOO (__main__.TestNN),closed,pytorch-bot[bot],2025-06-27T15:43:55Z,2025-09-25T12:59:05Z,4,https://github.com/pytorch/pytorch/issues/157117
3183262106,157116,DISABLED test_linear_autograd_device_cuda_bias_weightCSR (__main__.TestNN),closed,pytorch-bot[bot],2025-06-27T15:43:52Z,2025-09-25T13:00:24Z,4,https://github.com/pytorch/pytorch/issues/157116
3183261947,157115,DISABLED test_Conv2d_depthwise_dilated_cuda_fp32 (__main__.TestNN),closed,pytorch-bot[bot],2025-06-27T15:43:50Z,2025-09-25T13:00:51Z,4,https://github.com/pytorch/pytorch/issues/157115
3183261786,157114,DISABLED test_affine_2d_rotateRandom_cuda (__main__.TestNNDeviceTypeCUDA),closed,pytorch-bot[bot],2025-06-27T15:43:46Z,2025-09-25T12:57:35Z,4,https://github.com/pytorch/pytorch/issues/157114
3183261604,157113,DISABLED test_affine_2d_rotate45_cuda (__main__.TestNNDeviceTypeCUDA),closed,pytorch-bot[bot],2025-06-27T15:43:43Z,2025-09-25T12:57:59Z,4,https://github.com/pytorch/pytorch/issues/157113
3183261457,157112,DISABLED test_frozen_fn (__main__.CudaGraphTreeTests),closed,pytorch-bot[bot],2025-06-27T15:43:41Z,2025-09-23T14:45:12Z,23,https://github.com/pytorch/pytorch/issues/157112
3183261295,157111,DISABLED test_frozen_fn (__main__.CudaGraphTreeTests),closed,pytorch-bot[bot],2025-06-27T15:43:38Z,2025-09-05T06:46:48Z,7,https://github.com/pytorch/pytorch/issues/157111
3183261106,157110,DISABLED test_invalid_status_for_legacy_api (__main__.TestCuda),open,pytorch-bot[bot],2025-06-27T15:43:35Z,2025-10-13T18:48:35Z,19,https://github.com/pytorch/pytorch/issues/157110
3183260906,157109,DISABLED test_invalid_status_for_legacy_api (__main__.TestCuda),closed,pytorch-bot[bot],2025-06-27T15:43:32Z,2025-06-27T18:46:19Z,1,https://github.com/pytorch/pytorch/issues/157109
3183131395,157104,Document AOTAutograd autocast divergence from eager behavior and provide a workaround,closed,zou3519,2025-06-27T14:57:52Z,2025-06-27T15:01:41Z,1,https://github.com/pytorch/pytorch/issues/157104
3183126733,157103,Issue with super() resolution in TorchScript when inheriting from custom class and nn.Module,open,zhouxiaoyaozzz,2025-06-27T14:56:18Z,2025-06-30T01:57:19Z,1,https://github.com/pytorch/pytorch/issues/157103
3182984738,157101,Documentation update: Contribution.md,open,morrison-turnansky,2025-06-27T14:12:05Z,2025-06-30T01:57:34Z,0,https://github.com/pytorch/pytorch/issues/157101
3182548208,157098,Floating point exception in torch.nn.functional.conv_transpose3d,open,cx104906,2025-06-27T11:51:46Z,2025-07-04T01:31:49Z,2,https://github.com/pytorch/pytorch/issues/157098
3182492158,157097,Segmentation fault in torch.repeat_interleave,open,cx104906,2025-06-27T11:34:26Z,2025-09-02T03:14:13Z,3,https://github.com/pytorch/pytorch/issues/157097
3182157775,157095,DISABLED test_transformerencoder_square_input_with_no_grad_True_training_False_enable_nested_tensor_False_cuda (__main__.TestTransformersCUDA),closed,pytorch-bot[bot],2025-06-27T09:45:35Z,2025-09-25T12:57:57Z,3,https://github.com/pytorch/pytorch/issues/157095
3182157681,157094,DISABLED test_scaled_dot_product_attention_4D_input_dim_4D_causal_attn_mask_dropout_p_0_5_cuda (__main__.TestTransformersCUDA),closed,pytorch-bot[bot],2025-06-27T09:45:32Z,2025-09-18T13:53:53Z,4,https://github.com/pytorch/pytorch/issues/157094
3182157553,157093,DISABLED test_scaled_dot_product_attention_4D_input_dim_2D_causal_attn_mask_dropout_p_0_5_cuda (__main__.TestTransformersCUDA),closed,pytorch-bot[bot],2025-06-27T09:45:29Z,2025-09-18T13:53:53Z,4,https://github.com/pytorch/pytorch/issues/157093
3182157449,157092,DISABLED test_scaled_dot_product_attention_3D_input_dim_3D_causal_attn_mask_dropout_p_0_5_cuda (__main__.TestTransformersCUDA),closed,pytorch-bot[bot],2025-06-27T09:45:26Z,2025-09-18T13:53:54Z,4,https://github.com/pytorch/pytorch/issues/157092
3182157318,157091,DISABLED test_scaled_dot_product_attention_3D_input_dim_2D_causal_attn_mask_dropout_p_0_5_cuda (__main__.TestTransformersCUDA),closed,pytorch-bot[bot],2025-06-27T09:45:23Z,2025-09-18T13:53:54Z,4,https://github.com/pytorch/pytorch/issues/157091
3182156909,157090,DISABLED test_op_has_batch_rule_inner_cuda_float32 (__main__.TestVmapOperatorsOpInfoCUDA),closed,pytorch-bot[bot],2025-06-27T09:45:20Z,2025-09-30T01:03:35Z,16,https://github.com/pytorch/pytorch/issues/157090
3182156764,157089,DISABLED test_pinverse_cuda_float32 (__main__.TestLinalgCUDA),closed,pytorch-bot[bot],2025-06-27T09:45:17Z,2025-09-25T13:00:32Z,2,https://github.com/pytorch/pytorch/issues/157089
3182156651,157088,DISABLED test_linalg_lstsq_cuda_float32 (__main__.TestLinalgCUDA),closed,pytorch-bot[bot],2025-06-27T09:45:14Z,2025-09-25T12:58:08Z,2,https://github.com/pytorch/pytorch/issues/157088
3182156532,157087,DISABLED test_addmm_mv_transpose_a_False_transpose_b_False_alpha_0_2_beta_1_0_cuda_float32 (__main__.TestLinalgCUDA),closed,pytorch-bot[bot],2025-06-27T09:45:11Z,2025-09-25T13:01:03Z,2,https://github.com/pytorch/pytorch/issues/157087
3182156349,157086,DISABLED test_forward_with_skipped_cudagraphed_backward (__main__.CudaGraphTreeTests),closed,pytorch-bot[bot],2025-06-27T09:45:08Z,2025-09-23T14:45:13Z,28,https://github.com/pytorch/pytorch/issues/157086
3182156067,157085,DISABLED test_forward_with_skipped_cudagraphed_backward (__main__.CudaGraphTreeTests),closed,pytorch-bot[bot],2025-06-27T09:45:05Z,2025-06-27T15:43:04Z,1,https://github.com/pytorch/pytorch/issues/157085
3182155747,157084,DISABLED test_addmm_dynamic_shapes_gpu_wrapper (__main__.DynamicShapesGpuWrapperGpuTests),closed,pytorch-bot[bot],2025-06-27T09:45:02Z,2025-10-03T19:31:03Z,1,https://github.com/pytorch/pytorch/issues/157084
3182155504,157083,DISABLED test_TransformerEncoderLayer_relu_activation_cuda_fp32 (__main__.TestNN),closed,pytorch-bot[bot],2025-06-27T09:44:59Z,2025-09-25T12:57:14Z,3,https://github.com/pytorch/pytorch/issues/157083
3182155351,157082,DISABLED test_rnn_fused_cuda_float32 (__main__.TestNNDeviceTypeCUDA),closed,pytorch-bot[bot],2025-06-27T09:44:56Z,2025-09-25T13:01:15Z,2,https://github.com/pytorch/pytorch/issues/157082
3182155214,157081,DISABLED test_Linear_no_batch_dim_cuda_fp32 (__main__.TestNN),closed,pytorch-bot[bot],2025-06-27T09:44:53Z,2025-09-25T12:57:09Z,3,https://github.com/pytorch/pytorch/issues/157081
3182155085,157080,DISABLED test_linear_autograd_device_cuda_nobias_weightCSC (__main__.TestNN),closed,pytorch-bot[bot],2025-06-27T09:44:50Z,2025-09-25T12:59:03Z,2,https://github.com/pytorch/pytorch/issues/157080
3182154968,157079,DISABLED test_linear_autograd_device_cuda_bias_weightCSC (__main__.TestNN),closed,pytorch-bot[bot],2025-06-27T09:44:47Z,2025-09-25T12:57:32Z,2,https://github.com/pytorch/pytorch/issues/157079
3182154843,157078,DISABLED test_affine_2d_rotate90_cuda (__main__.TestNNDeviceTypeCUDA),closed,pytorch-bot[bot],2025-06-27T09:44:44Z,2025-09-25T12:58:24Z,2,https://github.com/pytorch/pytorch/issues/157078
3182016098,157077,"[inductor][cpu] pyhpc_isoneutral_mixing, lennard_jones and pyhpc_equation_of_state performance regression in 2025-06-23 nightly release",open,zxd1997066,2025-06-27T09:01:57Z,2025-07-01T04:02:55Z,2,https://github.com/pytorch/pytorch/issues/157077
3181780687,157075,Improve debug message for metadata guard failure,open,mlazos,2025-06-27T07:50:14Z,2025-07-01T19:18:17Z,2,https://github.com/pytorch/pytorch/issues/157075
3181589918,157072,DISABLED test_mm_plus_mm3_gpu_wrapper (__main__.TestGpuWrapper),open,pytorch-bot[bot],2025-06-27T06:48:40Z,2025-06-27T09:43:56Z,2,https://github.com/pytorch/pytorch/issues/157072
3181589552,157071,DISABLED test_cdist_non_contiguous_cuda (__main__.TestTorchDeviceTypeCUDA),closed,pytorch-bot[bot],2025-06-27T06:48:37Z,2025-09-25T13:01:11Z,3,https://github.com/pytorch/pytorch/issues/157071
3181589390,157070,DISABLED MULTIPLE There are multiple flaky tests in test_nn.py,closed,pytorch-bot[bot],2025-06-27T06:48:34Z,2025-06-27T09:44:41Z,2,https://github.com/pytorch/pytorch/issues/157070
3181589269,157069,DISABLED test_op_has_batch_rule_dot_cuda_float32 (__main__.TestVmapOperatorsOpInfoCUDA),closed,pytorch-bot[bot],2025-06-27T06:48:31Z,2025-09-26T12:56:57Z,15,https://github.com/pytorch/pytorch/issues/157069
3181589164,157068,DISABLED test_pinv_cuda_float32 (__main__.TestLinalgCUDA),closed,pytorch-bot[bot],2025-06-27T06:48:28Z,2025-09-25T12:59:54Z,3,https://github.com/pytorch/pytorch/issues/157068
3181588784,157067,DISABLED test_linalg_lstsq_batch_broadcasting_cuda_float32 (__main__.TestLinalgCUDA),closed,pytorch-bot[bot],2025-06-27T06:48:25Z,2025-09-25T12:59:35Z,3,https://github.com/pytorch/pytorch/issues/157067
3181588684,157066,DISABLED test_addmm_mv_transpose_a_False_transpose_b_False_alpha_0_2_beta_0_5_cuda_float32 (__main__.TestLinalgCUDA),closed,pytorch-bot[bot],2025-06-27T06:48:22Z,2025-09-25T12:59:20Z,3,https://github.com/pytorch/pytorch/issues/157066
3181588595,157065,DISABLED test_transformerencoder_square_input_with_no_grad_False_training_True_enable_nested_tensor_False_cuda (__main__.TestTransformersCUDA),closed,pytorch-bot[bot],2025-06-27T06:48:19Z,2025-09-25T12:58:14Z,3,https://github.com/pytorch/pytorch/issues/157065
3181588503,157064,DISABLED test_scaled_dot_product_attention_4D_input_dim_4D_causal_attn_mask_dropout_p_0_0_cuda (__main__.TestTransformersCUDA),closed,pytorch-bot[bot],2025-06-27T06:48:16Z,2025-09-18T13:53:54Z,5,https://github.com/pytorch/pytorch/issues/157064
3181588419,157063,DISABLED test_scaled_dot_product_attention_4D_input_dim_2D_causal_attn_mask_dropout_p_0_0_cuda (__main__.TestTransformersCUDA),closed,pytorch-bot[bot],2025-06-27T06:48:13Z,2025-09-18T13:53:55Z,5,https://github.com/pytorch/pytorch/issues/157063
3181588320,157062,DISABLED test_scaled_dot_product_attention_3D_input_dim_3D_causal_attn_mask_dropout_p_0_0_cuda (__main__.TestTransformersCUDA),closed,pytorch-bot[bot],2025-06-27T06:48:10Z,2025-09-18T13:53:55Z,5,https://github.com/pytorch/pytorch/issues/157062
3181588221,157061,DISABLED test_scaled_dot_product_attention_3D_input_dim_2D_causal_attn_mask_dropout_p_0_0_cuda (__main__.TestTransformersCUDA),closed,pytorch-bot[bot],2025-06-27T06:48:07Z,2025-09-18T13:53:56Z,5,https://github.com/pytorch/pytorch/issues/157061
3181588117,157060,DISABLED test_multiheadattention_fastpath_attn_mask_attn_mask_dim2_key_padding_mask_dim1_float32_cuda (__main__.TestTransformersCUDA),closed,pytorch-bot[bot],2025-06-27T06:48:04Z,2025-09-25T12:58:06Z,4,https://github.com/pytorch/pytorch/issues/157060
3181588018,157059,DISABLED test_hessian_vectorize_correctness_multi_input_cuda (__main__.TestHessianCUDA),closed,pytorch-bot[bot],2025-06-27T06:48:01Z,2025-09-26T12:57:00Z,15,https://github.com/pytorch/pytorch/issues/157059
3181587633,157058,DISABLED test_forward_generation (__main__.CudaGraphTreeTests),closed,pytorch-bot[bot],2025-06-27T06:47:58Z,2025-09-23T14:45:13Z,30,https://github.com/pytorch/pytorch/issues/157058
3181587537,157057,DISABLED test_forward_generation (__main__.CudaGraphTreeTests),closed,pytorch-bot[bot],2025-06-27T06:47:55Z,2025-06-27T09:43:33Z,1,https://github.com/pytorch/pytorch/issues/157057
3181372519,157054,NVFp4 Cublas Error,open,drisspg,2025-06-27T05:03:30Z,2025-07-29T14:18:10Z,10,https://github.com/pytorch/pytorch/issues/157054
3180944102,157048,DISABLED test_mm_plus_mm2_gpu_wrapper (__main__.TestGpuWrapper),open,pytorch-bot[bot],2025-06-27T01:00:41Z,2025-06-27T01:00:48Z,1,https://github.com/pytorch/pytorch/issues/157048
3180944028,157047,DISABLED test_ormqr_cuda_float32 (__main__.TestLinalgCUDA),closed,pytorch-bot[bot],2025-06-27T01:00:38Z,2025-09-25T13:00:56Z,2,https://github.com/pytorch/pytorch/issues/157047
3180943974,157046,DISABLED test_ldl_factor_cuda_float32 (__main__.TestLinalgCUDA),closed,pytorch-bot[bot],2025-06-27T01:00:35Z,2025-09-25T12:57:38Z,2,https://github.com/pytorch/pytorch/issues/157046
3180943912,157045,DISABLED test_broadcast_batched_matmul_cuda (__main__.TestLinalgCUDA),closed,pytorch-bot[bot],2025-06-27T01:00:32Z,2025-09-25T12:58:47Z,2,https://github.com/pytorch/pytorch/issues/157045
3180943851,157044,DISABLED test_addmm_gelu_cuda_float32 (__main__.TestLinalgCUDA),closed,pytorch-bot[bot],2025-06-27T01:00:29Z,2025-09-25T13:00:47Z,2,https://github.com/pytorch/pytorch/issues/157044
3180943780,157043,DISABLED test_transformerencoder_square_input_with_no_grad_True_training_True_enable_nested_tensor_False_cuda (__main__.TestTransformersCUDA),closed,pytorch-bot[bot],2025-06-27T01:00:26Z,2025-09-25T12:57:26Z,2,https://github.com/pytorch/pytorch/issues/157043
3180943738,157042,DISABLED test_scaled_dot_product_attention_4D_input_dim_4D_causal_attn_mask_dropout_p_0_2_cuda (__main__.TestTransformersCUDA),closed,pytorch-bot[bot],2025-06-27T01:00:23Z,2025-09-18T13:53:56Z,3,https://github.com/pytorch/pytorch/issues/157042
3180943677,157041,DISABLED test_scaled_dot_product_attention_4D_input_dim_2D_causal_attn_mask_dropout_p_0_2_cuda (__main__.TestTransformersCUDA),closed,pytorch-bot[bot],2025-06-27T01:00:20Z,2025-09-18T13:53:56Z,3,https://github.com/pytorch/pytorch/issues/157041
3180943631,157040,DISABLED test_scaled_dot_product_attention_3D_input_dim_3D_causal_attn_mask_dropout_p_0_2_cuda (__main__.TestTransformersCUDA),closed,pytorch-bot[bot],2025-06-27T01:00:17Z,2025-09-25T12:58:17Z,2,https://github.com/pytorch/pytorch/issues/157040
3180943568,157039,DISABLED test_scaled_dot_product_attention_3D_input_dim_2D_causal_attn_mask_dropout_p_0_2_cuda (__main__.TestTransformersCUDA),closed,pytorch-bot[bot],2025-06-27T01:00:14Z,2025-09-18T13:53:57Z,3,https://github.com/pytorch/pytorch/issues/157039
3180943208,157038,DISABLED test_multiheadattention_fastpath_attn_mask_attn_mask_dim2_key_padding_mask_dim_2_bool_cuda (__main__.TestTransformersCUDA),closed,pytorch-bot[bot],2025-06-27T01:00:11Z,2025-09-25T12:58:56Z,2,https://github.com/pytorch/pytorch/issues/157038
3180943140,157037,DISABLED test_op_has_batch_rule_addmv_cuda_float32 (__main__.TestVmapOperatorsOpInfoCUDA),closed,pytorch-bot[bot],2025-06-27T01:00:08Z,2025-09-26T06:48:13Z,13,https://github.com/pytorch/pytorch/issues/157037
3180943066,157036,DISABLED test_against_reference_multi_input_multi_output_jacfwd_cuda (__main__.TestJacCUDA),closed,pytorch-bot[bot],2025-06-27T01:00:05Z,2025-09-26T06:48:10Z,13,https://github.com/pytorch/pytorch/issues/157036
3180942996,157035,DISABLED test_forward_backward_not_called_backend_inductor (__main__.CudaGraphTreeTests),closed,pytorch-bot[bot],2025-06-27T01:00:02Z,2025-09-23T14:45:13Z,32,https://github.com/pytorch/pytorch/issues/157035
3180942915,157034,DISABLED test_forward_backward_not_called_backend_inductor (__main__.CudaGraphTreeTests),closed,pytorch-bot[bot],2025-06-27T00:59:59Z,2025-06-27T03:54:11Z,1,https://github.com/pytorch/pytorch/issues/157034
3180825732,157027,[RFC] Remove the FSDP data copy from compute stream critical path,open,lorri-rao,2025-06-26T23:50:06Z,2025-07-02T07:31:53Z,10,https://github.com/pytorch/pytorch/issues/157027
3180520677,157019,Python 3.14 _IterationGuard not part of _weakrefset,closed,trixirt,2025-06-26T21:37:31Z,2025-06-27T02:25:38Z,1,https://github.com/pytorch/pytorch/issues/157019
3180425754,157018,flex_attention + dynamic=True with large batch or heads causes Triton Error [CUDA]: invalid argument,closed,CalumF,2025-06-26T21:00:32Z,2025-08-12T02:54:15Z,3,https://github.com/pytorch/pytorch/issues/157018
3180418592,157015,[WIP][RFC] Compilable flex_attention + Context Parallel,open,XilunWu,2025-06-26T20:58:03Z,2025-07-07T22:31:35Z,1,https://github.com/pytorch/pytorch/issues/157015
3180210717,157012,Inconsistent Dependency Versioning for Numpy,closed,morrison-turnansky,2025-06-26T19:46:41Z,2025-06-27T14:19:16Z,2,https://github.com/pytorch/pytorch/issues/157012
3180149545,157009,Long queue times: VolumeLimitExceeded Issue for linux.2xlarge and linux.4xlarge,closed,Camyll,2025-06-26T19:26:42Z,2025-06-30T18:05:15Z,1,https://github.com/pytorch/pytorch/issues/157009
3180038033,157006,DISABLED test_linear_relu_gpu_wrapper (__main__.TestGpuWrapper),open,pytorch-bot[bot],2025-06-26T18:48:13Z,2025-08-12T18:54:05Z,3,https://github.com/pytorch/pytorch/issues/157006
3180037925,157005,DISABLED test_linear_relu_dynamic_shapes_gpu_wrapper (__main__.DynamicShapesGpuWrapperGpuTests),open,pytorch-bot[bot],2025-06-26T18:48:10Z,2025-08-12T18:54:01Z,3,https://github.com/pytorch/pytorch/issues/157005
3180037830,157004,DISABLED test_scaled_dot_product_attention_input_dim_4_cuda (__main__.TestNestedTensorDeviceTypeCUDA),closed,pytorch-bot[bot],2025-06-26T18:48:07Z,2025-09-18T13:53:57Z,5,https://github.com/pytorch/pytorch/issues/157004
3180037723,157003,DISABLED test_op_has_batch_rule___rmatmul___cuda_float32 (__main__.TestVmapOperatorsOpInfoCUDA),closed,pytorch-bot[bot],2025-06-26T18:48:04Z,2025-09-23T18:50:11Z,17,https://github.com/pytorch/pytorch/issues/157003
3180037607,157002,DISABLED test_ConvTranspose2d_size_1_kernel_cuda (__main__.TestConvolutionNNDeviceTypeCUDA),closed,pytorch-bot[bot],2025-06-26T18:48:01Z,2025-09-25T13:01:00Z,4,https://github.com/pytorch/pytorch/issues/157002
3180037288,157001,DISABLED test_Conv2d_size_1_kernel_cuda (__main__.TestConvolutionNNDeviceTypeCUDA),closed,pytorch-bot[bot],2025-06-26T18:47:58Z,2025-09-25T12:58:32Z,4,https://github.com/pytorch/pytorch/issues/157001
3180037032,157000,DISABLED MULTIPLE There are multiple flaky tests in test_nn.py,closed,pytorch-bot[bot],2025-06-26T18:47:55Z,2025-06-26T21:43:26Z,2,https://github.com/pytorch/pytorch/issues/157000
3180036397,156999,DISABLED MULTIPLE There are multiple flaky tests in test_transformers.py,closed,pytorch-bot[bot],2025-06-26T18:47:52Z,2025-06-26T21:43:23Z,2,https://github.com/pytorch/pytorch/issues/156999
3180036268,156998,DISABLED test_against_reference_multi_input_jacfwd_cuda (__main__.TestJacCUDA),closed,pytorch-bot[bot],2025-06-26T18:47:49Z,2025-09-23T18:50:20Z,17,https://github.com/pytorch/pytorch/issues/156998
3180036163,156997,DISABLED test_old_cholesky_cuda_float32 (__main__.TestLinalgCUDA),closed,pytorch-bot[bot],2025-06-26T18:47:46Z,2025-09-25T12:58:27Z,4,https://github.com/pytorch/pytorch/issues/156997
3180036050,156996,DISABLED test_inner_cuda_float32 (__main__.TestLinalgCUDA),closed,pytorch-bot[bot],2025-06-26T18:47:43Z,2025-09-25T12:58:29Z,4,https://github.com/pytorch/pytorch/issues/156996
3180035933,156995,DISABLED test_bmm_cuda_float32 (__main__.TestLinalgCUDA),closed,pytorch-bot[bot],2025-06-26T18:47:40Z,2025-09-25T13:00:11Z,4,https://github.com/pytorch/pytorch/issues/156995
3180035599,156994,DISABLED test_baddbmm_cuda_float32 (__main__.TestLinalgCUDA),closed,pytorch-bot[bot],2025-06-26T18:47:37Z,2025-09-25T13:00:14Z,4,https://github.com/pytorch/pytorch/issues/156994
3180035491,156993,DISABLED test_addmm_sizes_cuda_float32 (__main__.TestLinalgCUDA),closed,pytorch-bot[bot],2025-06-26T18:47:34Z,2025-09-25T12:57:44Z,4,https://github.com/pytorch/pytorch/issues/156993
3180035302,156992,DISABLED test_addmm_relu_tunableop_rocm_cuda_float32 (__main__.TestLinalgCUDA),closed,pytorch-bot[bot],2025-06-26T18:47:31Z,2025-09-25T13:01:08Z,4,https://github.com/pytorch/pytorch/issues/156992
3180035161,156991,DISABLED test_addmm_mv_transpose_a_False_transpose_b_False_alpha_0_2_beta_0_0_cuda_float32 (__main__.TestLinalgCUDA),closed,pytorch-bot[bot],2025-06-26T18:47:28Z,2025-09-25T12:58:41Z,4,https://github.com/pytorch/pytorch/issues/156991
3180035020,156990,DISABLED test_addmm_cuda_float32 (__main__.TestLinalgCUDA),closed,pytorch-bot[bot],2025-06-26T18:47:25Z,2025-09-25T13:00:26Z,4,https://github.com/pytorch/pytorch/issues/156990
3180034935,156989,DISABLED test_addbmm_cuda_float32 (__main__.TestLinalgCUDA),closed,pytorch-bot[bot],2025-06-26T18:47:22Z,2025-09-25T13:01:05Z,4,https://github.com/pytorch/pytorch/issues/156989
3180034848,156988,DISABLED test_corrcoef_cuda_int32 (__main__.TestTorchDeviceTypeCUDA),closed,pytorch-bot[bot],2025-06-26T18:47:19Z,2025-06-29T16:30:56Z,4,https://github.com/pytorch/pytorch/issues/156988
3180034738,156987,DISABLED test_corrcoef_cuda_float32 (__main__.TestTorchDeviceTypeCUDA),closed,pytorch-bot[bot],2025-06-26T18:47:16Z,2025-07-11T06:50:13Z,3,https://github.com/pytorch/pytorch/issues/156987
3180034333,156986,DISABLED test_cdist_norm_batch_cuda (__main__.TestTorchDeviceTypeCUDA),closed,pytorch-bot[bot],2025-06-26T18:47:13Z,2025-09-25T12:59:24Z,4,https://github.com/pytorch/pytorch/issues/156986
3180034258,156985,DISABLED test_cdist_non_contiguous_batch_cuda (__main__.TestTorchDeviceTypeCUDA),closed,pytorch-bot[bot],2025-06-26T18:47:10Z,2025-09-25T12:59:38Z,5,https://github.com/pytorch/pytorch/issues/156985
3180034137,156984,DISABLED test_forward_backward_not_called_backend_cudagraphs (__main__.CudaGraphTreeTests),closed,pytorch-bot[bot],2025-06-26T18:47:07Z,2025-09-23T14:45:14Z,27,https://github.com/pytorch/pytorch/issues/156984
3180033749,156983,DISABLED test_forward_backward_not_called_backend_cudagraphs (__main__.CudaGraphTreeTests),closed,pytorch-bot[bot],2025-06-26T18:47:04Z,2025-06-26T21:41:53Z,1,https://github.com/pytorch/pytorch/issues/156983
3180033661,156982,DISABLED test_dynamic_scalar_cuda (__main__.AOTInductorTestABICompatibleGpu),closed,pytorch-bot[bot],2025-06-26T18:47:01Z,2025-07-11T06:50:25Z,2,https://github.com/pytorch/pytorch/issues/156982
3179859352,156972,cache_method utility is not tested,closed,stmcgovern,2025-06-26T17:45:09Z,2025-06-27T01:57:06Z,0,https://github.com/pytorch/pytorch/issues/156972
3179750489,156968,no kernel image is available for execution on the device,closed,HlKun,2025-06-26T17:03:35Z,2025-06-26T18:07:32Z,1,https://github.com/pytorch/pytorch/issues/156968
3179744533,156966,Perf drop when running with FSDP and torch.compile,open,pragupta,2025-06-26T17:00:46Z,2025-07-08T01:07:09Z,3,https://github.com/pytorch/pytorch/issues/156966
3179557824,156960,DISABLED test_foreach_reduce_large_input__foreach_max_w_empty_False_cuda_int8 (__main__.TestForeachCUDA),closed,pytorch-bot[bot],2025-06-26T15:44:49Z,2025-07-11T06:49:13Z,2,https://github.com/pytorch/pytorch/issues/156960
3179343818,156959,Gross mismatch in PDF between CUDA and CPU for multivariate Gaussian mixture models,open,mkuric,2025-06-26T14:33:18Z,2025-08-09T05:25:38Z,6,https://github.com/pytorch/pytorch/issues/156959
3179047638,156957,DISABLED test_forward_backward (__main__.CudaGraphTreeTests),closed,pytorch-bot[bot],2025-06-26T12:56:34Z,2025-09-23T14:45:14Z,25,https://github.com/pytorch/pytorch/issues/156957
3178832675,156956,Allow clamp to work on absolute values and preserve sign,open,mattpitkin,2025-06-26T11:41:53Z,2025-07-09T09:35:11Z,2,https://github.com/pytorch/pytorch/issues/156956
3178628154,156955,`torch.jit.load()` crashes with C++ `c10::Error` if file system is full (no graceful handling),open,tinywisdom,2025-06-26T10:24:52Z,2025-06-26T14:49:29Z,2,https://github.com/pytorch/pytorch/issues/156955
3178513072,156954,DISABLED test_fallback_to_eager_if_recompiling_too_many_times_warn_only_once (__main__.CudaGraphTreeTests),closed,pytorch-bot[bot],2025-06-26T09:43:41Z,2025-09-23T14:45:15Z,28,https://github.com/pytorch/pytorch/issues/156954
3178512895,156953,DISABLED test_fallback_to_eager_if_recompiling_too_many_times_warn_only_once (__main__.CudaGraphTreeTests),closed,pytorch-bot[bot],2025-06-26T09:43:38Z,2025-06-26T12:56:15Z,1,https://github.com/pytorch/pytorch/issues/156953
3178303710,156943,Is compilation caching for NumPy operators not supported in PyTorch 2.7.1?,open,spnooyseed,2025-06-26T08:34:27Z,2025-07-10T02:55:44Z,4,https://github.com/pytorch/pytorch/issues/156943
3178296143,156942,Can't use pinned_memory to do async save ckpt when using  torch.distributed.checkpoint.async_save,open,shadow150519,2025-06-26T08:31:33Z,2025-06-29T05:39:20Z,0,https://github.com/pytorch/pytorch/issues/156942
3177992067,156930,DISABLED test_simple_multi_arch_embed_kernel_binary_True_cuda (__main__.AOTInductorTestABICompatibleGpu),closed,pytorch-bot[bot],2025-06-26T06:48:02Z,2025-07-17T14:20:20Z,32,https://github.com/pytorch/pytorch/issues/156930
3177989713,156929,log2(8)=2.9999999999999996 on cuda when default dtype is torch.float64 in v2.7.1,closed,alegresor,2025-06-26T06:46:57Z,2025-06-27T00:31:19Z,2,https://github.com/pytorch/pytorch/issues/156929
3177744561,156925,Can the aten ir return both in-place and non-in-place operation parameters at the same time?,closed,lost-city,2025-06-26T05:00:59Z,2025-06-26T15:42:54Z,1,https://github.com/pytorch/pytorch/issues/156925
3177636918,156922,DISABLED test_fallback_to_eager_if_recompiling_too_many_times_due_to_cudagraph_managed_tensor (__main__.CudaGraphTreeTests),closed,pytorch-bot[bot],2025-06-26T03:54:41Z,2025-09-23T14:45:15Z,24,https://github.com/pytorch/pytorch/issues/156922
3177636867,156921,DISABLED test_compiled_autograd_attribution (__main__.StructuredTraceTest),open,pytorch-bot[bot],2025-06-26T03:54:38Z,2025-06-26T09:43:17Z,3,https://github.com/pytorch/pytorch/issues/156921
3177481889,156915,Unable to compile with Vulkan support,open,yookoala,2025-06-26T02:06:30Z,2025-07-14T07:21:35Z,4,https://github.com/pytorch/pytorch/issues/156915
3177051549,156886,DISABLED test_expanded_inputs (__main__.CudaGraphTreeTests),closed,pytorch-bot[bot],2025-06-25T21:42:18Z,2025-09-23T14:45:15Z,28,https://github.com/pytorch/pytorch/issues/156886
3177051457,156885,DISABLED test_expanded_inputs (__main__.CudaGraphTreeTests),closed,pytorch-bot[bot],2025-06-25T21:42:15Z,2025-06-26T00:59:32Z,1,https://github.com/pytorch/pytorch/issues/156885
3176975861,156882,Export always give a value range with max length - 1,open,larryliu0820,2025-06-25T21:11:16Z,2025-07-09T00:55:21Z,2,https://github.com/pytorch/pytorch/issues/156882
3176781874,156873,[ONNX] Missing repeat_interleave for dynamo=True,open,NarenR21,2025-06-25T19:50:19Z,2025-08-16T00:38:23Z,3,https://github.com/pytorch/pytorch/issues/156873
3176570436,156856,Python 3.14 support for PyTorch,open,atalman,2025-06-25T18:25:35Z,2025-10-10T14:08:43Z,4,https://github.com/pytorch/pytorch/issues/156856
3176532246,156854,Add Python NoGil support in CI,open,atalman,2025-06-25T18:08:42Z,2025-09-22T17:43:19Z,1,https://github.com/pytorch/pytorch/issues/156854
3176270237,156846,Can't alter the learning rate though loading optimizer states,open,Alex17Li,2025-06-25T16:33:33Z,2025-09-08T14:34:38Z,8,https://github.com/pytorch/pytorch/issues/156846
3176255734,156842,FSDP2 + TP does not work,open,ChenchaoZhao,2025-06-25T16:27:47Z,2025-06-28T18:44:10Z,5,https://github.com/pytorch/pytorch/issues/156842
3176130122,156838,DISABLED test_execution_into_recording (__main__.CudaGraphTreeTests),closed,pytorch-bot[bot],2025-06-25T15:44:35Z,2025-09-23T14:45:16Z,30,https://github.com/pytorch/pytorch/issues/156838
3176129950,156837,DISABLED test_execution_into_recording (__main__.CudaGraphTreeTests),closed,pytorch-bot[bot],2025-06-25T15:44:32Z,2025-06-25T18:46:56Z,1,https://github.com/pytorch/pytorch/issues/156837
3176003198,156833,UNSTABLE trunk / macos-py3-arm64 / test (mps),closed,malfet,2025-06-25T15:03:30Z,2025-07-08T14:59:39Z,1,https://github.com/pytorch/pytorch/issues/156833
3175769385,156820,put compile-based cudagraph re-recordings in tlparse,open,bdhirsh,2025-06-25T13:58:13Z,2025-06-26T00:32:43Z,0,https://github.com/pytorch/pytorch/issues/156820
3175744219,156819,FakeTensorUpdater doesn't support HOPs,open,zou3519,2025-06-25T13:51:30Z,2025-08-03T15:11:39Z,5,https://github.com/pytorch/pytorch/issues/156819
3175670103,156818,Tighter invariants for the inductor graph,open,zou3519,2025-06-25T13:32:06Z,2025-06-26T00:37:10Z,0,https://github.com/pytorch/pytorch/issues/156818
3175553782,156817,DISABLED test_deferred_runtime_asserts (__main__.ReproTests),closed,pytorch-bot[bot],2025-06-25T12:57:00Z,2025-10-03T06:50:07Z,15,https://github.com/pytorch/pytorch/issues/156817
3175472825,156815,"`load_inline` forcibly adds legacy `-gencode` flags and cannot be overridden, preventing use of newer compute capabilities",closed,yuxuan-z19,2025-06-25T12:29:35Z,2025-06-26T01:22:52Z,3,https://github.com/pytorch/pytorch/issues/156815
3175370057,156814,torchscript: RuntimeError Unsupported dtype complex,open,fzimmermann89,2025-06-25T11:55:45Z,2025-10-14T07:40:12Z,1,https://github.com/pytorch/pytorch/issues/156814
3175358124,156813,torch.compiler.load_cache_artifacts() failed with deserialization data ,open,PYNing,2025-06-25T11:51:41Z,2025-06-29T00:39:52Z,5,https://github.com/pytorch/pytorch/issues/156813
3175101885,156811,Allow to set a seed for random tensors in torch.onnx.export,open,ivantishchenko,2025-06-25T10:24:35Z,2025-06-26T18:14:47Z,3,https://github.com/pytorch/pytorch/issues/156811
3175082325,156810,Add the XPU item to pytorch.org/get-started,open,intexcor,2025-06-25T10:18:03Z,2025-07-07T22:24:09Z,2,https://github.com/pytorch/pytorch/issues/156810
3174975252,156808,DISABLED test_error_on_dealloc_use2 (__main__.CudaGraphTreeTests),closed,pytorch-bot[bot],2025-06-25T09:44:12Z,2025-09-23T14:45:16Z,28,https://github.com/pytorch/pytorch/issues/156808
3174975071,156807,DISABLED test_error_on_dealloc_use2 (__main__.CudaGraphTreeTests),closed,pytorch-bot[bot],2025-06-25T09:44:09Z,2025-06-25T12:56:35Z,1,https://github.com/pytorch/pytorch/issues/156807
3174750901,156805,Support the unified memory API GetAllocator and getDeviceAllocator for in-tree and out-of-tree backend,open,guangyey,2025-06-25T08:36:43Z,2025-06-26T15:43:33Z,2,https://github.com/pytorch/pytorch/issues/156805
3174650949,156803,torch.export.export returns an unexpected graph_signature,closed,rebel-joonsoo,2025-06-25T08:09:58Z,2025-06-27T02:02:10Z,4,https://github.com/pytorch/pytorch/issues/156803
3174425629,156801,DISABLED test_error_on_dealloc_use (__main__.CudaGraphTreeTests),closed,pytorch-bot[bot],2025-06-25T06:48:02Z,2025-09-23T14:45:17Z,26,https://github.com/pytorch/pytorch/issues/156801
3174425518,156800,DISABLED test_error_on_dealloc_use (__main__.CudaGraphTreeTests),closed,pytorch-bot[bot],2025-06-25T06:47:59Z,2025-06-25T09:43:50Z,1,https://github.com/pytorch/pytorch/issues/156800
3174425424,156799,DISABLED test_dataclass_init_with_default_factory_with_inputs (__main__.ReproTests),closed,pytorch-bot[bot],2025-06-25T06:47:56Z,2025-09-30T18:50:37Z,14,https://github.com/pytorch/pytorch/issues/156799
3174346216,156797,How to use compile cache?,closed,jhl13,2025-06-25T06:15:38Z,2025-06-30T03:32:22Z,5,https://github.com/pytorch/pytorch/issues/156797
3174027550,156792,backprop fails in HF SegformerForSemanticSegmentation on MPS backend with torch > 2.4,open,anarkiwi,2025-06-25T03:48:20Z,2025-06-26T15:51:34Z,0,https://github.com/pytorch/pytorch/issues/156792
3173863747,156788,"[inductor] [cpu] cpu inductor incorrectly processes `.to(torch.uint8)`, resulting in numerical inconsistency",closed,shaoyuyoung,2025-06-25T02:32:40Z,2025-07-09T07:03:42Z,0,https://github.com/pytorch/pytorch/issues/156788
3173852713,156787,dict-type param cause ASAN error in CI,closed,aaddai,2025-06-25T02:27:52Z,2025-06-25T14:47:38Z,2,https://github.com/pytorch/pytorch/issues/156787
3173829220,156786,[inductor] [cpu] `torch.nn.Embedding-torch.index_copy` outputs inconsistent results on cpu inductor,open,shaoyuyoung,2025-06-25T02:16:56Z,2025-08-12T02:56:15Z,2,https://github.com/pytorch/pytorch/issues/156786
3173806599,156784,[FSDP2] allow different dtypes for the model params with gradients,open,twoflypig,2025-06-25T02:05:01Z,2025-07-04T01:11:56Z,12,https://github.com/pytorch/pytorch/issues/156784
3173780427,156782,"`Send`/`Recv` may get stuck on XCCL backend and can workaround by ""CCL_SEND=direct CCL_RECV=direct""",closed,zhangxiaoli73,2025-06-25T01:46:10Z,2025-09-15T01:33:00Z,0,https://github.com/pytorch/pytorch/issues/156782
3173716984,156778,DISABLED test_end_recording_early (__main__.CudaGraphTreeTests),closed,pytorch-bot[bot],2025-06-25T00:59:52Z,2025-09-23T14:45:17Z,28,https://github.com/pytorch/pytorch/issues/156778
3173716924,156777,DISABLED test_end_recording_early (__main__.CudaGraphTreeTests),closed,pytorch-bot[bot],2025-06-25T00:59:49Z,2025-06-25T03:55:07Z,1,https://github.com/pytorch/pytorch/issues/156777
3173716869,156776,DISABLED test_dataclass_in_module (__main__.ReproTests),open,pytorch-bot[bot],2025-06-25T00:59:46Z,2025-10-06T18:48:39Z,15,https://github.com/pytorch/pytorch/issues/156776
3173663102,156771,Support fp16 and fp32 outputs for rowwise scaled_mm,open,y-sq,2025-06-25T00:20:03Z,2025-06-25T14:45:19Z,0,https://github.com/pytorch/pytorch/issues/156771
3173476029,156758,Thunk utility function is not tested,open,stmcgovern,2025-06-24T22:22:23Z,2025-06-26T15:51:17Z,1,https://github.com/pytorch/pytorch/issues/156758
3173387377,156755,DISABLED test_empty_storage (__main__.CudaGraphTreeTests),closed,pytorch-bot[bot],2025-06-24T21:42:23Z,2025-09-24T21:19:00Z,34,https://github.com/pytorch/pytorch/issues/156755
3173387286,156754,DISABLED test_empty_storage (__main__.CudaGraphTreeTests),closed,pytorch-bot[bot],2025-06-24T21:42:20Z,2025-06-25T00:59:33Z,1,https://github.com/pytorch/pytorch/issues/156754
3173156155,156747,Restore CUDA 12.4 manylinux build and test in CI,closed,atalman,2025-06-24T20:09:48Z,2025-07-29T20:14:37Z,1,https://github.com/pytorch/pytorch/issues/156747
3173106758,156745,[v.2.8.0] Release Tracker,open,atalman,2025-06-24T19:50:40Z,2025-08-14T17:56:02Z,79,https://github.com/pytorch/pytorch/issues/156745
3173050546,156740,Add explicit typing to nn.Module __init__(),closed,gabriele-marino,2025-06-24T19:25:55Z,2025-09-19T19:02:31Z,3,https://github.com/pytorch/pytorch/issues/156740
3172958064,156736,DISABLED test_bitwise_print_precedence (__main__.ReproTests),closed,pytorch-bot[bot],2025-06-24T18:46:30Z,2025-10-14T01:06:38Z,16,https://github.com/pytorch/pytorch/issues/156736
3172957968,156735,DISABLED test_empty_cpu_tensor (__main__.CudaGraphTreeTests),closed,pytorch-bot[bot],2025-06-24T18:46:28Z,2025-09-23T14:45:18Z,31,https://github.com/pytorch/pytorch/issues/156735
3172957868,156734,DISABLED test_empty_cpu_tensor (__main__.CudaGraphTreeTests),closed,pytorch-bot[bot],2025-06-24T18:46:25Z,2025-06-24T21:42:07Z,1,https://github.com/pytorch/pytorch/issues/156734
3172942393,156733,FX graph printing do newlines for parameters by default,open,ezyang,2025-06-24T18:39:30Z,2025-06-26T15:45:45Z,0,https://github.com/pytorch/pytorch/issues/156733
3172937840,156732,Seperate libcupti file into vendored nvidia wheel,closed,Skylion007,2025-06-24T18:37:35Z,2025-06-27T14:37:31Z,4,https://github.com/pytorch/pytorch/issues/156732
3172814185,156725,CMake improperly configures pybind11. 3 different versions of pybind11 in use at the sametime.,open,Skylion007,2025-06-24T17:50:15Z,2025-06-30T17:07:13Z,1,https://github.com/pytorch/pytorch/issues/156725
3172789262,156724,torch.cond fails with dynamic shape ops like nonzero under torch.compile,closed,LiSsHhUuAaIi,2025-06-24T17:41:13Z,2025-06-27T15:50:25Z,7,https://github.com/pytorch/pytorch/issues/156724
3172762042,156723,Segmentation fault on Apple Macbook Pro M4 24GB RAM and 1TB flash dasd during forward() with AutoModelForSequenceClassification using CPU,open,Juan-Alberto-Ignacio,2025-06-24T17:32:21Z,2025-06-30T02:48:07Z,6,https://github.com/pytorch/pytorch/issues/156723
3172759707,156722,torch.compile fails with torchvision ops due to FakeTensor handling in scalar parameters,closed,LiSsHhUuAaIi,2025-06-24T17:31:34Z,2025-06-26T16:24:38Z,5,https://github.com/pytorch/pytorch/issues/156722
3172689465,156720,torch.compile fails with dynamic shape parameters in view operations,closed,LiSsHhUuAaIi,2025-06-24T17:06:17Z,2025-06-27T08:52:34Z,1,https://github.com/pytorch/pytorch/issues/156720
3172630454,156716,torch.compile fails with AssertionError when forward method uses @contextlib.contextmanager,closed,LiSsHhUuAaIi,2025-06-24T16:41:30Z,2025-06-26T16:28:52Z,3,https://github.com/pytorch/pytorch/issues/156716
3172519454,156707,MPS SDPA returns NaN when attention mask blocks all rows,closed,manueldeprada,2025-06-24T15:57:31Z,2025-07-14T22:09:37Z,2,https://github.com/pytorch/pytorch/issues/156707
3171983198,156701,Add generator argument to torch.rand_like,open,ivantishchenko,2025-06-24T13:18:51Z,2025-07-18T10:15:13Z,4,https://github.com/pytorch/pytorch/issues/156701
3171473399,156695,"Hook can only collect positional arguments, but not hook keyword arguments",closed,caoyang-sufe,2025-06-24T10:48:28Z,2025-06-25T08:35:09Z,3,https://github.com/pytorch/pytorch/issues/156695
3171334464,156694,"Vendored wheels on PyTorch pip repository are outdated (e.g., `cmake`, `certifi`)",open,XuehaiPan,2025-06-24T10:11:00Z,2025-07-31T07:44:54Z,3,https://github.com/pytorch/pytorch/issues/156694
3171235748,156693,DISABLED test_dynamic_warmup (__main__.CudaGraphTreeTests),closed,pytorch-bot[bot],2025-06-24T09:43:54Z,2025-09-23T14:45:18Z,31,https://github.com/pytorch/pytorch/issues/156693
3171235589,156692,DISABLED test_dynamic_warmup (__main__.CudaGraphTreeTests),closed,pytorch-bot[bot],2025-06-24T09:43:51Z,2025-06-24T12:56:11Z,1,https://github.com/pytorch/pytorch/issues/156692
3171235430,156691,DISABLED test_relative_import_no_modulename (__main__.ReproTests),open,pytorch-bot[bot],2025-06-24T09:43:48Z,2025-10-13T06:49:11Z,21,https://github.com/pytorch/pytorch/issues/156691
3171111258,156688,[CPU][flex attention] Llama 3 failed on CPU with PyTorch 2025-06-22 nightly wheel,closed,LifengWang,2025-06-24T09:11:20Z,2025-07-03T01:16:04Z,0,https://github.com/pytorch/pytorch/issues/156688
3170925399,156682,[inductor] `F.fractional_max_pool2d` throws `AssertionError` on Inductor when input `rank=3`,closed,shaoyuyoung,2025-06-24T08:23:42Z,2025-07-04T06:09:31Z,1,https://github.com/pytorch/pytorch/issues/156682
3170914127,156681,[export] export failed when use dynamic_shape in nn.MultiheadAttention,closed,zzq96,2025-06-24T08:20:12Z,2025-09-11T04:33:04Z,1,https://github.com/pytorch/pytorch/issues/156681
3170854359,156680,torch compile does not support SyncBatchNorm with fullgraph=True,open,LSC527,2025-06-24T08:02:47Z,2025-07-02T05:11:48Z,2,https://github.com/pytorch/pytorch/issues/156680
3170586662,156679,DISABLED test_relative_import (__main__.ReproTests),open,pytorch-bot[bot],2025-06-24T06:47:37Z,2025-10-08T01:06:43Z,23,https://github.com/pytorch/pytorch/issues/156679
3170586489,156678,DISABLED test_aot_autograd_runtime_wrapper_prologue_profiled (__main__.ReproTests),closed,pytorch-bot[bot],2025-06-24T06:47:33Z,2025-10-13T01:03:11Z,18,https://github.com/pytorch/pytorch/issues/156678
3170194191,156673,[Onnx] How to do torch-dynamo based onnx exports for SAM-like models with optional inputs?,closed,FabianSchuetze,2025-06-24T04:20:24Z,2025-09-11T04:37:42Z,1,https://github.com/pytorch/pytorch/issues/156673
3170047785,156670,[Inductor][Cutlass] running with Cutlass 4.0 CuteDSL generates 'can't move cutlass cache' exception (handled but annoying),open,lessw2020,2025-06-24T02:51:27Z,2025-09-01T02:59:55Z,6,https://github.com/pytorch/pytorch/issues/156670
3169730647,156658,[MPS] `torch.compile` fails on `torch.linalg.cholesky` (possible memory layout issue?),closed,horizon-blue,2025-06-23T23:32:22Z,2025-07-01T18:01:02Z,3,https://github.com/pytorch/pytorch/issues/156658
3169614805,156649,[dynamo] torch.randint_like on DTensor does not work with compile,open,nathan-az,2025-06-23T22:23:02Z,2025-10-13T22:49:02Z,9,https://github.com/pytorch/pytorch/issues/156649
3169593733,156644,"clone(memory_format=torch.preserve_format) is inconsistent for non-contiguous views (fails on slice, works on transpose)",closed,moadabdou,2025-06-23T22:09:16Z,2025-07-09T11:58:39Z,5,https://github.com/pytorch/pytorch/issues/156644
3169534761,156641,DISABLED test_addr_alpha_beta_out (__main__.ReproTests),closed,pytorch-bot[bot],2025-06-23T21:42:08Z,2025-10-13T01:03:32Z,16,https://github.com/pytorch/pytorch/issues/156641
3169522078,156640,[dynamo] Wrap asserts (and other Dynamo errors) more clearly,open,williamwen42,2025-06-23T21:34:54Z,2025-06-23T21:34:56Z,0,https://github.com/pytorch/pytorch/issues/156640
3169327842,156632,Support Complex Data Type in all_reduce and broadcast for Gloo Backend,closed,shunzhiwen,2025-06-23T20:09:06Z,2025-09-05T21:24:39Z,0,https://github.com/pytorch/pytorch/issues/156632
3169139030,156629,DISABLED test_graph_break_unsupported_fake (__main__.ReproTests),open,pytorch-bot[bot],2025-06-23T18:46:26Z,2025-10-07T18:48:45Z,21,https://github.com/pytorch/pytorch/issues/156629
3169105790,156627,`distributed.all_gather()` support for uneven tensors does not apply to all backends,open,jakobhansen-blai,2025-06-23T18:33:41Z,2025-07-16T03:01:28Z,1,https://github.com/pytorch/pytorch/issues/156627
3168947717,156622,Add a test to torch.library.opcheck for if a C++ meta kernel specializes on a symint,open,zou3519,2025-06-23T17:41:10Z,2025-06-23T18:51:52Z,0,https://github.com/pytorch/pytorch/issues/156622
3168923304,156620,Improve the Windows import torch error so that it names the specific DLL that is missing rather than the generic WinError 126 message.,open,ChristianKleineidam,2025-06-23T17:31:29Z,2025-06-26T15:49:07Z,0,https://github.com/pytorch/pytorch/issues/156620
3168741816,156618,THPStorage_shareCuda zeroes CUDA tensor,open,taras-janea,2025-06-23T16:15:20Z,2025-09-16T21:53:17Z,3,https://github.com/pytorch/pytorch/issues/156618
3168723501,156616,Add `is_outputs_batched` param to `autograd.grad`,open,ValerianRey,2025-06-23T16:08:15Z,2025-07-06T12:05:05Z,5,https://github.com/pytorch/pytorch/issues/156616
3168663761,156614,[dynamo] `torch.Tensor.random_` causes graph break,open,StrongerXi,2025-06-23T15:47:20Z,2025-06-24T01:48:16Z,3,https://github.com/pytorch/pytorch/issues/156614
3168657724,156613,[CUDA 12.9 | sm_120] Build fails on RowwiseScaledMM.cu with PTXAS error (PyTorch 2.8.0a0),open,celsowm,2025-06-23T15:45:13Z,2025-06-23T16:21:46Z,1,https://github.com/pytorch/pytorch/issues/156613
3168653936,156612,DISABLED test_foreach_reduce_large_input__foreach_max_w_empty_False_cuda_int64 (__main__.TestForeachCUDA),closed,pytorch-bot[bot],2025-06-23T15:43:51Z,2025-07-07T18:49:34Z,2,https://github.com/pytorch/pytorch/issues/156612
3168345547,156607,[OSS tooling] pytorchbot fail to revert a PR,open,atalman,2025-06-23T14:08:30Z,2025-07-08T15:31:52Z,4,https://github.com/pytorch/pytorch/issues/156607
3168106367,156598,DISABLED test_get_parameter_dtype (__main__.ReproTests),open,pytorch-bot[bot],2025-06-23T12:56:38Z,2025-10-07T01:05:35Z,21,https://github.com/pytorch/pytorch/issues/156598
3168106218,156597,DISABLED test_add_sub_alpha_out (__main__.ReproTests),closed,pytorch-bot[bot],2025-06-23T12:56:35Z,2025-10-08T01:07:05Z,17,https://github.com/pytorch/pytorch/issues/156597
3168025538,156595,Python 3.14 and dynamo fails to build,closed,trixirt,2025-06-23T12:30:13Z,2025-09-17T03:04:12Z,17,https://github.com/pytorch/pytorch/issues/156595
3167854159,156593,DeviceMesh's `_set_mesh_dim_group_options` ineffective for 1-dim meshes,closed,lw,2025-06-23T11:34:16Z,2025-07-15T22:12:41Z,0,https://github.com/pytorch/pytorch/issues/156593
3167394169,156587,Set dependencies lower bound,closed,ego-thales,2025-06-23T09:08:04Z,2025-07-18T19:42:14Z,5,https://github.com/pytorch/pytorch/issues/156587
3166990226,156580,DISABLED test_dont_dce_rand (__main__.ReproTests),open,pytorch-bot[bot],2025-06-23T06:48:21Z,2025-10-07T18:48:48Z,23,https://github.com/pytorch/pytorch/issues/156580
3166990096,156579,DISABLED test_add_complex_conj (__main__.ReproTests),closed,pytorch-bot[bot],2025-06-23T06:48:18Z,2025-07-08T07:07:15Z,5,https://github.com/pytorch/pytorch/issues/156579
3166901946,156578,Tracing with aot_eager/torch.compile produces wrong strides on HPU Meta dispatch,closed,nsingh-habana,2025-06-23T06:10:16Z,2025-06-24T06:14:31Z,0,https://github.com/pytorch/pytorch/issues/156578
3166856924,156576,DISABLED test_basic_fn_backend_eager_device_cuda(__main__.TestPackage),closed,guangyey,2025-06-23T05:47:14Z,2025-06-24T05:24:27Z,1,https://github.com/pytorch/pytorch/issues/156576
3166439010,156570,DISABLED test_dont_aggressively_write_assert (__main__.ReproTests),open,pytorch-bot[bot],2025-06-23T00:59:35Z,2025-10-17T18:49:56Z,28,https://github.com/pytorch/pytorch/issues/156570
3166438964,156569,DISABLED test_nccl_symmem_alloc (__main__.NCCLSymmetricMemoryTest),closed,pytorch-bot[bot],2025-06-23T00:59:33Z,2025-06-28T02:17:16Z,4,https://github.com/pytorch/pytorch/issues/156569
3166034518,156564,Segmentation fault (core dumped) in `torch.profiler.profile`,closed,Daisy2ang,2025-06-22T15:09:50Z,2025-06-22T19:24:17Z,1,https://github.com/pytorch/pytorch/issues/156564
3166034007,156563,Segmentation fault (core dumped) in `torch.profiler.profile`,open,Daisy2ang,2025-06-22T15:09:10Z,2025-06-22T19:21:01Z,0,https://github.com/pytorch/pytorch/issues/156563
3165845860,156558,Using collections. namedtuple in the forward method of the model resulted in compilation failure,open,zhouxiaoyaozzz,2025-06-22T10:34:17Z,2025-06-26T01:29:10Z,1,https://github.com/pytorch/pytorch/issues/156558
3165828812,156557,[JIT] TorchScript fails to compile model using random.choice() with confusing error message,open,zhouxiaoyaozzz,2025-06-22T10:05:54Z,2025-06-22T19:22:45Z,2,https://github.com/pytorch/pytorch/issues/156557
3165808974,156555,"When using Apple MPS, the bias of BatchNorm1d becomes extremely large.",closed,mnm1001,2025-06-22T09:34:43Z,2025-06-25T23:05:52Z,1,https://github.com/pytorch/pytorch/issues/156555
3165247329,156549,"ConvertTritonGPUToLLVM pass fails on fused GroupNorm backward (SM 89) under torch.compile(…, backend='inductor')",open,AK-1996,2025-06-21T17:22:59Z,2025-06-24T16:55:05Z,1,https://github.com/pytorch/pytorch/issues/156549
3165115662,156547,Inconsistent Model Results and Failures on Windows with CUDA vs. CPU PyTorch Builds,closed,pinkfloyd798,2025-06-21T14:04:00Z,2025-08-05T11:00:48Z,2,https://github.com/pytorch/pytorch/issues/156547
3165079826,156544,`TorchScript` does not allow accessing methods of nested tensors,open,PierreGtch,2025-06-21T13:09:42Z,2025-06-30T10:56:11Z,3,https://github.com/pytorch/pytorch/issues/156544
3164935378,156542,Using `opset_version = 22` in `torch.onnx.export` with `dynamo=True` includes dropout nodes in the model,closed,CaptainDario,2025-06-21T09:13:55Z,2025-06-21T11:00:36Z,1,https://github.com/pytorch/pytorch/issues/156542
3164817276,156541,`torch.distributed.pipelining.pipeline` error when initializing on meta device,closed,fingertap,2025-06-21T06:27:31Z,2025-06-21T06:36:32Z,1,https://github.com/pytorch/pytorch/issues/156541
3164814584,156540,Issue when Using SparseMPS backend (especially the operation aten::_sparse_coo_tensor_with_dims_and_tensors) for Whisper model,closed,Stan370,2025-06-21T06:24:15Z,2025-10-18T09:04:46Z,0,https://github.com/pytorch/pytorch/issues/156540
3164692207,156535,FSDP2 - Tensor incompatibility,closed,danikiyasseh,2025-06-21T02:56:03Z,2025-06-24T04:49:09Z,5,https://github.com/pytorch/pytorch/issues/156535
3164685064,156533,`<<` and `>>` operators seem silently broken for DTensor operand 1 and scalar operand 2,open,vkuzo,2025-06-21T02:42:18Z,2025-06-21T03:15:18Z,0,https://github.com/pytorch/pytorch/issues/156533
3164563791,156524,[ONNX] Update tests for attention,open,justinchuby,2025-06-20T23:53:37Z,2025-06-20T23:53:37Z,0,https://github.com/pytorch/pytorch/issues/156524
3164559925,156523,[Dtensor] handle dtensor ops that only need to operate on certain shard without all_gather first.,open,zpcore,2025-06-20T23:48:25Z,2025-06-23T15:03:38Z,0,https://github.com/pytorch/pytorch/issues/156523
3164544250,156521,UNSTABLE inductor / linux-jammy-cpu-py3.9-gcc11-inductor / test (inductor_torchbench_cpu_smoketest_perf),closed,atalman,2025-06-20T23:33:03Z,2025-06-22T18:47:56Z,2,https://github.com/pytorch/pytorch/issues/156521
3164540046,156520,[user empathy] compile for `transformers` model,open,anijain2305,2025-06-20T23:29:42Z,2025-06-23T18:52:15Z,3,https://github.com/pytorch/pytorch/issues/156520
3164536645,156519,Convenient way to create device with torch.accelerator and a specific device index,closed,mreso,2025-06-20T23:25:31Z,2025-06-25T02:14:28Z,6,https://github.com/pytorch/pytorch/issues/156519
3164426362,156514,DISABLED test_comprehensive_nn_functional_linear_cuda_float16 (__main__.TestInductorOpInfoCUDA),closed,pytorch-bot[bot],2025-06-20T21:41:42Z,2025-06-30T00:54:23Z,2,https://github.com/pytorch/pytorch/issues/156514
3164416785,156513,Native BFloat16 Mixed BatchNorm Train gives incorrect gradients,closed,dnikolaev-amd,2025-06-20T21:33:58Z,2025-07-01T02:24:35Z,3,https://github.com/pytorch/pytorch/issues/156513
3164361671,156511,functorch_maml_omniglot is a bad CPU performance smoketest model,open,ezyang,2025-06-20T20:58:05Z,2025-07-07T22:25:25Z,10,https://github.com/pytorch/pytorch/issues/156511
3163914791,156501,Loss with LBFGS not going down,closed,lukkio88,2025-06-20T17:02:21Z,2025-06-20T21:12:03Z,2,https://github.com/pytorch/pytorch/issues/156501
3163737929,156497,DISABLED test_foreach_reduce_large_input__foreach_max_w_empty_False_cuda_int32 (__main__.TestForeachCUDA),closed,pytorch-bot[bot],2025-06-20T15:42:24Z,2025-07-04T18:47:47Z,2,https://github.com/pytorch/pytorch/issues/156497
3163529061,156489,mypy.ini deprecation: numpy.typing.mypy_plugin,closed,morrison-turnansky,2025-06-20T14:28:18Z,2025-06-24T04:56:11Z,2,https://github.com/pytorch/pytorch/issues/156489
3163516006,156488,Add stub for mypy-torch._C._jit_tree_views,closed,morrison-turnansky,2025-06-20T14:23:23Z,2025-06-25T06:15:20Z,3,https://github.com/pytorch/pytorch/issues/156488
3163368647,156487,SDPA FLASH_ATTENTION backend gets NaN values for IPEX on Intel CPU,closed,bvantuan,2025-06-20T13:31:20Z,2025-06-24T02:44:30Z,4,https://github.com/pytorch/pytorch/issues/156487
3162502923,156482,Dynamo benchmark test got failed torch.dtype object has no attribute '__name__',closed,mengfei25,2025-06-20T09:14:06Z,2025-06-23T08:07:21Z,1,https://github.com/pytorch/pytorch/issues/156482
3162273969,156480,"Parameter ""onnx_shape_inference"" can't be successfully passed to the ""_export"" interface in ""torch/onnx/utils.py"" via the ""torch.onnx.export"" interface",closed,Taot-chen,2025-06-20T07:49:54Z,2025-06-24T01:48:32Z,2,https://github.com/pytorch/pytorch/issues/156480
3161474772,156453,DTensor does not compose with Parameters Groups,closed,cora-codes,2025-06-19T22:48:31Z,2025-06-20T18:54:52Z,1,https://github.com/pytorch/pytorch/issues/156453
3161432056,156451,`torch.compile` fails with `UnicodeDecodeError` when model contains extreme value injection,closed,zhouxiaoyaozzz,2025-06-19T22:11:59Z,2025-07-06T18:07:38Z,4,https://github.com/pytorch/pytorch/issues/156451
3161352740,156444,Tensor.is_pinned() raises error after renaming privateuseone backend.,open,qihqi,2025-06-19T21:20:24Z,2025-06-20T21:23:14Z,1,https://github.com/pytorch/pytorch/issues/156444
3161261900,156438,DISABLED test_inlined_optimized_graph (__main__.TestTEFuserDynamic),open,atalman,2025-06-19T20:17:07Z,2025-06-20T13:14:38Z,1,https://github.com/pytorch/pytorch/issues/156438
3161260525,156437,Accuracy minifier fails to minify anything,open,malfet,2025-06-19T20:16:06Z,2025-06-20T12:09:50Z,0,https://github.com/pytorch/pytorch/issues/156437
3161250475,156436,DISABLED test_skip_grad_in_check (__main__.TestTEFuserDynamic),open,malfet,2025-06-19T20:09:22Z,2025-06-23T17:11:24Z,3,https://github.com/pytorch/pytorch/issues/156436
3161231329,156434,Suggest to use the torch cmake target instead of ${TORCH_LIBRARIES} in the c++ docs,open,fizzxed,2025-06-19T19:57:40Z,2025-06-20T23:15:36Z,0,https://github.com/pytorch/pytorch/issues/156434
3161105972,156430,DISABLED test_foreach_reduce_large_input__foreach_max_w_empty_False_cuda_int16 (__main__.TestForeachCUDA),closed,pytorch-bot[bot],2025-06-19T18:45:51Z,2025-07-04T06:49:03Z,2,https://github.com/pytorch/pytorch/issues/156430
3160934549,156426,[MPSInductor] Silently incorrect result with varmean+epilogue,closed,malfet,2025-06-19T17:05:03Z,2025-06-23T04:35:19Z,1,https://github.com/pytorch/pytorch/issues/156426
3160929468,156425,"[CI] ""Update viable/strict"" job occasionally hangs for days",closed,benjaminglass1,2025-06-19T17:02:15Z,2025-06-25T19:57:35Z,1,https://github.com/pytorch/pytorch/issues/156425
3160879023,156424,research adding cuda-bindings to core,open,msaroufim,2025-06-19T16:35:15Z,2025-08-22T03:16:59Z,3,https://github.com/pytorch/pytorch/issues/156424
3160753425,156419,DISABLED test_fake_crossref_backward_no_amp_cholesky_solve_cuda_float32 (__main__.TestFakeTensorCUDA),closed,pytorch-bot[bot],2025-06-19T15:42:56Z,2025-08-04T06:54:25Z,30,https://github.com/pytorch/pytorch/issues/156419
3160737497,156417,ShardedTensor breaks cycle detection,open,clumsy,2025-06-19T15:37:20Z,2025-06-20T23:17:28Z,0,https://github.com/pytorch/pytorch/issues/156417
3160162755,156414,A possible bug in HistogramObserver._combine_histograms(),closed,sterngerlach,2025-06-19T12:29:45Z,2025-06-29T04:30:30Z,1,https://github.com/pytorch/pytorch/issues/156414
3160073669,156413,Cannot install pytorch through official pip guidance,closed,Scalcium,2025-06-19T12:03:09Z,2025-06-19T20:07:00Z,1,https://github.com/pytorch/pytorch/issues/156413
3159989321,156412,bmm max-autotune segfaults on x86 cpu,closed,volcacius,2025-06-19T11:36:53Z,2025-08-18T20:34:17Z,2,https://github.com/pytorch/pytorch/issues/156412
3159465358,156411,[compile] torch._dynamo.exc.TorchRuntimeError: Failed running call_function aten.lift_fresh_copy.default,open,vfdff,2025-06-19T08:34:15Z,2025-06-24T18:17:21Z,1,https://github.com/pytorch/pytorch/issues/156411
3158702374,156392,DataParallel gather NaN across multiple gpus,open,lamia482,2025-06-19T02:38:49Z,2025-06-20T23:19:36Z,3,https://github.com/pytorch/pytorch/issues/156392
3158454715,156377,[compile][transformers] Recompilation with mark_static_address with cudagraphs,closed,anijain2305,2025-06-18T23:40:08Z,2025-09-12T07:15:14Z,5,https://github.com/pytorch/pytorch/issues/156377
3158248276,156363,DISABLED test_inplace_on_view_undefined_grad_output_cpu (__main__.TestAutogradDeviceTypeCPU),closed,pytorch-bot[bot],2025-06-18T21:41:52Z,2025-07-11T06:49:52Z,4,https://github.com/pytorch/pytorch/issues/156363
3158094624,156360,UNSTABLE rocm-mi300 / linux-jammy-rocm-py3.10-mi300 / test (default),closed,jithunnair-amd,2025-06-18T20:35:46Z,2025-07-09T22:10:01Z,3,https://github.com/pytorch/pytorch/issues/156360
3158032885,156354,Schema version check fails in `torch.export.load`,closed,rdonggroq,2025-06-18T20:06:45Z,2025-06-18T20:47:52Z,2,https://github.com/pytorch/pytorch/issues/156354
3157971083,156352,Windows Runners are not available on PyTorch CI/CD,closed,atalman,2025-06-18T19:38:10Z,2025-06-23T15:33:21Z,1,https://github.com/pytorch/pytorch/issues/156352
3157726889,156337,Support input mutations + aliasing with scan during training,closed,zxfseserer,2025-06-18T17:53:06Z,2025-06-20T21:52:46Z,5,https://github.com/pytorch/pytorch/issues/156337
3278525866,159516,Validate PyPI Wheel Binary Size failing for >3months,open,clee2000,2025-06-18T15:58:00Z,2025-10-08T14:25:17Z,8,https://github.com/pytorch/pytorch/issues/159516
3157365707,156328,DISABLED test_schedule_with_native_zero_bubble_ScheduleClass1 (__main__.ScheduleTest),closed,pytorch-bot[bot],2025-06-18T15:43:40Z,2025-08-05T15:03:06Z,2,https://github.com/pytorch/pytorch/issues/156328
3157317514,156327,UNSTABLE periodic / linux-jammy-rocm-py3.10 / test (distributed),closed,jithunnair-amd,2025-06-18T15:28:24Z,2025-09-08T19:16:16Z,4,https://github.com/pytorch/pytorch/issues/156327
3157278201,156325,"[inductor] tune_scaled_grouped_mm fails with memory layout assertion, despite memory layout assertions prior to op call passing",closed,danielvegamyhre,2025-06-18T15:15:35Z,2025-08-07T20:59:57Z,3,https://github.com/pytorch/pytorch/issues/156325
3157176647,156322,Provide a way to allow dynamo to trace into an operator defined with `torch.library.custom_op`,closed,fxmarty-amd,2025-06-18T14:46:17Z,2025-06-23T11:41:42Z,4,https://github.com/pytorch/pytorch/issues/156322
3157068975,156309,format_flamegraph failed to setup the script,closed,clumsy,2025-06-18T14:17:07Z,2025-06-18T19:06:24Z,0,https://github.com/pytorch/pytorch/issues/156309
3156998424,156308,Composition of nested `torch.compile` calls is not well defined,open,volcacius,2025-06-18T13:56:40Z,2025-09-12T20:11:51Z,5,https://github.com/pytorch/pytorch/issues/156308
3156777618,156306,DISABLED test_inplace_on_view_then_no_grad_cpu (__main__.TestAutogradDeviceTypeCPU),closed,pytorch-bot[bot],2025-06-18T12:56:15Z,2025-08-05T21:57:52Z,9,https://github.com/pytorch/pytorch/issues/156306
3156702363,156304,"`torch.compile(fullgraph=True, options=...)` fails with `NoValidChoicesError` on simple `Conv2d` model, but gives no actionable trace",closed,tinywisdom,2025-06-18T12:32:46Z,2025-06-21T01:31:50Z,5,https://github.com/pytorch/pytorch/issues/156304
3156609822,156303,Inductor error with Torch XPU optimizations to StableDiffusion3 Pipeline,closed,AlekhyaVemuri,2025-06-18T12:02:13Z,2025-10-14T02:57:58Z,14,https://github.com/pytorch/pytorch/issues/156303
3156506152,156301,"`torch.compile(..., mode=""max-autotune"", dynamic=True)` causes small but nonzero output mismatch with `nn.Conv2d` compared to eager output",closed,tinywisdom,2025-06-18T11:28:30Z,2025-06-20T09:11:17Z,2,https://github.com/pytorch/pytorch/issues/156301
3155677560,156289,DISABLED test_inplace_on_view_of_view_cpu (__main__.TestAutogradDeviceTypeCPU),closed,pytorch-bot[bot],2025-06-18T06:47:20Z,2025-08-12T20:02:40Z,9,https://github.com/pytorch/pytorch/issues/156289
3155123961,156265,DISABLED test_inplace_on_view_non_contig_cpu (__main__.TestAutogradDeviceTypeCPU),closed,pytorch-bot[bot],2025-06-18T00:59:40Z,2025-08-12T18:54:50Z,8,https://github.com/pytorch/pytorch/issues/156265
3155123901,156264,DISABLED test_shape_env (__main__.TestGuardSerialization),closed,pytorch-bot[bot],2025-06-18T00:59:37Z,2025-07-02T01:01:51Z,2,https://github.com/pytorch/pytorch/issues/156264
3155094206,156261,torch._foreach_copy_ causing CUDA illegal memory access.,closed,jc-bytedance,2025-06-18T00:39:10Z,2025-06-25T19:45:44Z,7,https://github.com/pytorch/pytorch/issues/156261
3155077058,156258,[ONNX] Create a tutorial for exporting hf transformers model,open,justinchuby,2025-06-18T00:27:10Z,2025-07-09T18:05:12Z,0,https://github.com/pytorch/pytorch/issues/156258
3154981124,156251,[dynamic shapes] translation validation failure under `fake_tensor_propagate_real_tensors`,open,StrongerXi,2025-06-17T23:20:08Z,2025-07-01T18:24:52Z,2,https://github.com/pytorch/pytorch/issues/156251
3154954360,156249,xpu: AOT compilation does not happen with sycl extension (JIT fallback happens),closed,dvrogozh,2025-06-17T22:58:57Z,2025-06-19T20:11:41Z,1,https://github.com/pytorch/pytorch/issues/156249
3154839952,156246,DISABLED test_name_match (__main__.TestGuardSerialization),closed,pytorch-bot[bot],2025-06-17T21:42:47Z,2025-08-19T18:49:20Z,6,https://github.com/pytorch/pytorch/issues/156246
3154706905,156238,Upgrade torch._scaled_grouped_mm to SM100+,open,syed-ahmed,2025-06-17T20:37:00Z,2025-06-25T09:31:21Z,4,https://github.com/pytorch/pytorch/issues/156238
3154549157,156217,[Tracker] AutoParallel's feature request to DTensor,open,XilunWu,2025-06-17T19:28:40Z,2025-07-15T22:27:59Z,0,https://github.com/pytorch/pytorch/issues/156217
3154533094,156215,"Cannot install >=2.7.0 on ubuntu 18.04, conflict with prerequisite",closed,seermer,2025-06-17T19:22:17Z,2025-06-18T18:35:12Z,5,https://github.com/pytorch/pytorch/issues/156215
3154476672,156212,torch.where() can produce nan values for unselected branch during backward,closed,lfrommelt,2025-06-17T18:59:48Z,2025-08-11T10:05:47Z,3,https://github.com/pytorch/pytorch/issues/156212
3154443607,156209,DISABLED test_inplace_on_view_makes_base_require_grad_cpu (__main__.TestAutogradDeviceTypeCPU),closed,pytorch-bot[bot],2025-06-17T18:46:46Z,2025-08-11T06:51:55Z,11,https://github.com/pytorch/pytorch/issues/156209
3154411856,156206,"When compiling submodules, AOTInductor is significantly slower with torch.export",closed,aw632,2025-06-17T18:34:27Z,2025-06-27T17:14:43Z,9,https://github.com/pytorch/pytorch/issues/156206
3154398903,156204,[tracker] DTensor Operator Coverage,closed,XilunWu,2025-06-17T18:28:44Z,2025-06-18T17:54:55Z,3,https://github.com/pytorch/pytorch/issues/156204
3154348183,156202,Upgrade torch._grouped_mm to SM100+,closed,syed-ahmed,2025-06-17T18:09:44Z,2025-06-28T23:02:03Z,0,https://github.com/pytorch/pytorch/issues/156202
3154155192,156191,Dynamo does not know how to trace method `__len__` of class `<unknown type>` with torch.logging calls,open,aboubezari,2025-06-17T16:54:31Z,2025-06-17T19:27:01Z,1,https://github.com/pytorch/pytorch/issues/156191
3153632138,156184,Actual torch `ExportGraphSignature` does not match the example in the docs,closed,tgymnich,2025-06-17T14:01:39Z,2025-06-18T22:37:36Z,1,https://github.com/pytorch/pytorch/issues/156184
3153423163,156181,[CD] Windows Wheel builds CUDA 12.9.1 Stack Overflow during build,closed,atalman,2025-06-17T12:59:27Z,2025-09-09T16:53:27Z,13,https://github.com/pytorch/pytorch/issues/156181
3153412347,156180,DISABLED test_inplace_on_view_backprop_view_of_view_cpu (__main__.TestAutogradDeviceTypeCPU),closed,pytorch-bot[bot],2025-06-17T12:56:18Z,2025-07-11T06:49:19Z,4,https://github.com/pytorch/pytorch/issues/156180
3153101101,156177,nn.Module._load_from_state_dict is always called with strict=True,open,falkaer,2025-06-17T11:13:28Z,2025-06-17T21:46:30Z,3,https://github.com/pytorch/pytorch/issues/156177
3152803493,156173,`torch.ops.aten.index_put` returns different results on CUDA and CPU,closed,hoshibara,2025-06-17T09:37:15Z,2025-06-19T00:02:52Z,6,https://github.com/pytorch/pytorch/issues/156173
3152445115,156168,[Feature Request]: Native C++ API for ONNX Export in LibTorch,closed,wangzhenlin123,2025-06-17T07:49:53Z,2025-09-11T04:34:12Z,1,https://github.com/pytorch/pytorch/issues/156168
3152374343,156167,"`torch.export` fails with `KeyError` when `BatchNorm.running_mean` is read and modified, even when shape/value is unchanged",closed,tinywisdom,2025-06-17T07:24:41Z,2025-06-18T22:30:05Z,3,https://github.com/pytorch/pytorch/issues/156167
3152361939,156166,FSDP + save optimizer dtype AssertionError,closed,sl5035,2025-06-17T07:19:51Z,2025-06-19T03:04:20Z,1,https://github.com/pytorch/pytorch/issues/156166
3152273993,156163,DISABLED test_inplace_on_view_backprop_view_cpu (__main__.TestAutogradDeviceTypeCPU),closed,pytorch-bot[bot],2025-06-17T06:47:13Z,2025-07-11T06:50:04Z,4,https://github.com/pytorch/pytorch/issues/156163
3152243506,156162,torch2.7.1 issue for  torch.compile numpy,open,hyriverside,2025-06-17T06:35:14Z,2025-06-20T15:57:49Z,4,https://github.com/pytorch/pytorch/issues/156162
3152097098,156160,[SDPA] RTX5080 is different from CPU calculation result in backward with long seq,closed,O5-7,2025-06-17T05:17:28Z,2025-06-23T17:34:50Z,2,https://github.com/pytorch/pytorch/issues/156160
3152036195,156159,Error shm.dll,closed,Uefi1,2025-06-17T04:39:55Z,2025-08-07T18:26:26Z,6,https://github.com/pytorch/pytorch/issues/156159
3151903846,156154,get different result between conv1x1 and linear,closed,Yoline777,2025-06-17T03:19:25Z,2025-06-17T17:39:14Z,2,https://github.com/pytorch/pytorch/issues/156154
3151881628,156152,Inconsistent `torch.rsqrt` results on complex128 between CPU and CUDA,open,rookieLiu2018,2025-06-17T03:01:36Z,2025-06-17T15:28:30Z,2,https://github.com/pytorch/pytorch/issues/156152
3151774004,156146,DISABLED test_serialize_by_key (__main__.PrecompileContextTests),closed,etaf,2025-06-17T01:45:08Z,2025-06-17T23:43:40Z,1,https://github.com/pytorch/pytorch/issues/156146
3151713819,156143,DISABLED test_inplace_on_view_backprop_base_cpu (__main__.TestAutogradDeviceTypeCPU),closed,pytorch-bot[bot],2025-06-17T00:59:53Z,2025-07-11T06:50:07Z,8,https://github.com/pytorch/pytorch/issues/156143
3151582907,156135,"[dynamo, dynamic shapes] .item() on Tensor created in the compiled region fails",closed,williamwen42,2025-06-16T23:19:15Z,2025-10-15T19:11:43Z,3,https://github.com/pytorch/pytorch/issues/156135
3151564047,156130,[DDP][FSDP2] add unit test to showcase DDP mixed precision with FSDP2 mixed precision,open,weifengpy,2025-06-16T23:05:34Z,2025-06-26T23:59:37Z,2,https://github.com/pytorch/pytorch/issues/156130
3151488119,156127,[dynamo] Show carets in graph break stack traces,open,williamwen42,2025-06-16T22:26:37Z,2025-06-16T22:26:40Z,0,https://github.com/pytorch/pytorch/issues/156127
3151160825,156113,Inductor CI failure due to Huggingface outage,closed,atalman,2025-06-16T20:02:48Z,2025-06-16T22:34:10Z,1,https://github.com/pytorch/pytorch/issues/156113
3150934421,156105,[ONNX] Verify the translation of SDPA to Attention-23,closed,justinchuby,2025-06-16T18:38:29Z,2025-06-20T14:19:45Z,1,https://github.com/pytorch/pytorch/issues/156105
3150865175,156103,[compile][torchtune] Full model compiled Qwen3 is 4x slower than eager,open,anijain2305,2025-06-16T18:14:43Z,2025-06-18T21:03:11Z,7,https://github.com/pytorch/pytorch/issues/156103
3150531408,156098,UNSTABLE rocm / linux-jammy-rocm-py3.10 / test (default),closed,atalman,2025-06-16T16:03:41Z,2025-09-08T19:16:10Z,10,https://github.com/pytorch/pytorch/issues/156098
3150015841,156089,DISABLED test_quantize (__main__.TestOpenReg),closed,etaf,2025-06-16T13:25:43Z,2025-06-30T15:44:09Z,2,https://github.com/pytorch/pytorch/issues/156089
3149918032,156088,DISABLED test_schedule_with_native_zero_bubble_ScheduleClass0 (__main__.ScheduleTest),closed,pytorch-bot[bot],2025-06-16T12:56:30Z,2025-08-05T15:03:19Z,3,https://github.com/pytorch/pytorch/issues/156088
3149609758,156085,Idea: Add SBOM Generation (and optional vuln scan) for better supply chain insight,open,popey,2025-06-16T11:16:46Z,2025-07-02T15:03:03Z,2,https://github.com/pytorch/pytorch/issues/156085
3149459490,156084,None deterministic output of linear projection based on batch size and projection dimensions,closed,jackshi0912,2025-06-16T10:30:19Z,2025-06-16T17:48:34Z,1,https://github.com/pytorch/pytorch/issues/156084
3149117275,156075,`torch.logsumexp`: support `dim=None`,open,randolf-scholz,2025-06-16T08:51:39Z,2025-08-13T22:50:29Z,6,https://github.com/pytorch/pytorch/issues/156075
3149102768,156073,[codespell] fix typos in the codebase,open,XuehaiPan,2025-06-16T08:47:04Z,2025-06-17T14:58:13Z,0,https://github.com/pytorch/pytorch/issues/156073
3149092855,156072,[typing][docs] `torch.amin` and `torch.amax` do not document `dim=None`,open,randolf-scholz,2025-06-16T08:44:01Z,2025-06-25T09:31:57Z,2,https://github.com/pytorch/pytorch/issues/156072
3149077427,156071,Docs incorrectly claim `torch.max` and `torch.logsumexp` accept `dim=None`,closed,randolf-scholz,2025-06-16T08:39:41Z,2025-06-24T20:50:42Z,3,https://github.com/pytorch/pytorch/issues/156071
3148871427,156063,DISABLED test_basic (__main__.PrecompileContextTests),closed,etaf,2025-06-16T07:29:08Z,2025-06-17T23:43:39Z,1,https://github.com/pytorch/pytorch/issues/156063
3148784968,156062,torch.nn.functional.conv_transpose3d return inconsistent results when weight containing inf between CPU and GPU,open,atester353,2025-06-16T06:56:06Z,2025-10-14T08:12:55Z,1,https://github.com/pytorch/pytorch/issues/156062
3148699641,156059,Dynamo trace an incorrect result on torch._C._storage_Use_Count,open,guangyey,2025-06-16T06:18:04Z,2025-06-16T18:25:16Z,0,https://github.com/pytorch/pytorch/issues/156059
3148665125,156057,torch.equal causes fallback to eager mode in torch.compile,open,bilu-1,2025-06-16T06:00:43Z,2025-10-14T03:15:10Z,2,https://github.com/pytorch/pytorch/issues/156057
3148612433,156054,`torch.distributed.tensor.parallel.style.ColwiseParallel` introduce huge guard eval latency,closed,LuFinch,2025-06-16T05:35:30Z,2025-06-26T04:37:07Z,3,https://github.com/pytorch/pytorch/issues/156054
3148495640,156052,Ability to set device guard in Python,closed,qihqi,2025-06-16T04:26:26Z,2025-09-30T08:39:39Z,6,https://github.com/pytorch/pytorch/issues/156052
3148480894,156051,"BatchNorm1d fails with batch size 1 if track_running_stats=False, claims it's not it eval mode even if .eval() is called",closed,Godoakos,2025-06-16T04:15:19Z,2025-06-29T02:55:28Z,6,https://github.com/pytorch/pytorch/issues/156051
3148260887,156038,旧版pytorch标注python版本,closed,wliafe,2025-06-16T01:21:32Z,2025-06-16T02:52:14Z,2,https://github.com/pytorch/pytorch/issues/156038
3148259474,156037,Inductor cpp_wrapper has performance regressions,closed,CaoE,2025-06-16T01:20:12Z,2025-06-20T01:11:21Z,4,https://github.com/pytorch/pytorch/issues/156037
3147820890,156029,[RFC] Migrate to modern Python build system and replace `setup.py` commands with their modern alternatives,closed,XuehaiPan,2025-06-15T17:03:51Z,2025-06-23T07:03:56Z,4,https://github.com/pytorch/pytorch/issues/156029
3147801795,156028,[Upstream Triton] persistent mm + tma accuracy failures,closed,davidberard98,2025-06-15T16:49:43Z,2025-07-31T21:07:58Z,4,https://github.com/pytorch/pytorch/issues/156028
3147718125,156024,Ошибка установки torch для CUDA 12.1 на GTX 1660 Ti,open,Tiger-II-H,2025-06-15T15:45:18Z,2025-06-17T15:30:03Z,0,https://github.com/pytorch/pytorch/issues/156024
3147528284,156022,[Segfault Bug] Out-of-bounds write of at::native::cpubla::gemm (bfloat16) in at::native::cpu_flash_attention_backward,closed,taoye9,2025-06-15T13:20:12Z,2025-07-08T02:36:30Z,12,https://github.com/pytorch/pytorch/issues/156022
3147494064,156020,torch.fft.ifft for complex64 produces inconsistent results between CPU and CUDA,open,atester353,2025-06-15T12:52:26Z,2025-06-16T02:42:23Z,2,https://github.com/pytorch/pytorch/issues/156020
3147478527,156019,When calling torch.histc the CPU and CUDA implementations produce different outputs.,closed,atester353,2025-06-15T12:40:15Z,2025-06-17T14:56:50Z,1,https://github.com/pytorch/pytorch/issues/156019
3147459023,156018,"When calling torch.cumprod on a float16 tensor, the CPU and CUDA implementations produce different outputs.",closed,atester353,2025-06-15T12:24:37Z,2025-06-17T14:55:13Z,2,https://github.com/pytorch/pytorch/issues/156018
3147245107,156015,Function 'MmBackward0' returned nan values in its 0th output.,closed,O5-7,2025-06-15T08:28:07Z,2025-06-19T00:17:23Z,3,https://github.com/pytorch/pytorch/issues/156015
3147101057,156012,[ROCm] BF16 Context Parallelism MI300X Not Numerically Accurate,closed,functionstackx,2025-06-15T05:00:45Z,2025-07-14T02:50:39Z,3,https://github.com/pytorch/pytorch/issues/156012
3147026163,156010,`torch.prod` or `torch.special.entr` triggers `CUDA driver error: invalid argument` on GPU unless kernel cache is cleared,open,tinywisdom,2025-06-15T03:07:12Z,2025-06-17T14:53:38Z,0,https://github.com/pytorch/pytorch/issues/156010
3146843282,156005,Deprecation notice of `torch.norm` and `Tensor.norm` across the documentation,open,scaomath,2025-06-14T22:29:15Z,2025-06-20T15:09:57Z,7,https://github.com/pytorch/pytorch/issues/156005
3146615262,156002,DCP save only saves one shard of tensor parallel model when using DP + TP,open,ChenchaoZhao,2025-06-14T19:22:09Z,2025-06-17T14:53:52Z,0,https://github.com/pytorch/pytorch/issues/156002
3146363312,155997,"ONNX export via Dynamo sets `dft_length = 1` in `DFT`, breaking shape-inference for `torch.fft.rfft`",open,XXXXRT666,2025-06-14T16:45:24Z,2025-08-05T09:29:11Z,3,https://github.com/pytorch/pytorch/issues/155997
3146257767,155993,Keep gettting AssertionError: found no DeviceMesh from dtensor args for c10d.broadcast_.default!,open,lucasjinreal,2025-06-14T14:47:08Z,2025-06-23T20:40:23Z,1,https://github.com/pytorch/pytorch/issues/155993
3146184785,155992,[feature request] Native checkpointing to/from `s3://` (DCP / `torch.load` / `torch.save`),open,vadimkantorov,2025-06-14T13:41:59Z,2025-08-25T20:51:00Z,9,https://github.com/pytorch/pytorch/issues/155992
3145802738,155986,Vulkan interoperability,open,cajoek,2025-06-14T08:45:37Z,2025-06-17T17:10:23Z,5,https://github.com/pytorch/pytorch/issues/155986
3145686580,155985,The PyTorch version is too low and does not support 50 series GPUs,closed,harveyff,2025-06-14T07:39:16Z,2025-06-14T09:05:34Z,0,https://github.com/pytorch/pytorch/issues/155985
3145421627,155983,as_tensor of list of tensors should keep grad history,open,danra,2025-06-14T04:52:09Z,2025-06-28T17:22:17Z,10,https://github.com/pytorch/pytorch/issues/155983
3145409809,155981,Floating point exception (core dumped) in torch.nn.functional.fold,open,cx104906,2025-06-14T04:37:26Z,2025-08-20T15:30:13Z,1,https://github.com/pytorch/pytorch/issues/155981
3144886830,155957,Including XPU and CUDA in ProfilerActivity causes XPU profiling to be ignored,open,frost-intel,2025-06-13T21:52:25Z,2025-06-16T08:07:38Z,3,https://github.com/pytorch/pytorch/issues/155957
3144858463,155953,DISABLED test_call_count_tunableop_cuda_float32 (__main__.TestLinalgCUDA),open,pytorch-bot[bot],2025-06-13T21:42:17Z,2025-10-14T01:06:23Z,7,https://github.com/pytorch/pytorch/issues/155953
3144830959,155952,[FDSP2] express zero-1 with fully_shard,closed,weifengpy,2025-06-13T21:32:07Z,2025-06-17T19:29:49Z,5,https://github.com/pytorch/pytorch/issues/155952
3144405998,155933,test vLLM with PyTorch 2.8rc before releasing PyTorch 2.8,closed,zou3519,2025-06-13T18:28:45Z,2025-10-16T14:16:59Z,9,https://github.com/pytorch/pytorch/issues/155933
3144217224,155924,"Activation Checkpointing breaks ""torch.distributed.checkpoint.state_dict._get_fqns""",open,willi-menapace,2025-06-13T17:16:54Z,2025-07-17T22:12:08Z,6,https://github.com/pytorch/pytorch/issues/155924
3144054614,155917,UNSTABLE inductor-rocm / rocm-py3.10-inductor / test (inductor),closed,clee2000,2025-06-13T16:08:03Z,2025-09-08T19:15:55Z,5,https://github.com/pytorch/pytorch/issues/155917
3144023697,155916,[`torch.distributed`] Watchdog monitor error handling should match watchdog error handling,open,PSilvestre,2025-06-13T15:56:42Z,2025-06-13T21:05:52Z,1,https://github.com/pytorch/pytorch/issues/155916
3143566909,155908,DISABLED test_parity__foreach_ceil_fastpath_inplace_cuda_complex64 (__main__.TestForeachCUDA),closed,malfet,2025-06-13T13:21:52Z,2025-06-13T18:01:59Z,2,https://github.com/pytorch/pytorch/issues/155908
3143495832,155905,DISABLED test_non_pow_2_headdim_head_dim_24_float16_cuda_float16 (__main__.TestFlexDecodingCUDA),closed,pytorch-bot[bot],2025-06-13T12:55:35Z,2025-06-27T15:44:29Z,3,https://github.com/pytorch/pytorch/issues/155905
3143433662,155904,FSDP2's `set_reduce_scatter_divide_factor` is inconsistent wrt reduce dtype,closed,lw,2025-06-13T12:33:50Z,2025-06-23T11:27:51Z,3,https://github.com/pytorch/pytorch/issues/155904
3143411882,155903,`set_reduce_scatter_divide_factor` is inconsistent between FSDP and HSDP,closed,lw,2025-06-13T12:25:39Z,2025-06-23T11:27:57Z,1,https://github.com/pytorch/pytorch/issues/155903
3532089887,165901,[dynamo] support for locel sentinel values (`sentinal = object(); if func(...) is sentinal: ...`),open,XuehaiPan,2025-10-20T11:27:08Z,2025-10-20T11:31:56Z,0,https://github.com/pytorch/pytorch/issues/165901
3532084370,165900,Converting weights `.pt` content between `dict` and `RecursiveScriptModule`,open,PsorTheDoctor,2025-10-20T11:25:01Z,2025-10-20T11:25:24Z,0,https://github.com/pytorch/pytorch/issues/165900
3531053735,165892,"`torch.bmm`+`torch.compile` no longer works in 2.9, but worked in 2.8",open,ad8e,2025-10-20T05:00:51Z,2025-10-20T05:00:51Z,0,https://github.com/pytorch/pytorch/issues/165892
3530667632,165880,torch.vmap doesn't work on most of the models,open,kinwaicheuk-sony,2025-10-20T01:04:50Z,2025-10-20T01:04:50Z,0,https://github.com/pytorch/pytorch/issues/165880
3530665955,165879,DISABLED test_var_mean_tile_reduction_True_cuda (__main__.GPUTests),open,pytorch-bot[bot],2025-10-20T01:03:41Z,2025-10-20T06:50:17Z,5,https://github.com/pytorch/pytorch/issues/165879
3530665885,165878,DISABLED test_var_mean_tile_reduction_True_cuda (__main__.GPUTests),closed,pytorch-bot[bot],2025-10-20T01:03:38Z,2025-10-20T06:49:58Z,1,https://github.com/pytorch/pytorch/issues/165878
3530665825,165877,DISABLED test_var_mean_tile_reduction_True_cuda (__main__.GPUTests),closed,pytorch-bot[bot],2025-10-20T01:03:35Z,2025-10-20T06:49:57Z,1,https://github.com/pytorch/pytorch/issues/165877
3530665756,165876,DISABLED test_var_mean_tile_reduction_True_cuda (__main__.GPUTests),closed,pytorch-bot[bot],2025-10-20T01:03:32Z,2025-10-20T06:49:56Z,1,https://github.com/pytorch/pytorch/issues/165876
3530665695,165875,DISABLED test_pw_kernel_benchmark (__main__.TestKernelBenchmark),open,pytorch-bot[bot],2025-10-20T01:03:29Z,2025-10-20T06:49:59Z,2,https://github.com/pytorch/pytorch/issues/165875
3530431737,165873,No error raised despite shape mismatch in load_state_dict,open,hannamw,2025-10-19T20:50:05Z,2025-10-19T20:50:05Z,0,https://github.com/pytorch/pytorch/issues/165873
3530394747,165872,DISABLED test_allocator_backend (__main__.TestCudaMallocAsync),open,jeffdaily,2025-10-19T20:03:16Z,2025-10-19T20:03:20Z,1,https://github.com/pytorch/pytorch/issues/165872
3530368209,165870,[MPS] torch.linalg.lu_factor on singular matrices different between CPU and MPS,open,inventshah,2025-10-19T19:26:57Z,2025-10-19T19:26:57Z,0,https://github.com/pytorch/pytorch/issues/165870
3530270621,165865,randn_like should take a generator.,open,CompRhys,2025-10-19T17:26:50Z,2025-10-19T17:26:50Z,0,https://github.com/pytorch/pytorch/issues/165865
3530010638,165861,Reflect padding: CUDA errror when one of the batch dimensions is larger than uint16 max value (2**16),open,michal-lukomski,2025-10-19T12:07:23Z,2025-10-19T18:13:52Z,1,https://github.com/pytorch/pytorch/issues/165861
3529953113,165858,DISABLED test_2d_reduction_multi_kernel_xpu (__main__.TritonBlockPointerTestGPU),open,etaf,2025-10-19T10:48:43Z,2025-10-19T10:48:47Z,1,https://github.com/pytorch/pytorch/issues/165858
3529894461,165857,Segmentation fault when using TorchDispatchMode with tensor string representation in Dynamo,open,gabrieldemarmiesse,2025-10-19T09:41:39Z,2025-10-19T09:41:39Z,0,https://github.com/pytorch/pytorch/issues/165857
3529615955,165854,New flex flash path breaks w/ dynamic buffers,open,drisspg,2025-10-19T07:38:51Z,2025-10-19T07:38:51Z,0,https://github.com/pytorch/pytorch/issues/165854
3529344383,165850,torch.linalg.inv breaks down when used on mps.,closed,frantisekdracek,2025-10-18T23:40:53Z,2025-10-19T22:29:25Z,4,https://github.com/pytorch/pytorch/issues/165850
3529267550,165845,PatternMatcherPass and `list[torch.Tensor]` compatibility,open,andylolu2,2025-10-18T22:20:33Z,2025-10-19T22:29:16Z,1,https://github.com/pytorch/pytorch/issues/165845
3528936439,165838,Inconsistent output with same input using equivalent block masks created via different methods in Flex Attention,closed,fopdoodle8,2025-10-18T15:42:18Z,2025-10-19T07:14:16Z,6,https://github.com/pytorch/pytorch/issues/165838
3055395098,153354,"FSDP2 ""got mixed torch.Tensor and DTensor""",open,EugenHotaj,2025-05-12T01:33:14Z,2025-10-20T07:30:39Z,9,https://github.com/pytorch/pytorch/issues/153354
3012622240,151985,[XPU User Empathy Day][whisper][Arc770][Win]XPU performance is worse than CPU,open,yinghu5,2025-04-23T04:01:25Z,2025-10-19T23:34:51Z,3,https://github.com/pytorch/pytorch/issues/151985
2897258704,148552,Return type annotation of `Tensor.long()` etc is not narrowed down to dtype-specific names `LongTensor` etc,open,lkct,2025-03-05T12:55:37Z,2025-10-19T15:10:34Z,2,https://github.com/pytorch/pytorch/issues/148552
2803139096,145337,[libTorch] Model initialization on multi-device is slow. It seems to run sequentially in multi-thread,open,thammegowda,2025-01-22T01:13:35Z,2025-10-19T07:50:16Z,2,https://github.com/pytorch/pytorch/issues/145337
2789625977,144858,torch.nn.functional.scaled_dot_product_attention is_causal fails for kv-cache case (sequential and further parallel attention),open,JamesGlare,2025-01-15T12:01:01Z,2025-10-20T06:14:42Z,3,https://github.com/pytorch/pytorch/issues/144858
2780666444,144564,Tabulate not official dependency of PyTorch but needed by features like FlopCounterMode,open,zou3519,2025-01-10T17:03:23Z,2025-10-20T03:35:26Z,1,https://github.com/pytorch/pytorch/issues/144564
2739253649,143222,torch.onnx.export fails with <class 'torch._dynamo.exc.UserError'>: Could not guard on data-dependent expression u1 < 0 (unhinted: u1 < 0).  (Size-like symbols: none),closed,liqunfu,2024-12-13T21:42:27Z,2025-10-18T17:37:16Z,3,https://github.com/pytorch/pytorch/issues/143222
2680980753,141287,MPS operator coverage tracking issue (2.6+ version),open,malfet,2024-11-21T21:15:46Z,2025-10-20T04:21:00Z,170,https://github.com/pytorch/pytorch/issues/141287
2547037298,136611,tensor.triu_(1) not working properly with large matrix,closed,ThisisBillhe,2024-09-25T06:17:16Z,2025-10-20T07:17:44Z,10,https://github.com/pytorch/pytorch/issues/136611
2337360648,128114,Import Error: cannot import name 'XNNPACKQuantizer' from 'torch.ao.quantization.quantizer',open,1826133674,2024-06-06T05:45:58Z,2025-10-20T11:35:30Z,3,https://github.com/pytorch/pytorch/issues/128114
2316577506,127153,"[ONNX] pad_sequence() is not exportable, with neither legacy onnx.export nor with dynamo_export",open,borisfom,2024-05-25T02:03:54Z,2025-10-18T14:10:49Z,18,https://github.com/pytorch/pytorch/issues/127153
1724732846,102207,skipIfTorchInductor Tracking Issue ,open,eellison,2023-05-24T21:01:30Z,2025-10-18T16:16:50Z,3,https://github.com/pytorch/pytorch/issues/102207
1240333853,77764,General MPS op coverage tracking issue,open,albanD,2022-05-18T18:12:47Z,2025-10-18T17:48:36Z,1762,https://github.com/pytorch/pytorch/issues/77764
