filename,loc_physical,loc,cc,fan_in,fan_out
tests/sitecustomize.py,6,6,2,0,1
tests/urls.py,6,1,2,0,0
tests/runtests.py,808,99,123,17,29
tests/test_sqlite.py,31,13,5,0,0
tests/generic_views/test_list.py,267,226,20,27,5
tests/generic_views/test_detail.py,221,187,3,24,8
tests/generic_views/models.py,64,42,1,5,4
tests/generic_views/test_dates.py,920,275,20,76,6
tests/generic_views/test_edit.py,472,389,17,38,10
tests/generic_views/__init__.py,0,0,1,0,0
tests/generic_views/forms.py,26,17,2,1,2
tests/generic_views/urls.py,379,362,3,0,7
tests/generic_views/test_base.py,679,452,19,76,10
tests/generic_views/views.py,352,32,4,22,7
tests/mutually_referential/models.py,23,9,2,0,1
tests/mutually_referential/__init__.py,0,0,1,0,0
tests/mutually_referential/tests.py,21,11,2,1,2
tests/signed_cookies_tests/__init__.py,0,0,1,0,0
tests/signed_cookies_tests/tests.py,79,68,1,7,5
tests/expressions_case/models.py,68,58,3,0,2
tests/expressions_case/__init__.py,0,0,1,0,0
tests/expressions_case/tests.py,1674,1543,19,91,11
tests/model_forms/test_modelchoicefield.py,455,353,14,32,8
tests/model_forms/models.py,545,372,26,38,9
tests/model_forms/__init__.py,0,0,1,0,0
tests/model_forms/tests.py,3768,1766,133,177,18
tests/model_forms/test_uuid.py,44,36,1,4,4
tests/fixtures_regress/models.py,369,212,13,25,2
tests/fixtures_regress/__init__.py,0,0,1,0,0
tests/fixtures_regress/tests.py,1017,662,71,62,14
tests/aggregation/models.py,52,37,1,4,1
tests/aggregation/__init__.py,0,0,1,0,0
tests/aggregation/tests.py,2731,2111,53,145,15
tests/aggregation/test_filter_argument.py,241,218,3,20,6
tests/composite_pk/test_filter.py,609,549,22,40,7
tests/composite_pk/test_names_to_path.py,134,120,1,6,4
tests/composite_pk/__init__.py,0,0,1,0,0
tests/composite_pk/test_delete.py,83,68,1,5,2
tests/composite_pk/test_update.py,196,169,3,14,5
tests/composite_pk/test_values.py,226,218,2,4,4
tests/composite_pk/test_aggregate.py,143,124,1,11,3
tests/composite_pk/test_get.py,135,121,7,7,2
tests/composite_pk/test_create.py,163,145,5,9,3
tests/composite_pk/test_models.py,157,126,5,8,4
tests/composite_pk/test_order_by.py,72,65,1,4,3
tests/composite_pk/tests.py,394,338,10,30,12
tests/composite_pk/test_checks.py,270,233,3,18,5
tests/composite_pk/models/tenant.py,62,46,1,0,2
tests/composite_pk/models/__init__.py,10,9,1,0,1
tests/middleware/test_security.py,311,163,15,30,4
tests/middleware/test_csp.py,206,139,6,17,8
tests/middleware/extra_urls.py,9,7,1,0,2
tests/middleware/__init__.py,0,0,1,0,0
tests/middleware/cond_get_urls.py,6,5,1,0,2
tests/middleware/tests.py,1115,696,29,121,16
tests/middleware/urls.py,27,22,1,0,3
tests/middleware/views.py,87,58,3,12,11
tests/test_runner/runner.py,29,25,1,3,1
tests/test_runner/models.py,28,17,1,1,1
tests/test_runner/test_discover_runner.py,858,465,21,83,12
tests/test_runner/__init__.py,0,0,1,0,0
tests/test_runner/test_parallel.py,284,208,12,24,10
tests/test_runner/test_shuffler.py,101,86,7,11,3
tests/test_runner/test_debug_sql.py,328,243,9,31,9
tests/test_runner/tests.py,1069,552,29,88,17
tests/admin_utils/test_logentry.py,455,100,13,19,12
tests/admin_utils/models.py,88,55,2,5,3
tests/admin_utils/__init__.py,0,0,1,0,0
tests/admin_utils/admin.py,53,35,2,2,4
tests/admin_utils/tests.py,488,388,26,40,16
tests/admin_utils/urls.py,8,6,1,0,2
tests/asgi/__init__.py,0,0,1,0,0
tests/asgi/tests.py,765,105,50,7,22
tests/asgi/urls.py,77,54,5,6,6
tests/unmanaged_models/models.py,120,61,6,0,1
tests/unmanaged_models/__init__.py,0,0,1,0,0
tests/unmanaged_models/tests.py,61,33,4,3,3
tests/flatpages_tests/test_forms.py,147,112,4,9,6
tests/flatpages_tests/test_csrf.py,129,95,6,10,5
tests/flatpages_tests/test_middleware.py,216,157,8,14,6
tests/flatpages_tests/no_slash_urls.py,5,4,1,0,1
tests/flatpages_tests/__init__.py,0,0,1,0,0
tests/flatpages_tests/absolute_urls.py,6,5,1,0,2
tests/flatpages_tests/test_views.py,181,77,11,12,6
tests/flatpages_tests/test_sitemaps.py,42,36,1,3,4
tests/flatpages_tests/settings.py,11,10,1,0,1
tests/flatpages_tests/test_models.py,31,23,1,7,3
tests/flatpages_tests/urls.py,14,13,1,0,3
tests/flatpages_tests/test_templatetags.py,179,141,29,10,5
tests/pagination/custom.py,35,25,6,4,1
tests/pagination/models.py,9,6,1,1,1
tests/pagination/__init__.py,0,0,1,0,0
tests/pagination/tests.py,992,174,141,36,11
tests/auth_tests/test_forms.py,1764,462,54,123,27
tests/auth_tests/test_basic.py,211,174,7,13,9
tests/auth_tests/test_decorators.py,424,305,7,39,9
tests/auth_tests/test_handlers.py,75,33,2,3,4
tests/auth_tests/test_middleware.py,226,190,9,23,8
tests/auth_tests/test_signals.py,114,51,4,11,7
tests/auth_tests/urls_admin.py,18,11,3,0,5
tests/auth_tests/test_templates.py,145,124,4,11,10
tests/auth_tests/test_login.py,32,25,1,5,4
tests/auth_tests/client.py,45,26,5,4,3
tests/auth_tests/test_context_processors.py,156,95,10,16,7
tests/auth_tests/__init__.py,1,0,2,0,0
tests/auth_tests/test_management.py,1742,973,58,127,21
tests/auth_tests/test_migrations.py,245,201,11,13,8
tests/auth_tests/urls_custom_user_admin.py,23,15,1,1,4
tests/auth_tests/test_views.py,1786,900,39,141,30
tests/auth_tests/test_hashers.py,822,662,35,59,9
tests/auth_tests/test_validators.py,408,334,33,38,10
tests/auth_tests/test_mixins.py,304,229,2,25,8
tests/auth_tests/test_auth_backends.py,1416,543,48,86,19
tests/auth_tests/test_remote_user.py,491,200,22,17,8
tests/auth_tests/settings.py,21,19,1,0,1
tests/auth_tests/test_models.py,637,503,21,56,15
tests/auth_tests/test_checks.py,455,375,10,22,10
tests/auth_tests/urls.py,253,209,3,17,15
tests/auth_tests/test_templatetags.py,37,33,4,3,3
tests/auth_tests/backend_alias.py,4,2,2,0,1
tests/auth_tests/test_admin_multidb.py,79,63,5,6,6
tests/auth_tests/test_tokens.py,177,123,9,13,8
tests/auth_tests/models/custom_user.py,145,24,7,11,2
tests/auth_tests/models/no_password.py,21,15,1,2,2
tests/auth_tests/models/invalid_models.py,21,10,2,0,2
tests/auth_tests/models/proxy.py,18,12,1,0,2
tests/auth_tests/models/__init__.py,43,42,1,0,14
tests/auth_tests/models/with_custom_email_field.py,24,18,1,1,3
tests/auth_tests/models/with_many_to_many.py,40,26,1,1,2
tests/auth_tests/models/custom_permissions.py,35,20,1,2,3
tests/auth_tests/models/with_integer_username.py,23,16,1,2,2
tests/auth_tests/models/minimal.py,6,4,1,0,1
tests/auth_tests/models/uuid_pk.py,13,6,1,0,4
tests/auth_tests/models/is_active.py,16,6,2,0,2
tests/auth_tests/models/with_unique_constraint.py,22,16,1,1,2
tests/auth_tests/models/with_foreign_key.py,27,19,1,1,2
tests/auth_tests/models/with_last_login_attr.py,5,3,1,0,1
tests/auth_tests/operations_migrations/__init__.py,0,0,1,0,0
tests/auth_tests/operations_migrations/0001_initial.py,14,11,1,0,1
tests/auth_tests/operations_migrations/0002_rename_oldmodel_to_newmodel.py,14,11,1,0,1
tests/transaction_hooks/models.py,5,3,1,0,1
tests/transaction_hooks/__init__.py,0,0,1,0,0
tests/transaction_hooks/tests.py,283,135,18,31,3
tests/migrations/test_optimizer.py,1522,1355,24,55,6
tests/migrations/test_loader.py,687,422,39,32,10
tests/migrations/models.py,70,34,2,2,2
tests/migrations/test_writer.py,1296,1113,33,88,80
tests/migrations/test_operations.py,6894,1644,142,194,16
tests/migrations/test_multidb.py,187,62,6,18,4
tests/migrations/test_exceptions.py,11,9,1,1,2
tests/migrations/__init__.py,0,0,1,0,0
tests/migrations/test_state.py,2266,1845,61,91,9
tests/migrations/test_deprecated_fields.py,25,13,1,1,3
tests/migrations/test_commands.py,3642,1959,147,166,31
tests/migrations/test_autodetector.py,5673,2985,147,189,18
tests/migrations/test_executor.py,1000,652,67,31,11
tests/migrations/test_questioner.py,123,105,2,15,8
tests/migrations/test_base.py,452,297,51,36,18
tests/migrations/test_graph.py,473,74,20,20,3
tests/migrations/routers.py,14,9,3,2,0
tests/migrations/migrations_test_apps/__init__.py,0,0,1,0,0
tests/migrations/migrations_test_apps/unspecified_app_with_conflict/models.py,0,0,1,0,0
tests/migrations/migrations_test_apps/unspecified_app_with_conflict/__init__.py,0,0,1,0,0
tests/migrations/migrations_test_apps/unspecified_app_with_conflict/migrations/0002_second.py,17,14,1,0,1
tests/migrations/migrations_test_apps/unspecified_app_with_conflict/migrations/0002_conflicting_second.py,14,11,1,0,1
tests/migrations/migrations_test_apps/unspecified_app_with_conflict/migrations/__init__.py,0,0,1,0,0
tests/migrations/migrations_test_apps/unspecified_app_with_conflict/migrations/0001_initial.py,23,21,1,0,1
tests/migrations/migrations_test_apps/lookuperror_a/models.py,18,10,1,0,1
tests/migrations/migrations_test_apps/lookuperror_a/__init__.py,0,0,1,0,0
tests/migrations/migrations_test_apps/lookuperror_a/migrations/0002_a2.py,24,21,1,0,1
tests/migrations/migrations_test_apps/lookuperror_a/migrations/__init__.py,0,0,1,0,0
tests/migrations/migrations_test_apps/lookuperror_a/migrations/0003_a3.py,28,25,1,0,1
tests/migrations/migrations_test_apps/lookuperror_a/migrations/0001_initial.py,22,19,1,0,1
tests/migrations/migrations_test_apps/lookuperror_a/migrations/0004_a4.py,24,21,1,0,1
tests/migrations/migrations_test_apps/conflicting_app_with_dependencies/__init__.py,0,0,1,0,0
tests/migrations/migrations_test_apps/conflicting_app_with_dependencies/migrations/0002_second.py,20,17,1,0,1
tests/migrations/migrations_test_apps/conflicting_app_with_dependencies/migrations/0002_conflicting_second.py,16,13,1,0,1
tests/migrations/migrations_test_apps/conflicting_app_with_dependencies/migrations/__init__.py,0,0,1,0,0
tests/migrations/migrations_test_apps/conflicting_app_with_dependencies/migrations/0001_initial.py,23,21,1,0,1
tests/migrations/migrations_test_apps/migrated_unapplied_app/models.py,12,9,1,0,1
tests/migrations/migrations_test_apps/migrated_unapplied_app/__init__.py,0,0,1,0,0
tests/migrations/migrations_test_apps/migrated_unapplied_app/migrations/__init__.py,0,0,1,0,0
tests/migrations/migrations_test_apps/migrated_unapplied_app/migrations/0001_initial.py,16,14,1,0,1
tests/migrations/migrations_test_apps/unmigrated_app_syncdb/models.py,9,5,1,0,1
tests/migrations/migrations_test_apps/unmigrated_app_syncdb/__init__.py,0,0,1,0,0
tests/migrations/migrations_test_apps/without_init_file/__init__.py,0,0,1,0,0
tests/migrations/migrations_test_apps/alter_fk/__init__.py,0,0,1,0,0
tests/migrations/migrations_test_apps/alter_fk/author_app/__init__.py,0,0,1,0,0
tests/migrations/migrations_test_apps/alter_fk/author_app/migrations/__init__.py,0,0,1,0,0
tests/migrations/migrations_test_apps/alter_fk/author_app/migrations/0002_alter_id.py,16,13,1,0,1
tests/migrations/migrations_test_apps/alter_fk/author_app/migrations/0001_initial.py,20,17,1,0,1
tests/migrations/migrations_test_apps/alter_fk/book_app/__init__.py,0,0,1,0,0
tests/migrations/migrations_test_apps/alter_fk/book_app/migrations/__init__.py,0,0,1,0,0
tests/migrations/migrations_test_apps/alter_fk/book_app/migrations/0001_initial.py,23,20,1,0,1
tests/migrations/migrations_test_apps/unmigrated_app/models.py,7,5,1,0,1
tests/migrations/migrations_test_apps/unmigrated_app/__init__.py,0,0,1,0,0
tests/migrations/migrations_test_apps/mutate_state_b/__init__.py,0,0,1,0,0
tests/migrations/migrations_test_apps/mutate_state_b/migrations/0002_add_field.py,20,17,1,0,1
tests/migrations/migrations_test_apps/mutate_state_b/migrations/__init__.py,0,0,1,0,0
tests/migrations/migrations_test_apps/mutate_state_b/migrations/0001_initial.py,27,24,1,0,1
tests/migrations/migrations_test_apps/unmigrated_app_simple/models.py,10,3,2,0,1
tests/migrations/migrations_test_apps/unmigrated_app_simple/__init__.py,0,0,1,0,0
tests/migrations/migrations_test_apps/lookuperror_c/models.py,13,7,1,0,1
tests/migrations/migrations_test_apps/lookuperror_c/__init__.py,0,0,1,0,0
tests/migrations/migrations_test_apps/lookuperror_c/migrations/0002_c2.py,26,23,1,0,1
tests/migrations/migrations_test_apps/lookuperror_c/migrations/__init__.py,0,0,1,0,0
tests/migrations/migrations_test_apps/lookuperror_c/migrations/0003_c3.py,24,21,1,0,1
tests/migrations/migrations_test_apps/lookuperror_c/migrations/0001_initial.py,22,19,1,0,1
tests/migrations/migrations_test_apps/lookuperror_b/models.py,13,7,1,0,1
tests/migrations/migrations_test_apps/lookuperror_b/__init__.py,0,0,1,0,0
tests/migrations/migrations_test_apps/lookuperror_b/migrations/0002_b2.py,26,23,1,0,1
tests/migrations/migrations_test_apps/lookuperror_b/migrations/__init__.py,0,0,1,0,0
tests/migrations/migrations_test_apps/lookuperror_b/migrations/0003_b3.py,24,21,1,0,1
tests/migrations/migrations_test_apps/lookuperror_b/migrations/0001_initial.py,22,19,1,0,1
tests/migrations/migrations_test_apps/with_generic_model/models.py,36,14,1,0,2
tests/migrations/migrations_test_apps/with_generic_model/__init__.py,0,0,1,0,0
tests/migrations/migrations_test_apps/with_generic_model/migrations/__init__.py,0,0,1,0,0
tests/migrations/migrations_test_apps/with_generic_model/migrations/0002_customgenericmodel.py,31,26,1,0,2
tests/migrations/migrations_test_apps/with_generic_model/migrations/0001_initial.py,40,36,1,0,2
tests/migrations/migrations_test_apps/normal/__init__.py,0,0,1,0,0
tests/migrations/migrations_test_apps/migrated_app/models.py,0,0,1,0,0
tests/migrations/migrations_test_apps/migrated_app/__init__.py,0,0,1,0,0
tests/migrations/migrations_test_apps/migrated_app/migrations/__init__.py,0,0,1,0,0
tests/migrations/migrations_test_apps/migrated_app/migrations/0001_initial.py,23,21,1,0,1
tests/migrations/migrations_test_apps/with_package_model/__init__.py,0,0,1,0,0
tests/migrations/migrations_test_apps/with_package_model/models/__init__.py,0,0,1,0,0
tests/migrations/migrations_test_apps/mutate_state_a/__init__.py,0,0,1,0,0
tests/migrations/migrations_test_apps/mutate_state_a/migrations/__init__.py,0,0,1,0,0
tests/migrations/migrations_test_apps/mutate_state_a/migrations/0001_initial.py,29,26,1,0,1
tests/migrations/related_models_app/__init__.py,0,0,1,0,0
tests/migrations/test_migrations_unmigdep/__init__.py,0,0,1,0,0
tests/migrations/test_migrations_unmigdep/0001_initial.py,17,14,1,0,1
tests/migrations/test_migrations_squashed_partially_applied/__init__.py,0,0,1,0,0
tests/migrations/test_migrations_squashed_partially_applied/0004_remove_mymodel1_field_1_mymodel1_field_3_and_more.py,22,19,1,0,1
tests/migrations/test_migrations_squashed_partially_applied/0001_initial.py,35,33,1,0,1
tests/migrations/test_migrations_squashed_partially_applied/0003_alter_mymodel2_unique_together.py,12,9,1,0,1
tests/migrations/test_migrations_squashed_partially_applied/0002_mymodel1_field_1_mymodel2_field_2_and_more.py,23,20,1,0,1
tests/migrations/test_migrations_fake_split_initial/0002_second.py,23,19,1,0,1
tests/migrations/test_migrations_fake_split_initial/__init__.py,0,0,1,0,0
tests/migrations/test_migrations_fake_split_initial/0001_initial.py,29,26,1,0,1
tests/migrations/test_migrations_atomic_operation/__init__.py,0,0,1,0,0
tests/migrations/test_migrations_atomic_operation/0001_initial.py,22,16,2,1,1
tests/migrations/test_migrations_squashed_double/0003_squashed_0001_and_0002.py,22,20,1,0,1
tests/migrations/test_migrations_squashed_double/0002_auto.py,12,10,1,0,1
tests/migrations/test_migrations_squashed_double/__init__.py,0,0,1,0,0
tests/migrations/test_migrations_squashed_double/0004_auto.py,12,10,1,0,1
tests/migrations/test_migrations_squashed_double/0005_squashed_0003_and_0004.py,25,23,1,0,1
tests/migrations/test_migrations_squashed_double/0001_initial.py,21,19,1,0,1
tests/migrations/test_migrations/0002_second.py,23,20,1,0,1
tests/migrations/test_migrations/__init__.py,0,0,1,0,0
tests/migrations/test_migrations/0001_initial.py,34,31,1,0,1
tests/migrations/test_migrations_initial_false/__init__.py,0,0,1,0,0
tests/migrations/test_migrations_initial_false/0001_not_initial.py,29,26,1,0,1
tests/migrations/test_migrations_squashed_no_replaces/0001_squashed_0002.py,23,21,1,0,1
tests/migrations/test_migrations_squashed_no_replaces/__init__.py,0,0,1,0,0
tests/migrations/test_migrations_no_operations/__init__.py,0,0,1,0,0
tests/migrations/test_migrations_no_operations/0001_initial.py,6,4,1,0,1
tests/migrations/test_migrations_conflict/0002_second.py,21,18,1,0,1
tests/migrations/test_migrations_conflict/0002_conflicting_second.py,14,11,1,0,1
tests/migrations/test_migrations_conflict/__init__.py,0,0,1,0,0
tests/migrations/test_migrations_conflict/0001_initial.py,23,21,1,0,1
tests/migrations/test_migrations_run_before/0002_second.py,20,17,1,0,1
tests/migrations/test_migrations_run_before/__init__.py,0,0,1,0,0
tests/migrations/test_migrations_run_before/0001_initial.py,14,12,1,0,1
tests/migrations/test_migrations_run_before/0003_third.py,27,19,1,0,1
tests/migrations/deprecated_field_migrations/0002_remove_ipaddressfield_ip.py,14,11,1,0,1
tests/migrations/deprecated_field_migrations/__init__.py,0,0,1,0,0
tests/migrations/deprecated_field_migrations/0001_initial.py,23,20,1,0,1
tests/migrations/test_add_many_to_many_field_initial/0002_initial.py,17,13,1,0,1
tests/migrations/test_add_many_to_many_field_initial/__init__.py,0,0,1,0,0
tests/migrations/test_add_many_to_many_field_initial/0001_initial.py,43,39,1,0,1
tests/migrations/test_fake_initial_case_insensitive/initial/__init__.py,0,0,1,0,0
tests/migrations/test_fake_initial_case_insensitive/initial/0001_initial.py,28,25,1,0,1
tests/migrations/test_fake_initial_case_insensitive/fake_initial/__init__.py,0,0,1,0,0
tests/migrations/test_fake_initial_case_insensitive/fake_initial/0001_initial.py,30,27,1,0,1
tests/migrations/test_migrations_bad_pyc/__init__.py,0,0,1,0,0
tests/migrations/test_migrations_squashed_complex/4_auto.py,7,4,1,0,1
tests/migrations/test_migrations_squashed_complex/3_squashed_5.py,13,9,1,0,1
tests/migrations/test_migrations_squashed_complex/5_auto.py,7,4,1,0,1
tests/migrations/test_migrations_squashed_complex/7_auto.py,7,4,1,0,1
tests/migrations/test_migrations_squashed_complex/__init__.py,0,0,1,0,0
tests/migrations/test_migrations_squashed_complex/6_auto.py,7,4,1,0,1
tests/migrations/test_migrations_squashed_complex/3_auto.py,7,4,1,0,1
tests/migrations/test_migrations_squashed_complex/2_auto.py,7,4,1,0,1
tests/migrations/test_migrations_squashed_complex/1_auto.py,5,3,1,0,1
tests/migrations/test_migrations_custom_user/__init__.py,0,0,1,0,0
tests/migrations/test_migrations_custom_user/0001_initial.py,30,27,1,0,2
tests/migrations/test_migrations_order/__init__.py,0,0,1,0,0
tests/migrations/test_migrations_order/0001.py,7,4,1,0,1
tests/migrations/test_migrations_squashed/0002_second.py,21,18,1,0,1
tests/migrations/test_migrations_squashed/0001_squashed_0002.py,31,28,1,0,1
tests/migrations/test_migrations_squashed/__init__.py,0,0,1,0,0
tests/migrations/test_migrations_squashed/0001_initial.py,23,21,1,0,1
tests/migrations/test_migrations_namespace_package/0001_initial.py,15,12,1,0,1
tests/migrations/test_migrations_plan/0002_second.py,19,16,1,0,1
tests/migrations/test_migrations_plan/0004_fourth.py,9,6,2,0,1
tests/migrations/test_migrations_plan/__init__.py,0,0,1,0,0
tests/migrations/test_migrations_plan/0001_initial.py,27,16,1,2,1
tests/migrations/test_migrations_plan/0003_third.py,19,16,1,0,1
tests/migrations/test_migrations_plan/0005_fifth.py,22,4,1,2,1
tests/migrations/test_migrations_non_atomic/__init__.py,0,0,1,0,0
tests/migrations/test_migrations_non_atomic/0001_initial.py,34,28,1,1,1
tests/migrations/test_migrations_empty/__init__.py,0,0,1,0,0
tests/migrations/test_auto_now_add/__init__.py,0,0,1,0,0
tests/migrations/test_auto_now_add/0001_initial.py,23,20,1,0,1
tests/migrations/test_migrations_clashing_prefix/ab.py,5,3,1,0,1
tests/migrations/test_migrations_clashing_prefix/a.py,5,3,1,0,1
tests/migrations/test_migrations_clashing_prefix/__init__.py,0,0,1,0,0
tests/migrations/test_migrations_squashed_erroneous/3_squashed_5.py,13,9,1,0,1
tests/migrations/test_migrations_squashed_erroneous/7_auto.py,7,4,1,0,1
tests/migrations/test_migrations_squashed_erroneous/__init__.py,0,0,1,0,0
tests/migrations/test_migrations_squashed_erroneous/6_auto.py,7,4,1,0,1
tests/migrations/test_migrations_squashed_erroneous/2_auto.py,7,4,1,0,1
tests/migrations/test_migrations_squashed_erroneous/1_auto.py,5,3,1,0,1
tests/migrations/test_migrations_no_ancestor/0002_second.py,23,20,1,0,1
tests/migrations/test_migrations_no_ancestor/0002_conflicting_second.py,21,18,1,0,1
tests/migrations/test_migrations_no_ancestor/__init__.py,0,0,1,0,0
tests/migrations/test_migrations_no_ancestor/0001_initial.py,23,21,1,0,1
tests/migrations/test_migrations_private/~util.py,0,0,1,0,0
tests/migrations/test_migrations_private/__init__.py,0,0,1,0,0
tests/migrations/test_migrations_private/.util.py,0,0,1,0,0
tests/migrations/test_migrations_private/_util.py,0,0,1,0,0
tests/migrations/test_migrations_private/0001_initial.py,5,3,1,0,1
tests/migrations/test_migrations_first/second.py,24,21,1,0,1
tests/migrations/test_migrations_first/__init__.py,0,0,1,0,0
tests/migrations/test_migrations_first/thefirst.py,23,21,1,0,1
tests/migrations/test_migrations_manual_porting/0002_second.py,15,10,1,1,1
tests/migrations/test_migrations_manual_porting/0004_fourth.py,27,21,1,1,1
tests/migrations/test_migrations_manual_porting/__init__.py,0,0,1,0,0
tests/migrations/test_migrations_manual_porting/0001_initial.py,15,12,1,0,1
tests/migrations/test_migrations_manual_porting/0003_third.py,23,18,1,1,1
tests/migrations/test_migrations_noop/__init__.py,0,0,1,0,0
tests/migrations/test_migrations_noop/0001_initial.py,9,6,1,0,1
tests/migrations/test_migrations_squashed_extra/0002_second.py,5,3,1,0,1
tests/migrations/test_migrations_squashed_extra/0001_squashed_0002.py,8,6,1,0,1
tests/migrations/test_migrations_squashed_extra/__init__.py,0,0,1,0,0
tests/migrations/test_migrations_squashed_extra/0001_initial.py,5,3,1,0,1
tests/migrations/test_migrations_squashed_extra/0003_third.py,5,3,1,0,1
tests/migrations/test_migrations_squashed_ref_squashed/__init__.py,0,0,1,0,0
tests/migrations/test_migrations_squashed_ref_squashed/app2/1_squashed_2.py,10,7,1,0,1
tests/migrations/test_migrations_squashed_ref_squashed/app2/__init__.py,0,0,1,0,0
tests/migrations/test_migrations_squashed_ref_squashed/app2/2_auto.py,5,3,1,0,1
tests/migrations/test_migrations_squashed_ref_squashed/app2/1_auto.py,5,3,1,0,1
tests/migrations/test_migrations_squashed_ref_squashed/app1/4_auto.py,5,3,1,0,1
tests/migrations/test_migrations_squashed_ref_squashed/app1/2_squashed_3.py,10,7,1,0,1
tests/migrations/test_migrations_squashed_ref_squashed/app1/__init__.py,0,0,1,0,0
tests/migrations/test_migrations_squashed_ref_squashed/app1/3_auto.py,5,3,1,0,1
tests/migrations/test_migrations_squashed_ref_squashed/app1/2_auto.py,5,3,1,0,1
tests/migrations/test_migrations_squashed_ref_squashed/app1/1_auto.py,5,3,1,0,1
tests/migrations/test_migrations_squashed_loop/__init__.py,0,0,1,0,0
tests/migrations/test_migrations_squashed_loop/2_auto.py,7,5,1,0,1
tests/migrations/test_migrations_squashed_loop/2_squashed.py,7,5,1,0,1
tests/migrations/test_migrations_squashed_loop/1_auto.py,5,3,1,0,1
tests/migrations/test_migrations_squashed_complex_multi_apps/__init__.py,0,0,1,0,0
tests/migrations/test_migrations_squashed_complex_multi_apps/app2/1_squashed_2.py,12,8,1,0,1
tests/migrations/test_migrations_squashed_complex_multi_apps/app2/__init__.py,0,0,1,0,0
tests/migrations/test_migrations_squashed_complex_multi_apps/app2/2_auto.py,7,4,1,0,1
tests/migrations/test_migrations_squashed_complex_multi_apps/app2/1_auto.py,7,4,1,0,1
tests/migrations/test_migrations_squashed_complex_multi_apps/app1/4_auto.py,7,4,1,0,1
tests/migrations/test_migrations_squashed_complex_multi_apps/app1/2_squashed_3.py,12,8,1,0,1
tests/migrations/test_migrations_squashed_complex_multi_apps/app1/__init__.py,0,0,1,0,0
tests/migrations/test_migrations_squashed_complex_multi_apps/app1/3_auto.py,7,4,1,0,1
tests/migrations/test_migrations_squashed_complex_multi_apps/app1/2_auto.py,7,4,1,0,1
tests/migrations/test_migrations_squashed_complex_multi_apps/app1/1_auto.py,5,3,1,0,1
tests/migrations/faulty_migrations/__init__.py,0,0,1,0,0
tests/migrations/faulty_migrations/file.py,0,0,1,0,0
tests/migrations/faulty_migrations/namespace/foo/__init__.py,0,0,1,0,0
tests/migrations/test_migrations_no_changes/0002_second.py,23,20,1,0,1
tests/migrations/test_migrations_no_changes/__init__.py,0,0,1,0,0
tests/migrations/test_migrations_no_changes/0001_initial.py,23,21,1,0,1
tests/migrations/test_migrations_no_changes/0003_third.py,48,45,1,0,1
tests/migrations/test_migrations_conflict_long_name/0002_second.py,14,11,1,0,1
tests/migrations/test_migrations_conflict_long_name/__init__.py,0,0,1,0,0
tests/migrations/test_migrations_conflict_long_name/0001_initial.py,14,11,1,0,1
tests/migrations/test_migrations_conflict_long_name/0002_conflicting_second_migration_with_long_name.py,14,11,1,0,1
tests/migrations/test_migrations_backwards_deps_1/0002_second.py,6,4,1,0,1
tests/migrations/test_migrations_backwards_deps_1/0001_initial.py,5,3,1,0,1
tests/migrations/test_migrations_no_default/__init__.py,0,0,1,0,0
tests/migrations/test_migrations_no_default/0001_initial.py,25,22,1,0,1
tests/migrate_signals/models.py,2,0,2,0,0
tests/migrate_signals/__init__.py,0,0,1,0,0
tests/migrate_signals/tests.py,169,131,14,7,6
tests/migrate_signals/custom_migrations/__init__.py,0,0,1,0,0
tests/migrate_signals/custom_migrations/0001_initial.py,12,10,1,0,1
tests/m2m_multiple/models.py,37,20,2,2,1
tests/m2m_multiple/__init__.py,0,0,1,0,0
tests/m2m_multiple/tests.py,83,76,2,1,3
tests/bulk_create/models.py,159,113,3,0,7
tests/bulk_create/__init__.py,0,0,1,0,0
tests/bulk_create/tests.py,917,804,46,62,11
tests/filtered_relation/models.py,121,101,5,0,3
tests/filtered_relation/__init__.py,0,0,1,0,0
tests/filtered_relation/tests.py,1183,1094,15,66,10
tests/m2m_through_regress/models.py,90,55,1,5,2
tests/m2m_through_regress/__init__.py,0,0,1,0,0
tests/m2m_through_regress/tests.py,239,165,10,24,5
tests/m2m_through_regress/test_multitable.py,61,52,3,7,2
tests/select_related/models.py,86,45,5,0,3
tests/select_related/__init__.py,0,0,1,0,0
tests/select_related/tests.py,284,88,26,22,3
tests/admin_default_site/__init__.py,0,0,1,0,0
tests/admin_default_site/apps.py,6,4,1,0,1
tests/admin_default_site/sites.py,5,3,1,0,1
tests/admin_default_site/tests.py,44,32,1,6,4
tests/tasks/test_custom_backend.py,70,57,2,7,7
tests/tasks/tasks.py,78,45,3,13,2
tests/tasks/__init__.py,0,0,1,0,0
tests/tasks/test_tasks.py,314,243,6,27,11
tests/tasks/test_immediate_backend.py,295,247,11,14,7
tests/tasks/test_dummy_backend.py,207,162,5,13,9
tests/no_models/__init__.py,0,0,1,0,0
tests/no_models/tests.py,9,4,1,1,2
tests/dates/models.py,21,14,1,0,2
tests/dates/__init__.py,0,0,1,0,0
tests/dates/tests.py,142,129,7,7,6
tests/distinct_on_fields/models.py,54,39,1,4,1
tests/distinct_on_fields/__init__.py,0,0,1,0,0
tests/distinct_on_fields/tests.py,180,31,4,8,6
tests/get_earliest_or_latest/models.py,38,18,2,1,1
tests/get_earliest_or_latest/__init__.py,0,0,1,0,0
tests/get_earliest_or_latest/tests.py,267,6,12,12,4
tests/sessions_tests/no_clear_expired.py,7,2,2,0,1
tests/sessions_tests/models.py,46,22,4,4,3
tests/sessions_tests/__init__.py,0,0,1,0,0
tests/sessions_tests/tests.py,1375,772,32,98,30
tests/proxy_model_inheritance/models.py,19,11,1,0,1
tests/proxy_model_inheritance/__init__.py,0,0,1,0,0
tests/proxy_model_inheritance/tests.py,54,33,3,3,7
tests/proxy_model_inheritance/app2/models.py,5,3,1,0,1
tests/proxy_model_inheritance/app2/__init__.py,0,0,1,0,0
tests/proxy_model_inheritance/app1/models.py,6,4,1,0,1
tests/proxy_model_inheritance/app1/__init__.py,0,0,1,0,0
tests/foreign_object/test_forms.py,30,21,1,1,4
tests/foreign_object/test_tuple_lookups.py,527,484,19,24,6
tests/foreign_object/__init__.py,0,0,1,0,0
tests/foreign_object/test_empty_join.py,48,38,6,3,2
tests/foreign_object/test_agnostic_order_trimjoin.py,27,21,2,3,3
tests/foreign_object/tests.py,800,626,29,42,10
tests/foreign_object/models/person.py,112,81,2,4,2
tests/foreign_object/models/empty_join.py,119,80,6,11,4
tests/foreign_object/models/__init__.py,22,21,1,0,4
tests/foreign_object/models/customers.py,60,48,1,0,1
tests/foreign_object/models/article.py,110,76,6,8,3
tests/generic_inline_admin/models.py,61,37,2,1,3
tests/generic_inline_admin/__init__.py,0,0,1,0,0
tests/generic_inline_admin/admin.py,31,19,1,0,3
tests/generic_inline_admin/tests.py,481,341,11,32,13
tests/generic_inline_admin/urls.py,7,5,1,0,2
tests/custom_methods/models.py,41,15,3,4,3
tests/custom_methods/__init__.py,0,0,1,0,0
tests/custom_methods/tests.py,46,40,1,1,3
tests/model_formsets_regress/models.py,57,36,1,1,1
tests/model_formsets_regress/__init__.py,0,0,1,0,0
tests/model_formsets_regress/tests.py,587,264,38,28,6
tests/signing/__init__.py,0,0,1,0,0
tests/signing/tests.py,241,198,15,19,5
tests/middleware_exceptions/__init__.py,0,0,1,0,0
tests/middleware_exceptions/tests.py,416,358,4,28,5
tests/middleware_exceptions/urls.py,16,13,1,0,2
tests/middleware_exceptions/middleware.py,145,94,4,15,5
tests/middleware_exceptions/views.py,39,25,3,6,4
tests/admin_filters/models.py,101,82,2,5,4
tests/admin_filters/__init__.py,0,0,1,0,0
tests/admin_filters/tests.py,2056,859,64,78,12
tests/raw_query/models.py,47,29,6,1,1
tests/raw_query/__init__.py,0,0,1,0,0
tests/raw_query/tests.py,416,244,30,35,6
tests/model_regress/models.py,62,37,1,1,1
tests/model_regress/test_pickle.py,68,44,3,6,4
tests/model_regress/__init__.py,0,0,1,0,0
tests/model_regress/test_state.py,7,5,1,1,2
tests/model_regress/tests.py,283,203,19,19,10
tests/template_tests/test_parser.py,242,192,15,14,4
tests/template_tests/test_library.py,206,149,1,51,4
tests/template_tests/test_extends.py,197,165,4,10,4
tests/template_tests/test_engine.py,142,116,1,11,6
tests/template_tests/test_response.py,415,316,13,36,8
tests/template_tests/test_logging.py,66,52,5,8,3
tests/template_tests/test_smartif.py,56,34,11,6,2
tests/template_tests/test_origin.py,32,23,1,4,4
tests/template_tests/alternate_urls.py,10,6,1,0,2
tests/template_tests/__init__.py,0,0,1,0,0
tests/template_tests/test_partials.py,604,185,13,32,9
tests/template_tests/test_loaders.py,277,122,8,28,10
tests/template_tests/broken_tag.py,1,1,1,0,1
tests/template_tests/test_autoreloader.py,168,149,1,15,5
tests/template_tests/utils.py,188,115,8,23,5
tests/template_tests/test_extends_relative.py,114,93,1,15,4
tests/template_tests/test_custom.py,911,820,32,42,10
tests/template_tests/test_context.py,324,198,5,26,6
tests/template_tests/tests.py,230,100,18,17,6
tests/template_tests/urls.py,30,23,3,0,2
tests/template_tests/test_base.py,83,59,8,9,4
tests/template_tests/annotated_tag_function.py,8,5,1,1,1
tests/template_tests/test_nodelist.py,89,75,16,6,3
tests/template_tests/test_callables.py,184,117,3,21,3
tests/template_tests/views.py,27,14,2,6,2
tests/template_tests/templatetags/custom.py,399,88,12,50,5
tests/template_tests/templatetags/tag_27584.py,15,10,1,2,1
tests/template_tests/templatetags/__init__.py,0,0,1,0,0
tests/template_tests/templatetags/testtags.py,24,14,1,4,1
tests/template_tests/templatetags/bad_tag.py,13,8,1,2,1
tests/template_tests/templatetags/inclusion.py,301,109,7,25,1
tests/template_tests/templatetags/subpackage/__init__.py,0,0,1,0,0
tests/template_tests/templatetags/subpackage/echo.py,8,5,1,1,1
tests/template_tests/syntax_tests/test_comment.py,95,76,3,17,2
tests/template_tests/syntax_tests/test_firstof.py,90,72,3,16,3
tests/template_tests/syntax_tests/test_builtins.py,20,15,1,3,2
tests/template_tests/syntax_tests/test_extends.py,464,291,16,46,5
tests/template_tests/syntax_tests/test_width_ratio.py,168,123,2,26,3
tests/template_tests/syntax_tests/test_basic.py,431,287,25,50,7
tests/template_tests/syntax_tests/test_setup.py,29,20,1,2,2
tests/template_tests/syntax_tests/test_with.py,68,56,3,8,4
tests/template_tests/syntax_tests/test_debug.py,45,38,1,5,3
tests/template_tests/syntax_tests/test_list_index.py,80,46,6,7,2
tests/template_tests/syntax_tests/test_now.py,98,80,1,8,5
tests/template_tests/syntax_tests/test_multiline.py,19,9,1,1,2
tests/template_tests/syntax_tests/test_autoescape.py,174,131,8,18,4
tests/template_tests/syntax_tests/test_static.py,122,105,1,12,6
tests/template_tests/syntax_tests/test_simple_tag.py,23,17,1,3,3
tests/template_tests/syntax_tests/test_filter_syntax.py,250,136,15,26,3
tests/template_tests/syntax_tests/test_if_changed.py,367,284,52,24,3
tests/template_tests/syntax_tests/test_spaceless.py,65,57,1,6,2
tests/template_tests/syntax_tests/test_lorem.py,41,33,3,6,4
tests/template_tests/syntax_tests/test_exceptions.py,77,53,8,6,4
tests/template_tests/syntax_tests/__init__.py,0,0,1,0,0
tests/template_tests/syntax_tests/test_invalid_string.py,68,57,9,8,2
tests/template_tests/syntax_tests/test_partials.py,652,589,19,25,5
tests/template_tests/syntax_tests/test_regroup.py,158,135,23,9,4
tests/template_tests/syntax_tests/test_resetcycle.py,134,121,22,11,3
tests/template_tests/syntax_tests/test_filter_tag.py,46,36,1,8,3
tests/template_tests/syntax_tests/test_for.py,390,343,56,34,4
tests/template_tests/syntax_tests/test_verbatim.py,55,47,3,6,3
tests/template_tests/syntax_tests/test_querystring.py,216,184,12,26,5
tests/template_tests/syntax_tests/test_include.py,406,306,15,37,5
tests/template_tests/syntax_tests/test_cycle.py,230,196,17,25,3
tests/template_tests/syntax_tests/test_url.py,308,253,1,48,5
tests/template_tests/syntax_tests/test_if.py,717,520,121,115,4
tests/template_tests/syntax_tests/test_template_tag.py,68,54,1,12,3
tests/template_tests/syntax_tests/test_named_endblock.py,82,68,3,7,3
tests/template_tests/syntax_tests/test_load.py,101,85,4,11,3
tests/template_tests/syntax_tests/test_numpy.py,39,26,3,2,4
tests/template_tests/syntax_tests/test_cache.py,218,134,5,20,4
tests/template_tests/syntax_tests/i18n/test_blocktranslate.py,895,695,20,53,13
tests/template_tests/syntax_tests/i18n/__init__.py,0,0,1,0,0
tests/template_tests/syntax_tests/i18n/test_get_available_languages.py,28,23,3,2,3
tests/template_tests/syntax_tests/i18n/test_get_language_info.py,55,46,5,4,4
tests/template_tests/syntax_tests/i18n/test_get_current_language.py,17,13,1,1,3
tests/template_tests/syntax_tests/i18n/test_translate.py,316,146,10,30,11
tests/template_tests/syntax_tests/i18n/test_get_language_info_list.py,73,66,12,4,4
tests/template_tests/syntax_tests/i18n/test_get_current_language_bidi.py,17,13,1,1,3
tests/template_tests/syntax_tests/i18n/test_filters.py,61,53,4,3,3
tests/template_tests/syntax_tests/i18n/test_underscore_syntax.py,113,55,2,14,5
tests/template_tests/syntax_tests/i18n/test_language.py,15,11,1,1,3
tests/template_tests/syntax_tests/i18n/base.py,22,13,2,1,4
tests/template_tests/filter_tests/test_capfirst.py,33,27,1,3,4
tests/template_tests/filter_tests/test_pluralize.py,64,49,2,11,4
tests/template_tests/filter_tests/test_lower.py,39,30,2,5,4
tests/template_tests/filter_tests/timezone_utils.py,18,15,1,1,3
tests/template_tests/filter_tests/test_filesizeformat.py,62,58,4,3,3
tests/template_tests/filter_tests/test_urlize.py,525,429,21,40,8
tests/template_tests/filter_tests/test_first.py,38,30,1,5,4
tests/template_tests/filter_tests/test_slugify.py,63,49,3,6,5
tests/template_tests/filter_tests/test_safe.py,15,11,1,2,2
tests/template_tests/filter_tests/test_cut.py,85,70,1,10,4
tests/template_tests/filter_tests/test_iriencode.py,49,36,1,6,4
tests/template_tests/filter_tests/test_yesno.py,41,29,1,9,3
tests/template_tests/filter_tests/test_autoescape.py,49,39,1,4,2
tests/template_tests/filter_tests/test_linenumbers.py,65,50,1,7,4
tests/template_tests/filter_tests/test_time.py,67,49,2,10,6
tests/template_tests/filter_tests/test_rjust.py,39,31,1,5,4
tests/template_tests/filter_tests/test_addslashes.py,42,34,3,5,4
tests/template_tests/filter_tests/test_force_escape.py,92,72,2,10,4
tests/template_tests/filter_tests/test_linebreaksbr.py,59,43,1,8,4
tests/template_tests/filter_tests/test_timeuntil.py,144,116,3,19,6
tests/template_tests/filter_tests/test_escapeseq.py,59,48,3,4,3
tests/template_tests/filter_tests/test_truncatechars_html.py,48,40,1,7,2
tests/template_tests/filter_tests/test_join.py,97,79,1,14,4
tests/template_tests/filter_tests/test_truncatewords_html.py,60,51,1,8,2
tests/template_tests/filter_tests/test_truncatechars.py,29,23,1,4,2
tests/template_tests/filter_tests/test_dictsortreversed.py,59,42,3,5,2
tests/template_tests/filter_tests/__init__.py,0,0,1,0,0
tests/template_tests/filter_tests/test_add.py,71,53,2,10,5
tests/template_tests/filter_tests/test_ljust.py,40,32,1,5,4
tests/template_tests/filter_tests/test_title.py,27,19,1,5,3
tests/template_tests/filter_tests/test_truncatewords.py,56,46,1,7,4
tests/template_tests/filter_tests/test_safeseq.py,22,18,1,2,2
tests/template_tests/filter_tests/test_default_if_none.py,13,9,1,3,2
tests/template_tests/filter_tests/test_phone2numeric.py,45,38,1,4,4
tests/template_tests/filter_tests/test_divisibleby.py,10,7,1,2,2
tests/template_tests/filter_tests/test_wordwrap.py,132,119,3,10,5
tests/template_tests/filter_tests/test_last.py,27,22,1,3,3
tests/template_tests/filter_tests/test_escape.py,54,40,2,6,5
tests/template_tests/filter_tests/test_striptags.py,62,54,1,5,5
tests/template_tests/filter_tests/test_default.py,64,43,1,9,4
tests/template_tests/filter_tests/test_urlencode.py,24,17,1,4,3
tests/template_tests/filter_tests/test_urlizetrunc.py,107,93,1,8,5
tests/template_tests/filter_tests/test_unordered_list.py,185,155,1,25,5
tests/template_tests/filter_tests/test_slice.py,58,44,1,11,4
tests/template_tests/filter_tests/test_length.py,58,44,2,10,4
tests/template_tests/filter_tests/test_upper.py,44,30,4,5,4
tests/template_tests/filter_tests/test_floatformat.py,221,188,5,15,7
tests/template_tests/filter_tests/test_chaining.py,128,104,1,14,3
tests/template_tests/filter_tests/test_stringformat.py,51,39,1,4,4
tests/template_tests/filter_tests/test_escapejs.py,70,59,9,8,4
tests/template_tests/filter_tests/test_get_digit.py,14,11,1,2,2
tests/template_tests/filter_tests/test_date.py,90,17,1,14,6
tests/template_tests/filter_tests/test_center.py,48,38,2,7,4
tests/template_tests/filter_tests/test_json_script.py,23,19,1,2,2
tests/template_tests/filter_tests/test_linebreaks.py,72,54,1,10,5
tests/template_tests/filter_tests/test_make_list.py,47,33,1,6,4
tests/template_tests/filter_tests/test_dictsort.py,124,18,6,9,2
tests/template_tests/filter_tests/test_timesince.py,178,140,5,23,6
tests/template_tests/filter_tests/test_wordcount.py,42,33,1,6,4
tests/template_tests/filter_tests/test_random.py,31,26,1,3,3
tests/db_functions/models.py,57,39,3,0,1
tests/db_functions/__init__.py,0,0,1,0,0
tests/db_functions/tests.py,78,68,1,4,6
tests/db_functions/migrations/0002_create_test_models.py,91,88,1,0,1
tests/db_functions/migrations/__init__.py,0,0,1,0,0
tests/db_functions/migrations/0001_setup_extensions.py,13,8,3,0,3
tests/db_functions/datetime/test_now.py,65,59,3,2,7
tests/db_functions/datetime/__init__.py,0,0,1,0,0
tests/db_functions/datetime/test_extract_trunc.py,1950,1814,81,64,9
tests/db_functions/math/test_sqrt.py,57,49,1,5,7
tests/db_functions/math/test_cos.py,53,45,1,5,7
tests/db_functions/math/test_tan.py,53,45,1,5,7
tests/db_functions/math/test_round.py,133,116,3,14,8
tests/db_functions/math/test_abs.py,52,44,1,5,6
tests/db_functions/math/test_ceil.py,57,49,1,5,7
tests/db_functions/math/test_pi.py,14,10,1,1,4
tests/db_functions/math/test_power.py,45,38,1,4,4
tests/db_functions/math/__init__.py,0,0,1,0,0
tests/db_functions/math/test_degrees.py,57,49,1,5,7
tests/db_functions/math/test_ln.py,53,45,1,5,7
tests/db_functions/math/test_log.py,46,39,1,4,5
tests/db_functions/math/test_asin.py,57,49,1,5,7
tests/db_functions/math/test_exp.py,53,45,1,5,7
tests/db_functions/math/test_mod.py,44,37,1,4,5
tests/db_functions/math/test_sin.py,53,45,1,5,7
tests/db_functions/math/test_radians.py,57,49,1,5,7
tests/db_functions/math/test_atan2.py,43,36,1,4,5
tests/db_functions/math/test_atan.py,57,49,1,5,7
tests/db_functions/math/test_acos.py,57,49,1,5,7
tests/db_functions/math/test_cot.py,53,45,1,5,7
tests/db_functions/math/test_floor.py,57,49,1,5,7
tests/db_functions/math/test_sign.py,56,48,1,5,6
tests/db_functions/math/test_random.py,13,10,1,1,3
tests/db_functions/json/test_json_object.py,114,101,1,10,7
tests/db_functions/json/test_json_array.py,177,157,2,15,8
tests/db_functions/json/__init__.py,0,0,1,0,0
tests/db_functions/window/test_validation.py,39,31,4,7,2
tests/db_functions/window/__init__.py,0,0,1,0,0
tests/db_functions/comparison/test_collate.py,52,45,5,5,5
tests/db_functions/comparison/test_coalesce.py,77,67,6,5,5
tests/db_functions/comparison/test_cast.py,189,163,6,18,8
tests/db_functions/comparison/test_nullif.py,54,46,4,5,6
tests/db_functions/comparison/__init__.py,0,0,1,0,0
tests/db_functions/comparison/test_greatest.py,101,88,4,10,9
tests/db_functions/comparison/test_least.py,95,82,4,10,9
tests/db_functions/text/test_lower.py,40,35,1,3,5
tests/db_functions/text/test_strindex.py,74,67,1,5,5
tests/db_functions/text/test_chr.py,49,42,1,5,5
tests/db_functions/text/test_repeat.py,35,31,4,2,5
tests/db_functions/text/test_left.py,35,28,1,4,4
tests/db_functions/text/test_sha224.py,63,56,3,4,7
tests/db_functions/text/test_trim.py,41,37,2,2,5
tests/db_functions/text/test_reverse.py,65,58,4,5,6
tests/db_functions/text/__init__.py,0,0,1,0,0
tests/db_functions/text/test_sha1.py,51,46,2,3,6
tests/db_functions/text/test_sha512.py,60,55,2,3,6
tests/db_functions/text/test_md5.py,51,46,2,3,6
tests/db_functions/text/test_concat.py,123,106,7,8,8
tests/db_functions/text/test_ord.py,33,28,1,3,5
tests/db_functions/text/test_length.py,46,41,1,3,5
tests/db_functions/text/test_upper.py,43,39,1,2,5
tests/db_functions/text/test_pad.py,58,51,5,3,5
tests/db_functions/text/test_sha384.py,59,54,2,3,6
tests/db_functions/text/test_replace.py,83,74,1,6,4
tests/db_functions/text/test_sha256.py,53,48,2,3,6
tests/db_functions/text/test_right.py,51,43,2,5,5
tests/db_functions/text/test_substr.py,48,40,1,4,4
tests/m2m_recursive/models.py,35,12,5,1,1
tests/m2m_recursive/__init__.py,0,0,1,0,0
tests/m2m_recursive/tests.py,133,103,13,14,3
tests/generic_relations_regress/models.py,207,133,2,5,3
tests/generic_relations_regress/__init__.py,0,0,1,0,0
tests/generic_relations_regress/tests.py,347,136,17,28,5
tests/cache/tests_async.py,190,90,8,3,4
tests/cache/models.py,13,9,1,1,2
tests/cache/failing_cache.py,10,6,1,1,1
tests/cache/__init__.py,0,0,1,0,0
tests/cache/closeable_cache.py,12,7,1,1,1
tests/cache/liberal_backend.py,10,6,1,1,1
tests/cache/tests.py,3025,1103,129,228,37
tests/field_subclassing/fields.py,26,18,1,4,2
tests/field_subclassing/__init__.py,0,0,1,0,0
tests/field_subclassing/tests.py,33,26,1,2,3
tests/custom_lookups/models.py,20,13,2,1,1
tests/custom_lookups/__init__.py,0,0,1,0,0
tests/custom_lookups/tests.py,776,592,29,67,12
tests/empty/models.py,12,3,2,0,1
tests/empty/__init__.py,0,0,1,0,0
tests/empty/tests.py,15,12,1,1,2
tests/empty/no_models/__init__.py,0,0,1,0,0
tests/defer/models.py,68,37,5,2,1
tests/defer/__init__.py,0,0,1,0,0
tests/defer/tests.py,364,277,10,40,3
tests/update/models.py,56,31,2,0,1
tests/update/__init__.py,0,0,1,0,0
tests/update/tests.py,378,223,16,37,8
tests/constraints/models.py,177,144,4,0,2
tests/constraints/__init__.py,0,0,1,0,0
tests/constraints/tests.py,1492,1323,17,109,10
tests/delete/models.py,243,163,3,2,3
tests/delete/__init__.py,0,0,1,0,0
tests/delete/tests.py,811,628,36,68,7
tests/requests_tests/test_data_upload_settings.py,270,233,1,28,5
tests/requests_tests/test_accept_header.py,409,145,22,23,3
tests/requests_tests/__init__.py,0,0,1,0,0
tests/requests_tests/tests.py,1536,1287,45,72,13
tests/select_related_regress/models.py,144,78,3,2,1
tests/select_related_regress/__init__.py,0,0,1,0,0
tests/select_related_regress/tests.py,258,88,18,9,2
tests/admin_changelist/test_date_hierarchy.py,97,85,5,6,8
tests/admin_changelist/models.py,142,80,2,5,3
tests/admin_changelist/__init__.py,0,0,1,0,0
tests/admin_changelist/admin.py,225,141,8,14,5
tests/admin_changelist/tests.py,2307,1173,123,101,37
tests/admin_changelist/urls.py,7,5,1,0,2
tests/model_inheritance/models.py,215,107,6,2,1
tests/model_inheritance/__init__.py,0,0,1,0,0
tests/model_inheritance/tests.py,679,153,29,50,7
tests/model_inheritance/test_abstract_inheritance.py,476,348,11,18,7
tests/generic_relations/test_forms.py,368,108,6,16,7
tests/generic_relations/models.py,152,6,5,6,3
tests/generic_relations/__init__.py,0,0,1,0,0
tests/generic_relations/tests.py,862,639,11,61,6
tests/resolve_url/models.py,12,5,2,1,1
tests/resolve_url/__init__.py,0,0,1,0,0
tests/resolve_url/tests.py,82,35,2,9,5
tests/resolve_url/urls.py,10,6,1,1,1
tests/decorators/test_csrf.py,193,147,2,21,5
tests/decorators/test_common.py,37,27,1,5,4
tests/decorators/test_gzip.py,46,34,1,5,4
tests/decorators/test_csp.py,95,74,2,10,6
tests/decorators/__init__.py,0,0,1,0,0
tests/decorators/test_vary.py,69,50,1,10,4
tests/decorators/test_http.py,206,168,1,19,5
tests/decorators/tests.py,699,219,27,77,14
tests/decorators/test_clickjacking.py,125,86,3,15,5
tests/decorators/test_cache.py,230,10,1,26,6
tests/model_utils/__init__.py,0,0,1,0,0
tests/model_utils/tests.py,10,8,1,1,2
tests/context_processors/models.py,5,3,1,0,1
tests/context_processors/__init__.py,0,0,1,0,0
tests/context_processors/tests.py,161,116,8,9,2
tests/context_processors/urls.py,9,7,1,0,2
tests/context_processors/views.py,19,12,1,3,2
tests/urlpatterns_reverse/included_no_kwargs_urls.py,7,5,1,0,2
tests/urlpatterns_reverse/no_urls.py,0,0,1,0,0
tests/urlpatterns_reverse/included_namespace_urls.py,39,36,1,0,3
tests/urlpatterns_reverse/included_urls.py,9,7,1,0,2
tests/urlpatterns_reverse/extra_urls.py,14,8,1,0,2
tests/urlpatterns_reverse/urls_without_handlers.py,9,6,1,0,2
tests/urlpatterns_reverse/included_named_urls2.py,9,7,1,0,2
tests/urlpatterns_reverse/included_urls2.py,15,6,2,0,2
tests/urlpatterns_reverse/included_app_urls.py,25,23,1,0,2
tests/urlpatterns_reverse/__init__.py,0,0,1,0,0
tests/urlpatterns_reverse/test_localeregexdescriptor.py,62,39,4,6,7
tests/urlpatterns_reverse/urls_error_handlers.py,8,5,1,0,0
tests/urlpatterns_reverse/urlconf_inner.py,16,12,1,1,3
tests/urlpatterns_reverse/utils.py,27,21,1,3,2
tests/urlpatterns_reverse/named_urls.py,10,8,1,0,2
tests/urlpatterns_reverse/included_named_urls.py,10,8,1,0,2
tests/urlpatterns_reverse/method_view_urls.py,19,12,1,2,1
tests/urlpatterns_reverse/named_urls_conflict.py,25,20,1,0,2
tests/urlpatterns_reverse/reverse_lazy_urls.py,10,8,1,0,2
tests/urlpatterns_reverse/urls_error_handlers_callables.py,10,6,1,0,1
tests/urlpatterns_reverse/namespace_urls.py,87,82,1,0,3
tests/urlpatterns_reverse/urlconf_outer.py,8,6,1,0,2
tests/urlpatterns_reverse/erroneous_urls.py,7,5,1,0,2
tests/urlpatterns_reverse/tests.py,1879,1149,76,115,22
tests/urlpatterns_reverse/nonimported_module.py,3,1,1,1,0
tests/urlpatterns_reverse/urls.py,142,134,2,0,2
tests/urlpatterns_reverse/views_broken.py,2,1,2,0,0
tests/urlpatterns_reverse/middleware.py,41,26,1,8,4
tests/urlpatterns_reverse/nested_urls.py,28,19,1,2,2
tests/urlpatterns_reverse/views.py,75,45,3,10,6
tests/urlpatterns_reverse/translations/__init__.py,0,0,1,0,0
tests/urlpatterns_reverse/translations/locale/__init__.py,0,0,1,0,0
tests/urlpatterns_reverse/translations/locale/de/__init__.py,0,0,1,0,0
tests/urlpatterns_reverse/translations/locale/fr/__init__.py,0,0,1,0,0
tests/test_utils/test_simpletestcase.py,147,40,5,14,5
tests/test_utils/models.py,18,12,1,0,1
tests/test_utils/test_transactiontestcase.py,83,53,6,7,5
tests/test_utils/test_serializemixin.py,22,15,1,2,2
tests/test_utils/__init__.py,0,0,1,0,0
tests/test_utils/test_testcase.py,170,57,6,19,6
tests/test_utils/tests.py,2388,868,49,229,27
tests/test_utils/urls.py,10,8,1,0,2
tests/test_utils/views.py,19,12,1,3,4
tests/file_uploads/models.py,5,3,1,0,1
tests/file_uploads/__init__.py,0,0,1,0,0
tests/file_uploads/uploadhandler.py,91,23,3,9,4
tests/file_uploads/tests.py,979,536,34,46,19
tests/file_uploads/urls.py,21,19,1,0,2
tests/file_uploads/views.py,186,114,19,16,8
tests/get_object_or_404/models.py,35,15,3,2,1
tests/get_object_or_404/__init__.py,0,0,1,0,0
tests/get_object_or_404/tests.py,124,80,12,4,5
tests/mail/custombackend.py,20,0,3,3,1
tests/mail/__init__.py,0,0,1,0,0
tests/mail/test_deprecated.py,122,85,6,7,7
tests/mail/test_sendtestemail.py,109,76,5,6,3
tests/mail/tests.py,3258,910,166,203,43
tests/shell/models.py,9,5,1,0,1
tests/shell/__init__.py,0,0,1,0,0
tests/shell/tests.py,525,454,19,37,46
tests/null_fk_ordering/models.py,45,21,3,0,1
tests/null_fk_ordering/__init__.py,0,0,1,0,0
tests/null_fk_ordering/tests.py,43,25,4,1,2
tests/fixtures_model_package/__init__.py,0,0,1,0,0
tests/fixtures_model_package/tests.py,65,52,1,2,4
tests/fixtures_model_package/models/__init__.py,13,9,1,1,1
tests/forms_tests/models.py,140,62,4,6,5
tests/forms_tests/__init__.py,0,0,1,0,0
tests/forms_tests/urls.py,8,6,1,0,2
tests/forms_tests/views.py,29,20,1,1,5
tests/forms_tests/templatetags/tags.py,21,15,3,2,1
tests/forms_tests/templatetags/__init__.py,0,0,1,0,0
tests/forms_tests/field_tests/test_urlfield.py,145,123,4,9,4
tests/forms_tests/field_tests/test_charfield.py,161,97,9,14,4
tests/forms_tests/field_tests/test_splitdatetimefield.py,94,87,1,4,5
tests/forms_tests/field_tests/test_typedchoicefield.py,92,64,3,9,4
tests/forms_tests/field_tests/test_emailfield.py,77,67,4,6,4
tests/forms_tests/field_tests/test_uuidfield.py,32,25,1,5,4
tests/forms_tests/field_tests/test_combofield.py,37,34,1,2,3
tests/forms_tests/field_tests/test_multiplechoicefield.py,78,72,1,5,3
tests/forms_tests/field_tests/test_filepathfield.py,113,97,5,11,4
tests/forms_tests/field_tests/test_floatfield.py,163,138,4,11,9
tests/forms_tests/field_tests/test_multivaluefield.py,224,157,6,19,4
tests/forms_tests/field_tests/__init__.py,9,6,1,1,1
tests/forms_tests/field_tests/test_slugfield.py,26,22,1,3,2
tests/forms_tests/field_tests/test_integerfield.py,188,165,7,12,4
tests/forms_tests/field_tests/test_typedmultiplechoicefield.py,88,60,3,10,4
tests/forms_tests/field_tests/test_filefield.py,187,152,9,11,8
tests/forms_tests/field_tests/test_datetimefield.py,128,118,4,5,5
tests/forms_tests/field_tests/test_choicefield.py,150,126,4,18,5
tests/forms_tests/field_tests/test_jsonfield.py,138,45,4,15,5
tests/forms_tests/field_tests/test_datefield.py,220,170,6,11,6
tests/forms_tests/field_tests/test_nullbooleanfield.py,81,65,4,5,3
tests/forms_tests/field_tests/test_booleanfield.py,65,54,2,5,4
tests/forms_tests/field_tests/test_decimalfield.py,235,210,5,14,6
tests/forms_tests/field_tests/test_genericipaddressfield.py,220,204,11,8,4
tests/forms_tests/field_tests/test_regexfield.py,89,78,1,9,4
tests/forms_tests/field_tests/test_timefield.py,45,37,2,4,5
tests/forms_tests/field_tests/test_imagefield.py,112,86,4,8,9
tests/forms_tests/field_tests/test_base.py,41,31,1,6,2
tests/forms_tests/field_tests/test_durationfield.py,78,68,2,7,7
tests/forms_tests/field_tests/filepathfield_test_dir/ab.py,0,0,1,0,0
tests/forms_tests/field_tests/filepathfield_test_dir/a.py,0,0,1,0,0
tests/forms_tests/field_tests/filepathfield_test_dir/__init__.py,0,0,1,0,0
tests/forms_tests/field_tests/filepathfield_test_dir/b.py,0,0,1,0,0
tests/forms_tests/field_tests/filepathfield_test_dir/h/__init__.py,0,0,1,0,0
tests/forms_tests/field_tests/filepathfield_test_dir/j/__init__.py,0,0,1,0,0
tests/forms_tests/field_tests/filepathfield_test_dir/c/e.py,0,0,1,0,0
tests/forms_tests/field_tests/filepathfield_test_dir/c/__init__.py,0,0,1,0,0
tests/forms_tests/field_tests/filepathfield_test_dir/c/d.py,0,0,1,0,0
tests/forms_tests/field_tests/filepathfield_test_dir/c/f/__init__.py,0,0,1,0,0
tests/forms_tests/field_tests/filepathfield_test_dir/c/f/g.py,0,0,1,0,0
tests/forms_tests/tests/test_forms.py,5656,2498,204,205,17
tests/forms_tests/tests/test_utils.py,317,266,11,16,8
tests/forms_tests/tests/__init__.py,16,12,2,1,3
tests/forms_tests/tests/test_input_formats.py,1006,538,4,42,5
tests/forms_tests/tests/test_i18n.py,128,110,2,4,5
tests/forms_tests/tests/test_validators.py,176,155,9,7,7
tests/forms_tests/tests/test_media.py,907,523,14,41,5
tests/forms_tests/tests/test_widgets.py,25,17,1,1,5
tests/forms_tests/tests/test_error_messages.py,350,302,6,24,7
tests/forms_tests/tests/test_renderers.py,55,16,2,2,5
tests/forms_tests/tests/test_formsets.py,1968,828,95,103,12
tests/forms_tests/tests/tests.py,518,272,14,17,9
tests/forms_tests/widget_tests/test_selectdatewidget.py,754,277,12,15,8
tests/forms_tests/widget_tests/test_hiddeninput.py,31,22,1,3,2
tests/forms_tests/widget_tests/test_checkboxselectmultiple.py,277,113,2,12,5
tests/forms_tests/widget_tests/test_input.py,23,19,2,1,2
tests/forms_tests/widget_tests/test_dateinput.py,75,57,1,6,4
tests/forms_tests/widget_tests/test_select.py,461,155,9,21,5
tests/forms_tests/widget_tests/test_splithiddendatetimewidget.py,115,99,1,6,4
tests/forms_tests/widget_tests/test_textarea.py,78,67,1,7,3
tests/forms_tests/widget_tests/test_clearablefileinput.py,268,91,7,25,3
tests/forms_tests/widget_tests/test_checkboxinput.py,139,102,5,13,2
tests/forms_tests/widget_tests/__init__.py,0,0,1,0,0
tests/forms_tests/widget_tests/test_radioselect.py,515,227,7,20,5
tests/forms_tests/widget_tests/test_timeinput.py,82,33,1,6,4
tests/forms_tests/widget_tests/test_telinput.py,12,8,1,1,2
tests/forms_tests/widget_tests/test_colorinput.py,15,11,1,1,2
tests/forms_tests/widget_tests/test_splitdatetimewidget.py,119,102,2,8,3
tests/forms_tests/widget_tests/test_nullbooleanselect.py,172,65,1,11,3
tests/forms_tests/widget_tests/test_widget.py,33,27,1,4,3
tests/forms_tests/widget_tests/test_selectmultiple.py,210,101,2,11,2
tests/forms_tests/widget_tests/test_multiplehiddeninput.py,123,107,1,9,3
tests/forms_tests/widget_tests/test_choicewidget.py,84,54,1,7,3
tests/forms_tests/widget_tests/test_searchinput.py,12,8,1,1,2
tests/forms_tests/widget_tests/test_fileinput.py,94,73,3,7,4
tests/forms_tests/widget_tests/test_datetimeinput.py,77,61,1,5,4
tests/forms_tests/widget_tests/test_textinput.py,134,109,1,12,3
tests/forms_tests/widget_tests/base.py,40,31,8,2,3
tests/forms_tests/widget_tests/test_numberinput.py,32,26,1,2,3
tests/forms_tests/widget_tests/test_passwordinput.py,52,40,2,4,2
tests/forms_tests/widget_tests/test_multiwidget.py,329,263,10,21,4
tests/timezones/models.py,31,17,1,0,1
tests/timezones/__init__.py,0,0,1,0,0
tests/timezones/forms.py,28,17,1,0,2
tests/timezones/admin.py,16,9,1,0,2
tests/timezones/tests.py,1412,1169,43,96,22
tests/timezones/urls.py,7,5,1,0,2
tests/dispatch/__init__.py,0,0,1,0,0
tests/dispatch/tests.py,285,24,4,34,7
tests/inline_formsets/models.py,39,25,1,2,1
tests/inline_formsets/__init__.py,0,0,1,0,0
tests/inline_formsets/tests.py,252,183,12,15,3
tests/datatypes/models.py,24,14,3,0,1
tests/datatypes/__init__.py,0,0,1,0,0
tests/datatypes/tests.py,112,45,5,7,3
tests/backends/test_utils.py,140,0,6,10,4
tests/backends/models.py,172,115,2,11,3
tests/backends/test_ddl_references.py,340,288,6,43,8
tests/backends/__init__.py,0,0,1,0,0
tests/backends/tests.py,1011,484,74,64,16
tests/backends/postgresql/test_server_side_cursors.py,156,114,14,15,11
tests/backends/postgresql/test_operations.py,80,71,3,6,7
tests/backends/postgresql/__init__.py,0,0,1,0,0
tests/backends/postgresql/test_creation.py,123,100,14,11,10
tests/backends/postgresql/test_introspection.py,44,39,2,2,4
tests/backends/postgresql/test_compilation.py,50,42,4,5,6
tests/backends/postgresql/tests.py,616,474,27,43,22
tests/backends/oracle/test_operations.py,154,136,8,6,5
tests/backends/oracle/__init__.py,0,0,1,0,0
tests/backends/oracle/test_creation.py,111,84,10,9,6
tests/backends/oracle/test_introspection.py,86,77,2,4,4
tests/backends/oracle/tests.py,162,100,11,14,9
tests/backends/sqlite/test_features.py,31,27,3,2,4
tests/backends/sqlite/test_operations.py,141,130,3,6,6
tests/backends/sqlite/__init__.py,0,0,1,0,0
tests/backends/sqlite/test_creation.py,43,38,3,3,6
tests/backends/sqlite/test_introspection.py,202,168,14,11,4
tests/backends/sqlite/test_functions.py,23,19,1,3,2
tests/backends/sqlite/tests.py,324,221,22,22,16
tests/backends/mysql/test_features.py,48,38,3,3,4
tests/backends/mysql/test_operations.py,47,40,5,2,5
tests/backends/mysql/__init__.py,0,0,1,0,0
tests/backends/mysql/test_creation.py,138,120,9,9,9
tests/backends/mysql/test_schema.py,23,19,6,1,4
tests/backends/mysql/test_introspection.py,123,99,7,3,3
tests/backends/mysql/tests.py,117,99,12,10,6
tests/backends/base/test_features.py,7,5,1,1,2
tests/backends/base/test_operations.py,223,181,6,33,9
tests/backends/base/__init__.py,0,0,1,0,0
tests/backends/base/test_creation.py,353,190,10,18,10
tests/backends/base/test_schema.py,21,13,1,3,3
tests/backends/base/test_introspection.py,37,29,1,6,3
tests/backends/base/test_client.py,30,25,3,3,4
tests/backends/base/test_base.py,438,317,19,30,8
tests/backends/base/app_unmigrated/models.py,8,5,1,0,1
tests/backends/base/app_unmigrated/__init__.py,0,0,1,0,0
tests/backends/base/app_unmigrated/migrations/__init__.py,0,0,1,0,0
tests/backends/base/app_unmigrated/migrations/0001_initial.py,25,21,1,0,1
tests/inspectdb/models.py,163,117,2,0,3
tests/inspectdb/__init__.py,0,0,1,0,0
tests/inspectdb/tests.py,646,325,37,36,9
tests/conditional_processing/__init__.py,0,0,1,0,0
tests/conditional_processing/tests.py,275,220,7,26,2
tests/conditional_processing/urls.py,14,12,1,0,2
tests/conditional_processing/views.py,53,27,1,8,3
tests/signals/models.py,38,21,2,3,1
tests/signals/__init__.py,0,0,1,0,0
tests/signals/tests.py,647,514,7,47,10
tests/wsgi/__init__.py,0,0,1,0,0
tests/wsgi/tests.py,142,98,3,13,10
tests/wsgi/urls.py,19,13,1,2,2
tests/wsgi/wsgi.py,2,1,1,0,0
tests/migrations2/models.py,1,0,2,0,0
tests/migrations2/__init__.py,0,0,1,0,0
tests/migrations2/test_migrations_2_no_deps/__init__.py,0,0,1,0,0
tests/migrations2/test_migrations_2_no_deps/0001_initial.py,18,15,1,0,1
tests/migrations2/test_migrations_2_first/0002_second.py,16,13,1,0,1
tests/migrations2/test_migrations_2_first/__init__.py,0,0,1,0,0
tests/migrations2/test_migrations_2_first/0001_initial.py,20,17,1,0,1
tests/migrations2/test_migrations_2/__init__.py,0,0,1,0,0
tests/migrations2/test_migrations_2/0001_initial.py,18,15,1,0,1
tests/migrations2/test_migrations_2_squashed_with_replaces/0001_squashed_0002.py,30,27,1,0,1
tests/migrations2/test_migrations_2_squashed_with_replaces/__init__.py,0,0,1,0,0
tests/file_storage/test_inmemory_storage.py,290,169,6,25,8
tests/file_storage/test_generate_filename.py,249,20,12,21,6
tests/file_storage/models.py,84,57,3,7,5
tests/file_storage/__init__.py,0,0,1,0,0
tests/file_storage/tests.py,1269,800,72,92,27
tests/file_storage/urls.py,6,5,1,0,2
tests/file_storage/test_base.py,72,6,8,5,5
tests/view_tests/generic_urls.py,50,38,3,0,5
tests/view_tests/models.py,52,20,5,2,1
tests/view_tests/__init__.py,0,0,1,0,0
tests/view_tests/regression_21530_urls.py,7,5,1,0,2
tests/view_tests/urls.py,90,79,2,0,7
tests/view_tests/views.py,425,22,33,35,13
tests/view_tests/default_urls.py,7,5,1,0,2
tests/view_tests/templatetags/__init__.py,0,0,1,0,0
tests/view_tests/templatetags/debugtags.py,8,5,1,1,1
tests/view_tests/tests/test_csrf.py,146,31,13,9,6
tests/view_tests/tests/test_debug.py,2122,732,128,129,29
tests/view_tests/tests/test_static.py,217,33,7,21,14
tests/view_tests/tests/__init__.py,0,0,1,0,0
tests/view_tests/tests/test_specials.py,24,10,2,2,1
tests/view_tests/tests/test_i18n.py,577,393,34,36,14
tests/view_tests/tests/test_json.py,20,17,1,1,2
tests/view_tests/tests/test_defaults.py,208,19,14,10,8
tests/view_tests/app5/__init__.py,0,0,1,0,0
tests/view_tests/app2/__init__.py,0,0,1,0,0
tests/view_tests/app3/__init__.py,0,0,1,0,0
tests/view_tests/app4/__init__.py,0,0,1,0,0
tests/view_tests/app1/__init__.py,0,0,1,0,0
tests/view_tests/app0/__init__.py,0,0,1,0,0
tests/template_loader/__init__.py,0,0,1,0,0
tests/template_loader/tests.py,182,159,2,22,4
tests/save_delete_hooks/models.py,32,17,3,4,1
tests/save_delete_hooks/__init__.py,0,0,1,0,0
tests/save_delete_hooks/tests.py,37,32,1,1,2
tests/messages_tests/test_cookie.py,225,155,17,14,10
tests/messages_tests/test_middleware.py,16,10,1,1,3
tests/messages_tests/models.py,5,3,1,0,1
tests/messages_tests/test_session.py,63,43,4,7,7
tests/messages_tests/__init__.py,0,0,1,0,0
tests/messages_tests/test_mixins.py,25,20,2,2,5
tests/messages_tests/utils.py,14,2,1,3,1
tests/messages_tests/test_fallback.py,159,105,11,14,8
tests/messages_tests/test_api.py,63,45,2,8,3
tests/messages_tests/tests.py,203,177,4,12,11
tests/messages_tests/urls.py,91,19,9,4,10
tests/messages_tests/base.py,384,293,23,30,8
tests/admin_docs/test_utils.py,137,95,5,10,5
tests/admin_docs/test_middleware.py,60,54,1,4,4
tests/admin_docs/models.py,106,48,2,15,2
tests/admin_docs/__init__.py,0,0,1,0,0
tests/admin_docs/test_views.py,740,604,16,49,17
tests/admin_docs/namespace_urls.py,17,14,1,0,3
tests/admin_docs/tests.py,22,16,1,1,2
tests/admin_docs/urls.py,22,19,1,0,3
tests/admin_docs/views.py,29,16,2,4,4
tests/async/test_async_model_methods.py,36,29,1,1,2
tests/async/models.py,15,9,1,0,2
tests/async/test_async_queryset.py,259,209,21,2,8
tests/async/__init__.py,0,0,1,0,0
tests/async/test_async_shortcuts.py,58,49,5,1,5
tests/async/test_async_auth.py,129,110,1,1,4
tests/async/tests.py,146,24,13,9,11
tests/async/test_async_related_managers.py,112,94,1,1,2
tests/check_framework/test_security.py,733,128,37,72,8
tests/check_framework/test_database.py,58,50,8,3,5
tests/check_framework/test_multi_db.py,43,30,3,4,4
tests/check_framework/models.py,16,10,1,1,2
tests/check_framework/test_templates.py,215,190,4,18,8
tests/check_framework/__init__.py,0,0,1,0,0
tests/check_framework/test_async_checks.py,15,11,1,2,4
tests/check_framework/test_model_field_deprecation.py,99,85,6,4,4
tests/check_framework/test_caches.py,168,145,10,11,5
tests/check_framework/test_model_checks.py,411,342,3,18,5
tests/check_framework/test_files.py,32,28,3,2,4
tests/check_framework/test_4_0_compatibility.py,27,24,3,2,4
tests/check_framework/test_commands.py,25,22,5,1,4
tests/check_framework/tests.py,375,298,1,45,15
tests/check_framework/test_translation.py,126,111,13,9,3
tests/check_framework/test_urls.py,355,314,11,31,8
tests/check_framework/custom_commands_app/management/commands/makemigrations.py,7,5,3,0,1
tests/check_framework/template_test_apps/__init__.py,0,0,1,0,0
tests/check_framework/template_test_apps/same_tags_app_2/__init__.py,0,0,1,0,0
tests/check_framework/template_test_apps/same_tags_app_2/apps.py,5,3,1,0,1
tests/check_framework/template_test_apps/same_tags_app_2/templatetags/same_tags.py,3,2,1,0,1
tests/check_framework/template_test_apps/same_tags_app_2/templatetags/__init__.py,0,0,1,0,0
tests/check_framework/template_test_apps/different_tags_app/__init__.py,0,0,1,0,0
tests/check_framework/template_test_apps/different_tags_app/apps.py,5,3,1,0,1
tests/check_framework/template_test_apps/different_tags_app/templatetags/__init__.py,0,0,1,0,0
tests/check_framework/template_test_apps/different_tags_app/templatetags/different_tags.py,3,2,1,0,1
tests/check_framework/template_test_apps/same_tags_app_1/__init__.py,0,0,1,0,0
tests/check_framework/template_test_apps/same_tags_app_1/apps.py,5,3,1,0,1
tests/check_framework/template_test_apps/same_tags_app_1/templatetags/same_tags.py,3,2,1,0,1
tests/check_framework/template_test_apps/same_tags_app_1/templatetags/__init__.py,0,0,1,0,0
tests/check_framework/urls/beginning_with_slash.py,6,5,1,0,1
tests/check_framework/urls/name_with_colon.py,5,4,1,0,1
tests/check_framework/urls/bad_class_based_error_handlers.py,16,11,1,2,0
tests/check_framework/urls/contains_tuple.py,3,3,1,0,0
tests/check_framework/urls/good_class_based_error_handlers.py,9,6,1,0,1
tests/check_framework/urls/cbv_as_view.py,19,13,1,1,3
tests/check_framework/urls/bad_function_based_error_handlers.py,10,7,1,1,0
tests/check_framework/urls/__init__.py,0,0,1,0,0
tests/check_framework/urls/bad_error_handlers_invalid_path.py,6,5,1,0,0
tests/check_framework/urls/no_warnings.py,14,12,1,0,1
tests/check_framework/urls/no_warnings_i18n.py,7,6,1,0,3
tests/check_framework/urls/include_contains_tuple.py,5,4,1,0,1
tests/check_framework/urls/include_with_dollar.py,5,4,1,0,1
tests/check_framework/urls/unique_namespaces.py,26,21,2,0,1
tests/check_framework/urls/non_unique_namespaces.py,16,14,1,0,1
tests/check_framework/urls/good_function_based_error_handlers.py,10,7,1,1,0
tests/check_framework/urls/warning_in_include.py,12,11,1,0,1
tests/check_framework/urls/path_compatibility/__init__.py,0,0,1,0,0
tests/check_framework/urls/path_compatibility/ending_with_dollar.py,5,4,1,0,1
tests/check_framework/urls/path_compatibility/matched_angle_brackets.py,5,4,1,0,1
tests/check_framework/urls/path_compatibility/beginning_with_caret.py,5,4,1,0,1
tests/check_framework/urls/path_compatibility/unmatched_angle_brackets.py,8,7,1,0,1
tests/check_framework/urls/path_compatibility/contains_re_named_group.py,5,4,1,0,1
tests/test_exceptions/__init__.py,0,0,1,0,0
tests/test_exceptions/test_validation_error.py,369,346,23,5,3
tests/responses/test_cookie.py,156,71,10,16,8
tests/responses/__init__.py,0,0,1,0,0
tests/responses/test_fileresponse.py,288,238,12,31,9
tests/responses/tests.py,180,118,3,17,6
tests/select_for_update/models.py,47,27,1,0,1
tests/select_for_update/__init__.py,0,0,1,0,0
tests/select_for_update/tests.py,676,498,40,45,11
tests/migration_test_data_persistence/models.py,12,7,1,0,1
tests/migration_test_data_persistence/__init__.py,0,0,1,0,0
tests/migration_test_data_persistence/tests.py,52,27,1,4,3
tests/migration_test_data_persistence/migrations/0002_add_book.py,19,14,1,1,1
tests/migration_test_data_persistence/migrations/__init__.py,0,0,1,0,0
tests/migration_test_data_persistence/migrations/0001_initial.py,25,22,1,0,1
tests/queries/models.py,791,462,13,42,3
tests/queries/test_q.py,393,344,9,33,10
tests/queries/__init__.py,0,0,1,0,0
tests/queries/test_sqlcompiler.py,17,14,1,1,4
tests/queries/test_qs_combinators.py,791,704,15,71,8
tests/queries/test_query.py,218,186,3,21,14
tests/queries/test_explain.py,186,168,27,10,8
tests/queries/tests.py,4617,3331,160,340,15
tests/queries/test_iterator.py,58,45,2,5,6
tests/queries/test_contains.py,62,49,2,8,2
tests/queries/test_bulk_update.py,366,317,36,38,9
tests/queries/test_db_returning.py,70,62,2,5,5
tests/m2m_intermediary/models.py,32,13,3,1,1
tests/m2m_intermediary/__init__.py,0,0,1,0,0
tests/m2m_intermediary/tests.py,38,29,1,1,3
tests/basic/models.py,63,39,3,2,2
tests/basic/__init__.py,0,0,1,0,0
tests/basic/tests.py,1092,217,41,81,15
tests/model_options/test_default_related_name.py,39,28,4,8,3
tests/model_options/test_default_pk.py,128,9,1,12,4
tests/model_options/__init__.py,0,0,1,0,0
tests/model_options/apps.py,25,15,1,0,1
tests/model_options/test_tablespaces.py,135,87,26,10,5
tests/model_options/models/__init__.py,0,0,1,0,0
tests/model_options/models/tablespaces.py,53,31,5,0,1
tests/model_options/models/default_related_name.py,41,26,4,0,1
tests/nested_foreign_keys/models.py,30,16,2,0,1
tests/nested_foreign_keys/__init__.py,0,0,1,0,0
tests/nested_foreign_keys/tests.py,308,246,16,9,2
tests/xor_lookups/models.py,8,5,1,1,1
tests/xor_lookups/__init__.py,0,0,1,0,0
tests/xor_lookups/tests.py,88,78,4,8,3
tests/import_error_package/__init__.py,3,1,2,0,0
tests/app_loading/__init__.py,0,0,1,0,0
tests/app_loading/tests.py,81,17,4,9,6
tests/app_loading/not_installed/models.py,20,12,1,0,1
tests/app_loading/not_installed/__init__.py,0,0,1,0,0
tests/lookup/models.py,111,71,3,4,2
tests/lookup/test_lookups.py,59,50,2,4,5
tests/lookup/__init__.py,0,0,1,0,0
tests/lookup/test_decimalfield.py,37,30,1,5,3
tests/lookup/test_timefield.py,30,23,1,4,2
tests/lookup/tests.py,1686,1398,64,91,13
tests/reverse_lookup/models.py,24,12,2,0,1
tests/reverse_lookup/__init__.py,0,0,1,0,0
tests/reverse_lookup/tests.py,45,34,1,4,3
tests/model_enums/__init__.py,0,0,1,0,0
tests/model_enums/tests.py,315,244,4,21,9
tests/logging_tests/urls_i18n.py,7,6,1,0,3
tests/logging_tests/__init__.py,0,0,1,0,0
tests/logging_tests/logconfig.py,21,14,1,3,4
tests/logging_tests/tests.py,884,584,21,63,20
tests/logging_tests/urls.py,15,13,1,0,2
tests/logging_tests/views.py,49,29,1,9,3
tests/invalid_models_tests/test_relative_fields.py,2261,1043,163,98,6
tests/invalid_models_tests/__init__.py,0,0,1,0,0
tests/invalid_models_tests/test_backend_specific.py,29,11,3,2,5
tests/invalid_models_tests/test_deprecated_fields.py,146,132,14,5,7
tests/invalid_models_tests/test_ordinary_fields.py,1431,645,57,82,14
tests/invalid_models_tests/test_models.py,3007,2530,81,138,8
tests/invalid_models_tests/test_custom_fields.py,19,14,1,2,3
tests/introspection/models.py,112,85,2,0,1
tests/introspection/__init__.py,0,0,1,0,0
tests/introspection/tests.py,402,358,37,22,4
tests/urlpatterns/more_urls.py,12,10,1,0,2
tests/urlpatterns/included_urls.py,8,6,1,0,2
tests/urlpatterns/converter_urls.py,8,6,2,0,2
tests/urlpatterns/__init__.py,0,0,1,0,0
tests/urlpatterns/path_base64_urls.py,27,22,1,0,2
tests/urlpatterns/path_urls.py,39,37,1,0,2
tests/urlpatterns/path_same_name_urls.py,34,26,2,0,2
tests/urlpatterns/converters.py,38,26,1,8,1
tests/urlpatterns/path_dynamic_urls.py,9,6,1,0,2
tests/urlpatterns/tests.py,438,352,22,43,10
tests/urlpatterns/test_resolvers.py,29,20,2,4,4
tests/urlpatterns/views.py,5,3,1,1,1
tests/admin_custom_urls/models.py,87,51,3,8,6
tests/admin_custom_urls/__init__.py,0,0,1,0,0
tests/admin_custom_urls/tests.py,153,108,4,9,7
tests/admin_custom_urls/urls.py,7,5,1,0,2
tests/swappable_models/models.py,15,10,1,0,1
tests/swappable_models/__init__.py,0,0,1,0,0
tests/swappable_models/tests.py,45,31,9,2,5
tests/many_to_one_null/models.py,33,16,1,1,1
tests/many_to_one_null/__init__.py,0,0,1,0,0
tests/many_to_one_null/tests.py,183,133,11,15,2
tests/user_commands/models.py,14,0,7,0,0
tests/user_commands/__init__.py,0,0,1,0,0
tests/user_commands/utils.py,23,18,1,3,2
tests/user_commands/tests.py,590,204,29,50,19
tests/user_commands/urls.py,5,4,1,0,1
tests/user_commands/management/__init__.py,0,0,1,0,0
tests/user_commands/management/commands/subparser_dest.py,11,8,1,2,1
tests/user_commands/management/commands/outputwrapper.py,8,6,1,1,1
tests/user_commands/management/commands/subparser_required.py,13,10,1,2,1
tests/user_commands/management/commands/required_constant_option.py,20,17,3,2,1
tests/user_commands/management/commands/set_option.py,9,6,1,2,1
tests/user_commands/management/commands/no_translations.py,8,6,1,1,2
tests/user_commands/management/commands/mutually_exclusive_required.py,19,16,3,2,1
tests/user_commands/management/commands/hal.py,32,23,6,2,1
tests/user_commands/management/commands/transaction.py,10,7,1,1,1
tests/user_commands/management/commands/subparser_vanilla.py,13,9,1,2,2
tests/user_commands/management/commands/dance.py,25,21,4,2,1
tests/user_commands/management/commands/specific_system_checks.py,9,6,1,1,2
tests/user_commands/management/commands/required_list_option.py,10,7,2,2,1
tests/user_commands/management/commands/__init__.py,0,0,1,0,0
tests/user_commands/management/commands/mutually_exclusive_required_with_same_dest.py,13,10,3,2,1
tests/user_commands/management/commands/common_args.py,16,12,2,2,2
tests/user_commands/management/commands/reverse_url.py,11,5,2,1,2
tests/user_commands/management/commands/no_system_checks.py,8,5,1,1,1
tests/user_commands/management/commands/required_option.py,10,7,1,2,1
tests/user_commands/management/commands/subparser.py,11,8,1,2,1
tests/contenttypes_tests/models.py,122,46,2,7,6
tests/contenttypes_tests/test_order_with_respect_to.py,11,7,1,0,3
tests/contenttypes_tests/test_operations.py,191,182,4,7,7
tests/contenttypes_tests/__init__.py,0,0,1,0,0
tests/contenttypes_tests/test_management.py,125,95,7,8,8
tests/contenttypes_tests/test_migrations.py,31,20,3,1,6
tests/contenttypes_tests/test_views.py,278,195,15,18,11
tests/contenttypes_tests/test_fields.py,133,107,3,12,7
tests/contenttypes_tests/test_models.py,371,276,17,27,8
tests/contenttypes_tests/test_checks.py,284,237,2,15,8
tests/contenttypes_tests/urls.py,6,5,1,0,2
tests/contenttypes_tests/operations_migrations/0002_rename_foo.py,36,31,4,1,1
tests/contenttypes_tests/operations_migrations/__init__.py,0,0,1,0,0
tests/contenttypes_tests/operations_migrations/0001_initial.py,12,10,1,0,1
tests/order_with_respect_to/base_tests.py,275,54,18,16,2
tests/order_with_respect_to/models.py,49,27,2,2,1
tests/order_with_respect_to/__init__.py,0,0,1,0,0
tests/order_with_respect_to/tests.py,49,37,4,2,6
tests/from_db_value/models.py,23,15,2,2,2
tests/from_db_value/__init__.py,0,0,1,0,0
tests/from_db_value/tests.py,35,26,1,7,4
tests/admin_views/test_forms.py,48,40,1,3,5
tests/admin_views/test_adminsite.py,128,89,3,11,7
tests/admin_views/test_password_form.py,144,89,3,3,7
tests/admin_views/models.py,1192,640,29,62,11
tests/admin_views/test_actions.py,547,257,10,33,14
tests/admin_views/test_history_view.py,111,93,6,5,8
tests/admin_views/custom_has_permission_admin.py,34,21,5,2,6
tests/admin_views/test_skip_link_to_content.py,171,133,9,5,14
tests/admin_views/test_multidb.py,212,177,14,16,8
tests/admin_views/__init__.py,0,0,1,0,0
tests/admin_views/customadmin.py,82,57,6,7,7
tests/admin_views/forms.py,25,18,2,2,3
tests/admin_views/admin.py,1442,1050,33,75,21
tests/admin_views/test_nav_sidebar.py,234,198,1,14,10
tests/admin_views/test_breadcrumbs.py,29,24,1,4,3
tests/admin_views/tests.py,9245,3601,327,486,84
tests/admin_views/urls.py,40,33,1,1,4
tests/admin_views/test_autocomplete_view.py,599,275,20,25,27
tests/admin_views/test_templatetags.py,234,206,14,8,12
tests/admin_views/views.py,12,8,1,2,2
tests/admin_views/test_related_object_lookups.py,181,112,6,6,11
tests/managers_regress/models.py,138,75,4,11,3
tests/managers_regress/__init__.py,0,0,1,0,0
tests/managers_regress/tests.py,303,213,12,14,5
tests/admin_registration/models.py,28,14,2,0,1
tests/admin_registration/__init__.py,0,0,1,0,0
tests/admin_registration/tests.py,170,123,5,21,7
tests/template_backends/test_utils.py,55,42,3,3,4
tests/template_backends/__init__.py,0,0,1,0,0
tests/template_backends/test_dummy.py,108,85,6,11,7
tests/template_backends/test_django.py,208,58,3,9,7
tests/template_backends/test_jinja2.py,166,142,2,11,8
tests/template_backends/apps/__init__.py,0,0,1,0,0
tests/template_backends/apps/importerror/__init__.py,0,0,1,0,0
tests/template_backends/apps/importerror/templatetags/__init__.py,0,0,1,0,0
tests/template_backends/apps/importerror/templatetags/broken_tags.py,1,1,1,0,1
tests/template_backends/apps/good/__init__.py,0,0,1,0,0
tests/template_backends/apps/good/templatetags/good_tags.py,3,2,1,0,1
tests/template_backends/apps/good/templatetags/empty.py,0,0,1,0,0
tests/template_backends/apps/good/templatetags/__init__.py,0,0,1,0,0
tests/template_backends/apps/good/templatetags/override.py,3,2,1,0,1
tests/template_backends/apps/good/templatetags/subpackage/tags.py,3,2,1,0,1
tests/template_backends/apps/good/templatetags/subpackage/__init__.py,0,0,1,0,0
tests/annotations/models.py,68,46,2,0,1
tests/annotations/__init__.py,0,0,1,0,0
tests/annotations/tests.py,1551,1359,53,94,13
tests/schema/test_logging.py,17,15,3,1,2
tests/schema/models.py,217,137,7,1,2
tests/schema/fields.py,107,85,11,4,3
tests/schema/__init__.py,0,0,1,0,0
tests/schema/tests.py,5806,3032,299,254,24
tests/admin_scripts/__init__.py,0,0,1,0,0
tests/admin_scripts/configured_dynamic_settings_manage.py,20,13,3,2,3
tests/admin_scripts/tests.py,3330,1509,235,262,35
tests/admin_scripts/urls.py,14,11,1,0,3
tests/admin_scripts/configured_settings_manage.py,9,6,2,0,3
tests/admin_scripts/broken_app/models.py,1,1,1,0,1
tests/admin_scripts/broken_app/__init__.py,0,0,1,0,0
tests/admin_scripts/app_raising_warning/models.py,8,6,1,1,2
tests/admin_scripts/app_raising_warning/__init__.py,0,0,1,0,0
tests/admin_scripts/simple_app/models.py,3,2,1,0,1
tests/admin_scripts/simple_app/__init__.py,0,0,1,0,0
tests/admin_scripts/simple_app/management/__init__.py,0,0,1,0,0
tests/admin_scripts/simple_app/management/commands/__init__.py,0,0,1,0,0
tests/admin_scripts/simple_app/management/commands/duplicate.py,6,4,1,1,1
tests/admin_scripts/app_waiting_migration/models.py,8,5,1,0,1
tests/admin_scripts/app_waiting_migration/__init__.py,0,0,1,0,0
tests/admin_scripts/app_waiting_migration/migrations/__init__.py,0,0,1,0,0
tests/admin_scripts/app_waiting_migration/migrations/0001_initial.py,25,21,1,0,1
tests/admin_scripts/custom_templates/app_template/__init__.py,0,0,1,0,0
tests/admin_scripts/custom_templates/app_template/api.py,1,0,1,0,0
tests/admin_scripts/custom_templates/project_template/.hidden/render.py,1,0,1,0,0
tests/admin_scripts/custom_templates/project_template/project_name/__init__.py,0,0,1,0,0
tests/admin_scripts/custom_templates/project_template/project_name/settings.py,1,0,2,0,0
tests/admin_scripts/custom_templates/project_template/additional_dir/extra.py,1,0,1,0,0
tests/admin_scripts/custom_templates/project_template/additional_dir/localized.py,2,0,2,0,0
tests/admin_scripts/custom_templates/project_template/additional_dir/additional_file.py,1,0,2,0,0
tests/admin_scripts/management/__init__.py,0,0,1,0,0
tests/admin_scripts/management/commands/custom_startproject.py,9,7,2,1,1
tests/admin_scripts/management/commands/app_command.py,12,9,2,1,1
tests/admin_scripts/management/commands/__init__.py,0,0,1,0,0
tests/admin_scripts/management/commands/noargs_command.py,9,6,2,1,1
tests/admin_scripts/management/commands/base_command.py,18,14,2,2,1
tests/admin_scripts/management/commands/label_command.py,12,9,2,1,1
tests/admin_scripts/management/commands/suppress_base_options_command.py,23,19,2,2,1
tests/admin_scripts/app_with_import/models.py,8,4,2,0,2
tests/admin_scripts/app_with_import/__init__.py,0,0,1,0,0
tests/admin_scripts/another_app_waiting_migration/models.py,8,5,1,0,1
tests/admin_scripts/another_app_waiting_migration/__init__.py,0,0,1,0,0
tests/admin_scripts/another_app_waiting_migration/migrations/__init__.py,0,0,1,0,0
tests/admin_scripts/another_app_waiting_migration/migrations/0001_initial.py,25,21,1,0,1
tests/admin_scripts/app_raising_messages/models.py,12,10,2,1,2
tests/admin_scripts/app_raising_messages/__init__.py,0,0,1,0,0
tests/admin_scripts/complex_app/__init__.py,0,0,1,0,0
tests/admin_scripts/complex_app/admin/__init__.py,0,0,1,0,0
tests/admin_scripts/complex_app/admin/foo.py,5,3,1,0,2
tests/admin_scripts/complex_app/management/__init__.py,0,0,1,0,0
tests/admin_scripts/complex_app/management/commands/__init__.py,0,0,1,0,0
tests/admin_scripts/complex_app/management/commands/duplicate.py,6,4,1,1,1
tests/admin_scripts/complex_app/models/__init__.py,4,3,1,0,2
tests/admin_scripts/complex_app/models/bar.py,8,5,1,0,1
tests/admin_scripts/complex_app/models/foo.py,8,5,1,0,1
tests/custom_pk/models.py,42,21,2,1,2
tests/custom_pk/fields.py,74,57,12,13,3
tests/custom_pk/__init__.py,0,0,1,0,0
tests/custom_pk/tests.py,220,153,12,16,4
tests/reserved_names/models.py,27,14,3,1,1
tests/reserved_names/__init__.py,0,0,1,0,0
tests/reserved_names/tests.py,82,72,2,6,3
tests/model_meta/models.py,192,125,5,2,4
tests/model_meta/results.py,895,894,1,0,1
tests/model_meta/__init__.py,0,0,1,0,0
tests/model_meta/tests.py,388,308,51,42,8
tests/syndication_tests/models.py,26,18,1,2,1
tests/syndication_tests/feeds.py,323,185,6,46,5
tests/syndication_tests/__init__.py,0,0,1,0,0
tests/syndication_tests/tests.py,846,682,46,40,12
tests/syndication_tests/urls.py,49,47,1,0,2
tests/transactions/models.py,22,9,1,1,1
tests/transactions/__init__.py,0,0,1,0,0
tests/transactions/tests.py,588,220,30,50,7
tests/multiple_database/models.py,81,52,3,6,4
tests/multiple_database/__init__.py,0,0,1,0,0
tests/multiple_database/tests.py,2594,1445,116,91,14
tests/multiple_database/routers.py,61,37,10,9,1
tests/serializers/test_deserialization.py,135,99,2,10,10
tests/serializers/test_natural.py,286,230,21,9,5
tests/serializers/test_jsonl.py,271,146,26,14,10
tests/serializers/test_xml.py,114,93,10,5,5
tests/serializers/__init__.py,0,0,1,0,0
tests/serializers/test_yaml.py,178,45,16,11,9
tests/serializers/test_data.py,511,258,33,23,9
tests/serializers/test_json.py,331,55,17,16,13
tests/serializers/tests.py,539,246,26,40,13
tests/serializers/models/natural.py,76,0,2,9,2
tests/serializers/models/multi_table.py,20,12,1,2,1
tests/serializers/models/__init__.py,4,4,1,0,4
tests/serializers/models/base.py,178,112,7,20,2
tests/serializers/models/data.py,322,61,14,2,6
tests/custom_managers/models.py,228,152,4,18,2
tests/custom_managers/__init__.py,0,0,1,0,0
tests/custom_managers/tests.py,784,608,13,36,3
tests/absolute_url_overrides/__init__.py,0,0,1,0,0
tests/absolute_url_overrides/tests.py,62,41,3,6,3
tests/model_indexes/models.py,39,29,2,0,1
tests/model_indexes/__init__.py,0,0,1,0,0
tests/model_indexes/tests.py,372,314,19,30,7
tests/staticfiles_tests/test_forms.py,44,39,1,2,6
tests/staticfiles_tests/test_utils.py,13,11,3,1,3
tests/staticfiles_tests/test_handlers.py,41,5,2,0,4
tests/staticfiles_tests/__init__.py,0,0,1,0,0
tests/staticfiles_tests/test_management.py,729,500,33,54,22
tests/staticfiles_tests/test_finders.py,132,89,5,12,7
tests/staticfiles_tests/cases.py,145,81,7,17,8
tests/staticfiles_tests/test_liveserver.py,78,47,3,7,5
tests/staticfiles_tests/test_views.py,47,21,1,4,5
tests/staticfiles_tests/test_storage.py,953,769,22,69,29
tests/staticfiles_tests/storage.py,104,65,6,14,5
tests/staticfiles_tests/settings.py,30,26,1,0,2
tests/staticfiles_tests/test_checks.py,166,20,2,15,9
tests/staticfiles_tests/test_templatetags.py,29,20,3,2,3
tests/staticfiles_tests/urls/__init__.py,0,0,1,0,0
tests/staticfiles_tests/urls/default.py,6,5,1,0,2
tests/staticfiles_tests/urls/helper.py,3,2,1,0,1
tests/staticfiles_tests/apps/staticfiles_config.py,5,3,1,0,1
tests/staticfiles_tests/apps/__init__.py,0,0,1,0,0
tests/staticfiles_tests/apps/test/__init__.py,0,0,1,0,0
tests/staticfiles_tests/apps/no_label/__init__.py,0,0,1,0,0
tests/utils_tests/test_datastructures.py,409,330,9,52,5
tests/utils_tests/test_dateformat.py,297,174,18,28,6
tests/utils_tests/test_duration.py,100,77,2,17,4
tests/utils_tests/test_crypto.py,200,175,5,6,4
tests/utils_tests/test_autoreload.py,891,719,20,92,25
tests/utils_tests/deconstructible_classes.py,1,1,1,0,1
tests/utils_tests/test_decorators.py,120,65,6,15,5
tests/utils_tests/test_tree.py,126,97,7,16,4
tests/utils_tests/test_csp.py,168,114,4,19,5
tests/utils_tests/test_deconstruct.py,96,77,2,6,3
tests/utils_tests/models.py,9,5,1,0,1
tests/utils_tests/test_module_loading.py,228,37,5,21,17
tests/utils_tests/test_regex_helper.py,57,47,2,7,4
tests/utils_tests/test_functional.py,331,219,10,48,2
tests/utils_tests/test_dateparse.py,223,200,8,12,4
tests/utils_tests/test_hashable.py,36,31,3,3,2
tests/utils_tests/test_connection.py,14,11,1,2,2
tests/utils_tests/test_os_utils.py,40,31,2,5,5
tests/utils_tests/test_safestring.py,185,129,6,26,6
tests/utils_tests/test_encoding.py,241,189,11,21,12
tests/utils_tests/__init__.py,0,0,1,0,0
tests/utils_tests/test_html.py,506,437,41,31,11
tests/utils_tests/test_simplelazyobject.py,16,12,1,1,4
tests/utils_tests/test_numberformat.py,178,158,6,8,4
tests/utils_tests/test_timezone.py,255,199,7,24,5
tests/utils_tests/test_archive.py,96,47,13,4,10
tests/utils_tests/test_http.py,579,360,24,51,7
tests/utils_tests/utils.py,14,7,4,1,1
tests/utils_tests/test_text.py,465,266,41,20,9
tests/utils_tests/test_no_submodule.py,1,0,2,0,0
tests/utils_tests/test_inspect.py,151,121,1,26,4
tests/utils_tests/test_lazyobject.py,509,344,29,54,8
tests/utils_tests/test_lorem_ipsum.py,129,62,15,12,3
tests/utils_tests/test_json.py,46,40,3,3,6
tests/utils_tests/test_termcolors.py,233,204,1,24,2
tests/utils_tests/test_ipv6.py,109,95,5,10,7
tests/utils_tests/test_choices.py,397,314,14,48,6
tests/utils_tests/test_timesince.py,287,219,9,22,7
tests/utils_tests/test_feedgenerator.py,161,106,4,16,6
tests/utils_tests/test_module/another_bad_module.py,11,8,1,0,1
tests/utils_tests/test_module/another_good_module.py,9,7,1,0,1
tests/utils_tests/test_module/__init__.py,5,3,1,0,0
tests/utils_tests/test_module/bad_module.py,3,2,1,0,1
tests/utils_tests/test_module/good_module.py,1,1,1,0,0
tests/utils_tests/test_module/__main__.py,0,0,1,0,0
tests/utils_tests/test_module/main_module.py,0,0,1,0,0
tests/utils_tests/test_module/child_module/__init__.py,0,0,1,0,0
tests/utils_tests/test_module/child_module/grandchild_module.py,1,1,1,0,0
tests/httpwrappers/__init__.py,0,0,1,0,0
tests/httpwrappers/tests.py,1008,397,38,83,13
tests/dbshell/fake_client.py,3,2,1,0,1
tests/dbshell/test_oracle.py,54,48,4,4,4
tests/dbshell/__init__.py,0,0,1,0,0
tests/dbshell/test_mysql.py,239,211,6,12,9
tests/dbshell/test_postgresql.py,187,150,5,12,9
tests/dbshell/tests.py,17,14,2,1,5
tests/dbshell/test_sqlite.py,45,38,3,4,7
tests/project_template/__init__.py,0,0,1,0,0
tests/project_template/urls.py,7,5,1,0,2
tests/project_template/views.py,5,3,1,1,1
tests/project_template/test_settings.py,48,38,2,2,7
tests/properties/models.py,22,10,1,2,1
tests/properties/__init__.py,0,0,1,0,0
tests/properties/tests.py,26,16,2,3,2
tests/model_package/__init__.py,0,0,1,0,0
tests/model_package/tests.py,74,49,5,3,5
tests/model_package/models/__init__.py,5,3,1,0,2
tests/model_package/models/publication.py,5,3,1,0,1
tests/model_package/models/article.py,11,7,1,0,1
tests/version/__init__.py,0,0,1,0,0
tests/version/tests.py,62,51,5,5,5
tests/test_client_regress/models.py,12,8,1,0,2
tests/test_client_regress/session.py,32,18,3,6,1
tests/test_client_regress/__init__.py,0,0,1,0,0
tests/test_client_regress/auth_backends.py,19,15,4,2,2
tests/test_client_regress/context_processors.py,2,2,1,1,0
tests/test_client_regress/tests.py,1482,745,66,120,14
tests/test_client_regress/urls.py,66,64,1,0,3
tests/test_client_regress/views.py,185,109,11,24,8
tests/modeladmin/models.py,56,41,5,3,2
tests/modeladmin/test_actions.py,150,124,10,14,5
tests/modeladmin/__init__.py,0,0,1,0,0
tests/modeladmin/tests.py,1110,827,44,65,12
tests/modeladmin/test_checks.py,1816,584,52,162,13
tests/admin_checks/models.py,66,39,2,2,3
tests/admin_checks/__init__.py,0,0,1,0,0
tests/admin_checks/tests.py,1063,819,36,68,11
tests/admin_inlines/models.py,415,239,20,11,6
tests/admin_inlines/test_templates.py,25,21,1,1,3
tests/admin_inlines/__init__.py,0,0,1,0,0
tests/admin_inlines/admin.py,539,374,15,11,5
tests/admin_inlines/tests.py,2572,227,89,101,31
tests/admin_inlines/urls.py,10,8,1,0,2
tests/admin_autodiscover/models.py,5,3,1,0,1
tests/admin_autodiscover/__init__.py,0,0,1,0,0
tests/admin_autodiscover/admin.py,6,4,1,0,2
tests/admin_autodiscover/tests.py,18,8,4,1,2
tests/datetimes/models.py,26,17,1,2,1
tests/datetimes/__init__.py,0,0,1,0,0
tests/datetimes/tests.py,201,184,8,7,4
tests/ordering/models.py,82,44,7,0,1
tests/ordering/__init__.py,0,0,1,0,0
tests/ordering/tests.py,660,467,22,36,7
tests/expressions_window/models.py,31,22,1,0,1
tests/expressions_window/__init__.py,0,0,1,0,0
tests/expressions_window/tests.py,2038,561,32,76,12
tests/m2o_recursive/models.py,36,18,2,2,1
tests/m2o_recursive/__init__.py,0,0,1,0,0
tests/m2o_recursive/tests.py,39,32,1,4,2
tests/sphinx/test_github_links.py,211,18,3,22,8
tests/sphinx/__init__.py,0,0,1,0,0
tests/sphinx/testdata/package/__init__.py,2,1,1,0,0
tests/sphinx/testdata/package/import_error.py,5,3,1,0,1
tests/sphinx/testdata/package/wildcard_module.py,5,3,1,0,1
tests/sphinx/testdata/package/module.py,25,14,1,4,4
tests/sphinx/testdata/package/other_module.py,2,2,1,0,0
tests/sphinx/testdata/package/wildcard_base.py,2,2,1,0,0
tests/sites_framework/models.py,28,17,1,0,3
tests/sites_framework/__init__.py,0,0,1,0,0
tests/sites_framework/tests.py,75,64,2,6,8
tests/sites_framework/migrations/__init__.py,0,0,1,0,0
tests/sites_framework/migrations/0001_initial.py,73,70,1,0,1
tests/many_to_one/models.py,133,75,2,6,1
tests/many_to_one/__init__.py,0,0,1,0,0
tests/many_to_one/tests.py,918,724,23,42,7
tests/extra_regress/models.py,38,28,2,3,4
tests/extra_regress/__init__.py,0,0,1,0,0
tests/extra_regress/tests.py,471,348,20,13,4
tests/prefetch_related/models.py,333,221,11,9,6
tests/prefetch_related/__init__.py,0,0,1,0,0
tests/prefetch_related/test_prefetch_related_objects.py,254,109,10,17,4
tests/prefetch_related/tests.py,2274,194,140,123,10
tests/prefetch_related/test_uuid.py,119,94,3,10,2
tests/builtin_server/__init__.py,0,0,1,0,0
tests/builtin_server/tests.py,170,25,12,16,9
tests/builtin_server/urls.py,7,5,1,0,2
tests/builtin_server/views.py,15,11,1,1,2
tests/defer_regress/models.py,101,62,2,0,1
tests/defer_regress/__init__.py,0,0,1,0,0
tests/defer_regress/tests.py,392,316,16,25,6
tests/model_fields/test_charfield.py,106,80,3,14,4
tests/model_fields/test_promises.py,146,121,1,23,5
tests/model_fields/models.py,716,469,10,7,15
tests/model_fields/test_field_flags.py,222,176,41,17,4
tests/model_fields/test_filepathfield.py,22,16,1,3,3
tests/model_fields/test_floatfield.py,49,41,3,2,3
tests/model_fields/__init__.py,0,0,1,0,0
tests/model_fields/test_slugfield.py,21,11,1,2,2
tests/model_fields/test_integerfield.py,335,267,21,25,6
tests/model_fields/test_foreignkey.py,169,13,4,13,8
tests/model_fields/test_filefield.py,211,154,6,15,14
tests/model_fields/test_datetimefield.py,81,54,1,6,6
tests/model_fields/test_textfield.py,45,27,1,6,4
tests/model_fields/test_mixins.py,57,42,1,10,4
tests/model_fields/test_jsonfield.py,1243,1002,41,105,15
tests/model_fields/test_booleanfield.py,127,84,4,14,5
tests/model_fields/test_binaryfield.py,60,49,2,6,4
tests/model_fields/storage.py,6,4,1,1,1
tests/model_fields/test_autofield.py,48,36,3,2,4
tests/model_fields/test_decimalfield.py,142,100,6,16,8
tests/model_fields/test_genericipaddressfield.py,42,29,1,4,4
tests/model_fields/test_generatedfield.py,426,276,19,30,10
tests/model_fields/test_manytomanyfield.py,107,80,4,7,5
tests/model_fields/tests.py,439,184,12,43,8
tests/model_fields/test_imagefield.py,497,278,42,23,12
tests/model_fields/test_uuid.py,343,284,6,36,8
tests/model_fields/test_durationfield.py,87,67,2,10,7
tests/test_client/test_fakepayload.py,13,11,2,1,2
tests/test_client/__init__.py,0,0,1,0,0
tests/test_client/auth_backends.py,9,5,1,0,1
tests/test_client/urls_middleware_urlconf.py,11,7,1,1,2
tests/test_client/test_conditional_content_removal.py,56,36,7,1,4
tests/test_client/tests.py,1380,619,49,108,12
tests/test_client/urls.py,85,82,2,0,4
tests/test_client/views.py,434,243,28,38,14
tests/one_to_one/models.py,112,63,1,6,1
tests/one_to_one/__init__.py,0,0,1,0,0
tests/one_to_one/tests.py,621,208,35,43,3
tests/deprecation/__init__.py,0,0,1,0,0
tests/deprecation/test_deprecate_posargs.py,404,157,11,44,3
tests/deprecation/test_middleware_mixin.py,142,94,7,10,22
tests/deprecation/tests.py,206,130,3,20,5
tests/humanize_tests/__init__.py,0,0,1,0,0
tests/humanize_tests/tests.py,654,74,18,19,9
tests/expressions/test_queryset_values.py,102,88,3,9,4
tests/expressions/models.py,124,84,4,7,2
tests/expressions/__init__.py,0,0,1,0,0
tests/expressions/tests.py,2999,2522,131,213,19
tests/shortcuts/__init__.py,0,0,1,0,0
tests/shortcuts/tests.py,58,50,2,6,4
tests/shortcuts/urls.py,11,9,1,0,2
tests/shortcuts/views.py,55,45,1,5,1
tests/sitemaps_tests/models.py,17,11,1,2,2
tests/sitemaps_tests/__init__.py,0,0,1,0,0
tests/sitemaps_tests/test_generic.py,92,82,5,7,5
tests/sitemaps_tests/test_http.py,580,286,17,41,10
tests/sitemaps_tests/test_https.py,73,32,1,4,3
tests/sitemaps_tests/base.py,31,22,3,3,5
tests/sitemaps_tests/urls/https.py,23,17,1,0,3
tests/sitemaps_tests/urls/__init__.py,0,0,1,0,0
tests/sitemaps_tests/urls/http.py,480,384,4,17,8
tests/csrf_tests/__init__.py,0,0,1,0,0
tests/csrf_tests/test_context_processor.py,14,11,1,1,4
tests/csrf_tests/tests.py,1493,369,76,106,10
tests/csrf_tests/views.py,90,43,3,11,7
tests/csrf_tests/csrf_token_error_handler_urls.py,3,2,1,0,0
tests/model_formsets/models.py,266,157,14,18,3
tests/model_formsets/__init__.py,0,0,1,0,0
tests/model_formsets/tests.py,2438,595,71,78,15
tests/model_formsets/test_uuid.py,117,73,7,7,3
tests/empty_models/models.py,0,0,1,0,0
tests/empty_models/__init__.py,0,0,1,0,0
tests/empty_models/test_commands.py,22,17,1,2,3
tests/files/__init__.py,0,0,1,0,0
tests/files/tests.py,532,339,28,50,17
tests/get_or_create/models.py,67,44,1,3,1
tests/get_or_create/__init__.py,0,0,1,0,0
tests/get_or_create/tests.py,814,354,47,61,11
tests/m2m_and_m2o/models.py,27,13,3,1,1
tests/m2m_and_m2o/__init__.py,0,0,1,0,0
tests/m2m_and_m2o/tests.py,98,81,5,3,3
tests/field_defaults/models.py,70,37,3,1,5
tests/field_defaults/__init__.py,0,0,1,0,0
tests/field_defaults/tests.py,239,201,11,17,12
tests/fixtures/models.py,177,113,7,16,5
tests/fixtures/__init__.py,0,0,1,0,0
tests/fixtures/tests.py,1355,951,36,49,20
tests/null_fk/models.py,52,27,2,1,1
tests/null_fk/__init__.py,0,0,1,0,0
tests/null_fk/tests.py,67,48,6,2,3
tests/queryset_pickle/models.py,79,49,1,4,3
tests/queryset_pickle/__init__.py,0,0,1,0,0
tests/queryset_pickle/tests.py,390,298,7,42,6
tests/force_insert_update/models.py,43,22,2,0,1
tests/force_insert_update/__init__.py,0,0,1,0,0
tests/force_insert_update/tests.py,190,145,11,13,4
tests/null_queries/models.py,27,13,1,0,1
tests/null_queries/__init__.py,0,0,1,0,0
tests/null_queries/tests.py,75,44,8,3,3
tests/db_utils/__init__.py,0,0,1,0,0
tests/db_utils/tests.py,92,2,9,7,7
tests/validators/__init__.py,0,0,1,0,0
tests/validators/tests.py,941,896,21,15,11
tests/custom_columns/models.py,50,25,6,2,1
tests/custom_columns/__init__.py,0,0,1,0,0
tests/custom_columns/tests.py,112,92,1,15,3
tests/postgres_tests/test_ranges.py,1109,936,20,102,16
tests/postgres_tests/test_trigram.py,176,153,3,11,5
tests/postgres_tests/test_app_installed_check.py,142,73,5,9,11
tests/postgres_tests/models.py,209,137,9,6,2
tests/postgres_tests/fields.py,59,45,5,5,4
tests/postgres_tests/test_signals.py,44,32,4,6,3
tests/postgres_tests/test_search.py,994,865,25,81,5
tests/postgres_tests/test_apps.py,91,80,6,4,13
tests/postgres_tests/test_array.py,1579,1352,25,141,24
tests/postgres_tests/test_operations.py,719,624,9,27,14
tests/postgres_tests/__init__.py,37,25,8,2,5
tests/postgres_tests/test_aggregates.py,857,758,17,70,12
tests/postgres_tests/test_hstore.py,482,213,13,58,13
tests/postgres_tests/test_constraints.py,1269,258,16,56,17
tests/postgres_tests/integration_settings.py,5,4,1,0,0
tests/postgres_tests/test_introspection.py,35,30,2,2,3
tests/postgres_tests/test_functions.py,39,26,2,2,6
tests/postgres_tests/test_indexes.py,768,396,14,55,8
tests/postgres_tests/test_integration.py,29,26,2,1,4
tests/postgres_tests/test_bulk_update.py,46,42,5,1,4
tests/postgres_tests/test_unaccent.py,79,37,4,5,3
tests/postgres_tests/migrations/0002_create_test_models.py,568,564,1,0,3
tests/postgres_tests/migrations/__init__.py,0,0,1,0,0
tests/postgres_tests/migrations/0001_setup_extensions.py,39,33,2,0,3
tests/postgres_tests/array_index_migrations/__init__.py,0,0,1,0,0
tests/postgres_tests/array_index_migrations/0001_initial.py,38,35,1,0,2
tests/postgres_tests/array_default_migrations/__init__.py,0,0,1,0,0
tests/postgres_tests/array_default_migrations/0002_integerarraymodel_field_2.py,19,16,1,0,2
tests/postgres_tests/array_default_migrations/0001_initial.py,29,26,1,0,2
tests/or_lookups/models.py,22,8,4,1,1
tests/or_lookups/__init__.py,0,0,1,0,0
tests/or_lookups/tests.py,222,182,23,12,5
tests/known_related_objects/models.py,29,15,1,0,1
tests/known_related_objects/__init__.py,0,0,1,0,0
tests/known_related_objects/tests.py,186,161,5,21,3
tests/custom_migration_operations/more_operations.py,25,17,1,7,1
tests/custom_migration_operations/__init__.py,0,0,1,0,0
tests/custom_migration_operations/operations.py,83,58,5,16,1
tests/admin_widgets/widgetadmin.py,78,56,2,1,2
tests/admin_widgets/test_autocomplete_widget.py,198,164,8,10,7
tests/admin_widgets/models.py,215,131,7,10,6
tests/admin_widgets/__init__.py,0,0,1,0,0
tests/admin_widgets/tests.py,2070,983,74,100,48
tests/admin_widgets/urls.py,7,5,1,0,2
tests/select_related_onetoone/models.py,78,47,1,0,1
tests/select_related_onetoone/__init__.py,0,0,1,0,0
tests/select_related_onetoone/tests.py,301,254,10,23,4
tests/delete_regress/models.py,169,100,3,2,3
tests/delete_regress/__init__.py,0,0,1,0,0
tests/delete_regress/tests.py,424,214,19,26,5
tests/i18n/models.py,18,12,1,0,3
tests/i18n/test_extraction.py,1167,691,65,86,21
tests/i18n/urls_default_unprefixed.py,12,11,1,0,4
tests/i18n/__init__.py,0,0,1,0,0
tests/i18n/test_management.py,32,28,1,2,3
tests/i18n/forms.py,26,18,1,0,2
tests/i18n/utils.py,64,38,4,5,4
tests/i18n/test_compilation.py,347,266,17,28,18
tests/i18n/tests.py,2249,1316,54,113,30
tests/i18n/urls.py,9,8,1,0,4
tests/i18n/test_percents.py,192,18,2,12,5
tests/i18n/obsolete_translations/__init__.py,5,2,1,0,1
tests/i18n/patterns/__init__.py,0,0,1,0,0
tests/i18n/patterns/tests.py,535,306,11,44,11
tests/i18n/patterns/urls/included.py,8,6,1,0,2
tests/i18n/patterns/urls/wrong.py,10,9,1,0,3
tests/i18n/patterns/urls/__init__.py,0,0,1,0,0
tests/i18n/patterns/urls/disabled.py,9,7,1,0,3
tests/i18n/patterns/urls/wrong_namespace.py,11,9,1,0,4
tests/i18n/patterns/urls/default.py,38,35,1,0,4
tests/i18n/patterns/urls/namespace.py,12,10,1,0,3
tests/i18n/patterns/urls/path_unused.py,8,6,1,0,2
tests/i18n/loading_app/__init__.py,0,0,1,0,0
tests/i18n/loading_app/apps.py,5,3,1,0,1
tests/i18n/exclude/__init__.py,12,3,3,0,1
tests/i18n/territorial_fallback/__init__.py,0,0,1,0,0
tests/i18n/other/__init__.py,0,0,1,0,0
tests/i18n/other/locale/__init__.py,0,0,1,0,0
tests/i18n/other/locale/de/__init__.py,0,0,1,0,0
tests/i18n/other/locale/de/formats.py,0,0,1,0,0
tests/i18n/other/locale/fr/__init__.py,0,0,1,0,0
tests/i18n/other/locale/fr/formats.py,2,1,1,0,0
tests/i18n/unchanged/__init__.py,4,3,1,0,1
tests/i18n/sampleproject/update_catalogs.py,61,6,5,1,4
tests/i18n/sampleproject/manage.py,12,7,2,0,3
tests/i18n/sampleproject/sampleproject/__init__.py,0,0,1,0,0
tests/i18n/sampleproject/sampleproject/settings.py,0,0,1,0,0
tests/i18n/resolution/__init__.py,0,0,1,0,0
tests/i18n/project_dir/__init__.py,4,2,1,0,1
tests/i18n/project_dir/app_with_locale/models.py,3,2,1,0,1
tests/i18n/project_dir/app_with_locale/__init__.py,0,0,1,0,0
tests/i18n/project_dir/app_no_locale/models.py,3,2,1,0,1
tests/i18n/project_dir/app_no_locale/__init__.py,0,0,1,0,0
tests/i18n/commands/__init__.py,18,8,1,0,2
tests/i18n/commands/app_with_locale/some_file.py,0,0,1,0,0
tests/i18n/contenttypes/__init__.py,0,0,1,0,0
tests/i18n/contenttypes/tests.py,25,22,1,1,4
tests/i18n/other2/__init__.py,0,0,1,0,0
tests/i18n/other2/locale/__init__.py,0,0,1,0,0
tests/i18n/other2/locale/de/__init__.py,0,0,1,0,0
tests/i18n/other2/locale/de/formats.py,0,0,1,0,0
tests/m2m_through/models.py,157,111,1,2,2
tests/m2m_through/__init__.py,0,0,1,0,0
tests/m2m_through/tests.py,544,441,4,58,5
tests/proxy_models/models.py,230,110,6,8,1
tests/proxy_models/__init__.py,0,0,1,0,0
tests/proxy_models/admin.py,7,5,1,0,2
tests/proxy_models/tests.py,462,333,26,33,12
tests/proxy_models/urls.py,7,5,1,0,2
tests/max_lengths/models.py,15,11,1,0,1
tests/max_lengths/__init__.py,0,0,1,0,0
tests/max_lengths/tests.py,40,31,2,4,3
tests/admin_ordering/models.py,38,26,3,1,2
tests/admin_ordering/__init__.py,0,0,1,0,0
tests/admin_ordering/tests.py,208,114,15,20,6
tests/update_only_fields/models.py,43,30,1,2,1
tests/update_only_fields/__init__.py,0,0,1,0,0
tests/update_only_fields/tests.py,324,257,5,24,6
tests/test_runner_apps/__init__.py,0,0,1,0,0
tests/test_runner_apps/failures/__init__.py,0,0,1,0,0
tests/test_runner_apps/failures/tests_failures.py,23,15,1,4,1
tests/test_runner_apps/databases/__init__.py,0,0,1,0,0
tests/test_runner_apps/databases/tests.py,23,13,1,1,1
tests/test_runner_apps/tagged/tests_syntax_error.py,11,6,2,0,2
tests/test_runner_apps/tagged/tests_inheritance.py,27,18,1,4,2
tests/test_runner_apps/tagged/__init__.py,0,0,1,0,0
tests/test_runner_apps/tagged/tests.py,14,10,1,2,2
tests/test_runner_apps/simple/__init__.py,0,0,1,0,0
tests/test_runner_apps/simple/tests.py,55,35,1,13,3
tests/test_runner_apps/sample/doctests.py,47,14,8,1,1
tests/test_runner_apps/sample/empty.py,0,0,1,0,0
tests/test_runner_apps/sample/__init__.py,0,0,1,0,0
tests/test_runner_apps/sample/tests_sample.py,34,19,2,4,5
tests/test_runner_apps/sample/pattern_tests.py,6,4,1,1,1
tests/test_runner_apps/sample/tests/__init__.py,0,0,1,0,0
tests/test_runner_apps/sample/tests/tests.py,6,4,1,1,1
tests/test_runner_apps/buffer/tests_buffer.py,14,11,1,2,2
tests/aggregation_regress/models.py,137,90,6,0,3
tests/aggregation_regress/__init__.py,0,0,1,0,0
tests/aggregation_regress/tests.py,1966,357,85,76,13
tests/bash_completion/__init__.py,0,0,1,0,0
tests/bash_completion/tests.py,106,70,17,11,6
tests/bash_completion/management/__init__.py,0,0,1,0,0
tests/bash_completion/management/commands/test_command.py,9,6,1,2,1
tests/bash_completion/management/commands/__init__.py,0,0,1,0,0
tests/m2m_regress/models.py,97,47,6,6,2
tests/m2m_regress/__init__.py,0,0,1,0,0
tests/m2m_regress/tests.py,143,99,9,10,3
tests/apps/models.py,17,9,1,0,2
tests/apps/__init__.py,0,0,1,0,0
tests/apps/apps.py,38,9,1,0,1
tests/apps/tests.py,647,292,31,56,15
tests/apps/query_performing_app/__init__.py,0,0,1,0,0
tests/apps/query_performing_app/apps.py,92,61,1,7,4
tests/apps/namespace_package_base/nsapp/apps.py,9,6,1,0,2
tests/apps/two_default_configs_app/__init__.py,0,0,1,0,0
tests/apps/two_default_configs_app/apps.py,11,7,1,0,1
tests/apps/no_config_app/__init__.py,0,0,1,0,0
tests/apps/two_configs_app/__init__.py,0,0,1,0,0
tests/apps/two_configs_app/apps.py,9,5,1,0,1
tests/apps/one_config_app/__init__.py,0,0,1,0,0
tests/apps/one_config_app/apps.py,5,3,1,0,1
tests/apps/two_configs_one_default_app/__init__.py,0,0,1,0,0
tests/apps/two_configs_one_default_app/apps.py,10,6,1,0,1
tests/sites_tests/__init__.py,0,0,1,0,0
tests/sites_tests/tests.py,351,247,11,34,16
tests/string_lookup/models.py,32,20,1,0,1
tests/string_lookup/__init__.py,0,0,1,0,0
tests/string_lookup/tests.py,86,43,6,4,2
tests/redirects_tests/__init__.py,0,0,1,0,0
tests/redirects_tests/tests.py,114,87,1,13,7
tests/redirects_tests/urls.py,6,5,1,0,2
tests/handlers/tests_custom_error_handlers.py,46,29,3,5,4
tests/handlers/__init__.py,0,0,1,0,0
tests/handlers/test_exception.py,55,49,1,4,3
tests/handlers/tests.py,367,190,12,31,5
tests/handlers/urls.py,21,19,1,0,2
tests/handlers/views.py,92,46,3,14,6
tests/servers/models.py,5,3,1,0,1
tests/servers/test_liveserverthread.py,46,33,2,4,3
tests/servers/__init__.py,0,0,1,0,0
tests/servers/test_basehttp.py,230,111,17,15,7
tests/servers/tests.py,426,163,26,33,15
tests/servers/urls.py,15,13,1,0,2
tests/servers/views.py,52,32,3,9,4
tests/servers/another_app/__init__.py,0,0,1,0,0
tests/model_inheritance_regress/models.py,207,114,4,0,2
tests/model_inheritance_regress/__init__.py,0,0,1,0,0
tests/model_inheritance_regress/tests.py,678,496,49,31,6
tests/str/models.py,19,6,2,1,1
tests/str/__init__.py,0,0,1,0,0
tests/str/tests.py,37,24,2,2,5
tests/base/models.py,13,4,1,0,1
tests/base/__init__.py,0,0,1,0,0
tests/settings_tests/__init__.py,0,0,1,0,0
tests/settings_tests/tests.py,655,182,32,69,11
tests/validation/models.py,219,168,9,4,4
tests/validation/__init__.py,14,11,1,2,1
tests/validation/test_constraints.py,95,85,3,7,3
tests/validation/test_validators.py,43,38,3,3,3
tests/validation/test_custom_messages.py,14,10,1,2,3
tests/validation/test_error_messages.py,133,115,4,11,3
tests/validation/tests.py,225,175,7,27,6
tests/validation/test_picklable.py,52,44,1,1,3
tests/validation/test_unique.py,243,200,9,14,7
tests/field_deconstruction/__init__.py,0,0,1,0,0
tests/field_deconstruction/tests.py,698,591,12,39,7
tests/many_to_many/models.py,92,50,2,5,1
tests/many_to_many/__init__.py,0,0,1,0,0
tests/many_to_many/tests.py,660,525,12,40,4
tests/m2m_signals/models.py,30,19,1,0,1
tests/m2m_signals/__init__.py,0,0,1,0,0
tests/m2m_signals/tests.py,578,51,10,21,3
tests/gis_tests/test_geoforms.py,547,250,33,27,8
tests/gis_tests/models.py,0,0,1,0,0
tests/gis_tests/test_measure.py,314,243,7,26,3
tests/gis_tests/test_gis_tests_utils.py,52,38,2,10,3
tests/gis_tests/__init__.py,0,0,1,0,0
tests/gis_tests/test_ptr.py,73,46,11,2,4
tests/gis_tests/admin.py,6,5,2,0,2
tests/gis_tests/utils.py,70,22,4,7,7
tests/gis_tests/test_fields.py,56,49,1,4,4
tests/gis_tests/test_geoip2.py,246,195,17,13,10
tests/gis_tests/test_spatialrefsys.py,165,110,16,8,6
tests/gis_tests/test_data.py,92,41,15,8,3
tests/gis_tests/tests.py,112,86,9,11,10
tests/gis_tests/gdal_tests/test_raster.py,995,842,63,40,14
tests/gis_tests/gdal_tests/test_driver.py,80,63,7,5,3
tests/gis_tests/gdal_tests/test_geom.py,1065,734,56,63,9
tests/gis_tests/gdal_tests/__init__.py,0,0,1,0,0
tests/gis_tests/gdal_tests/test_srs.py,396,231,29,18,5
tests/gis_tests/gdal_tests/test_ds.py,355,255,38,12,9
tests/gis_tests/gdal_tests/test_envelope.py,99,76,3,11,2
tests/gis_tests/gdal_tests/tests.py,16,12,2,2,2
tests/gis_tests/geos_tests/test_coordseq.py,15,13,4,1,2
tests/gis_tests/geos_tests/__init__.py,0,0,1,0,0
tests/gis_tests/geos_tests/test_io.py,252,198,19,9,4
tests/gis_tests/geos_tests/test_geos.py,1739,828,147,91,19
tests/gis_tests/geos_tests/test_mutable_list.py,481,382,47,34,2
tests/gis_tests/geos_tests/test_geos_mutation.py,239,177,16,21,2
tests/gis_tests/geoapp/test_expressions.py,80,69,2,6,6
tests/gis_tests/geoapp/test_serializers.py,112,75,3,7,5
tests/gis_tests/geoapp/models.py,104,62,1,3,2
tests/gis_tests/geoapp/feeds.py,72,40,7,7,3
tests/gis_tests/geoapp/__init__.py,0,0,1,0,0
tests/gis_tests/geoapp/test_sitemaps.py,71,56,8,3,7
tests/gis_tests/geoapp/test_functions.py,960,298,80,47,12
tests/gis_tests/geoapp/test_indexes.py,77,64,10,5,6
tests/gis_tests/geoapp/tests.py,800,401,67,35,12
tests/gis_tests/geoapp/test_feeds.py,112,82,9,5,5
tests/gis_tests/geoapp/urls.py,28,24,1,0,6
tests/gis_tests/geoapp/sitemaps.py,8,6,1,0,2
tests/gis_tests/geoapp/test_regress.py,109,80,5,7,6
tests/gis_tests/layermap/models.py,128,88,4,1,1
tests/gis_tests/layermap/__init__.py,0,0,1,0,0
tests/gis_tests/layermap/tests.py,449,252,44,25,19
tests/gis_tests/geoadmin/models.py,33,22,1,1,2
tests/gis_tests/geoadmin/__init__.py,0,0,1,0,0
tests/gis_tests/geoadmin/tests.py,75,63,3,5,3
tests/gis_tests/geoadmin/urls.py,6,5,1,0,2
tests/gis_tests/geogapp/models.py,44,28,1,2,1
tests/gis_tests/geogapp/__init__.py,0,0,1,0,0
tests/gis_tests/geogapp/tests.py,195,139,21,9,12
tests/gis_tests/relatedapp/models.py,64,40,3,3,1
tests/gis_tests/relatedapp/__init__.py,0,0,1,0,0
tests/gis_tests/relatedapp/tests.py,452,328,44,23,8
tests/gis_tests/rasterapp/models.py,25,17,1,2,1
tests/gis_tests/rasterapp/__init__.py,0,0,1,0,0
tests/gis_tests/rasterapp/test_rasterfield.py,456,336,39,18,15
tests/gis_tests/rasterapp/migrations/0002_rastermodels.py,71,68,1,0,3
tests/gis_tests/rasterapp/migrations/__init__.py,0,0,1,0,0
tests/gis_tests/rasterapp/migrations/0001_setup_extensions.py,14,10,2,0,2
tests/gis_tests/geo3d/models.py,75,43,1,1,1
tests/gis_tests/geo3d/__init__.py,0,0,1,0,0
tests/gis_tests/geo3d/tests.py,368,247,34,17,9
tests/gis_tests/geo3d/views.py,1,0,1,0,0
tests/gis_tests/distapp/models.py,59,33,7,1,2
tests/gis_tests/distapp/__init__.py,0,0,1,0,0
tests/gis_tests/distapp/tests.py,811,276,62,28,8
tests/gis_tests/inspectapp/models.py,23,18,1,0,1
tests/gis_tests/inspectapp/__init__.py,0,0,1,0,0
tests/gis_tests/inspectapp/tests.py,254,195,20,10,15
tests/gis_tests/data/__init__.py,0,0,1,0,0
tests/gis_tests/data/rasters/__init__.py,0,0,1,0,0
tests/gis_tests/data/rasters/textrasters.py,16,11,1,0,0
tests/gis_tests/gis_migrations/test_operations.py,433,26,39,30,8
tests/gis_tests/gis_migrations/__init__.py,0,0,1,0,0
tests/gis_tests/gis_migrations/test_commands.py,63,39,8,4,3
tests/gis_tests/gis_migrations/migrations/__init__.py,0,0,1,0,0
tests/gis_tests/gis_migrations/migrations/0002_create_models.py,109,101,3,0,2
tests/gis_tests/gis_migrations/migrations/0001_setup_extensions.py,14,10,2,0,2
tests/indexes/models.py,54,32,1,1,1
tests/indexes/__init__.py,0,0,1,0,0
tests/indexes/tests.py,689,128,25,31,11
tests/db_typecasts/__init__.py,0,0,1,0,0
tests/db_typecasts/tests.py,85,78,4,1,3
docs/conf.py,459,103,61,2,6
docs/lint.py,188,132,37,5,12
docs/_ext/github_links.py,149,103,25,11,8
docs/_ext/djangodocs.py,409,294,52,23,15
scripts/manage_translations.py,403,295,70,12,12
django/shortcuts.py,194,75,44,6,4
django/__init__.py,24,14,5,1,5
django/__main__.py,10,3,2,0,1
django/templatetags/l10n.py,60,34,5,6,2
django/templatetags/tz.py,200,98,18,12,4
django/templatetags/cache.py,100,69,15,3,3
django/templatetags/__init__.py,0,0,1,0,0
django/templatetags/static.py,179,98,15,15,7
django/templatetags/i18n.py,616,388,90,32,7
django/middleware/clickjacking.py,48,15,10,2,2
django/middleware/gzip.py,74,46,15,1,4
django/middleware/csrf.py,484,272,106,25,15
django/middleware/security.py,66,56,17,3,4
django/middleware/cache.py,233,34,44,8,6
django/middleware/__init__.py,0,0,1,0,0
django/middleware/csp.py,33,22,6,3,3
django/middleware/common.py,180,64,47,7,9
django/middleware/http.py,41,21,10,2,3
django/middleware/locale.py,80,60,17,2,7
django/tasks/signals.py,64,12,3,4,7
django/tasks/checks.py,11,3,2,1,2
django/tasks/__init__.py,45,37,2,1,5
django/tasks/exceptions.py,21,4,2,0,1
django/tasks/base.py,247,145,20,17,12
django/tasks/backends/immediate.py,95,76,5,3,8
django/tasks/backends/__init__.py,0,0,1,0,0
django/tasks/backends/dummy.py,64,48,5,5,7
django/tasks/backends/base.py,112,67,19,5,9
django/forms/models.py,1716,606,348,77,19
django/forms/fields.py,1404,627,267,96,25
django/forms/boundfield.py,369,185,80,33,7
django/forms/__init__.py,11,7,3,0,7
django/forms/renderers.py,77,44,3,7,8
django/forms/widgets.py,1279,326,188,106,17
django/forms/formsets.py,584,302,108,39,9
django/forms/forms.py,439,82,98,29,10
django/forms/utils.py,246,120,34,31,9
django/core/signing.py,278,151,40,20,10
django/core/signals.py,6,5,1,0,1
django/core/validators.py,677,518,102,42,13
django/core/asgi.py,13,5,3,1,2
django/core/__init__.py,0,0,1,0,0
django/core/paginator.py,459,170,71,31,9
django/core/exceptions.py,259,103,33,9,2
django/core/wsgi.py,13,5,3,1,2
django/core/cache/__init__.py,67,38,5,2,4
django/core/cache/utils.py,12,9,3,1,1
django/core/cache/backends/memcached.py,189,113,24,21,6
django/core/cache/backends/db.py,295,242,27,14,7
django/core/cache/backends/filebased.py,171,129,23,15,11
django/core/cache/backends/__init__.py,0,0,1,0,0
django/core/cache/backends/redis.py,234,0,38,32,7
django/core/cache/backends/dummy.py,34,24,1,8,1
django/core/cache/backends/base.py,406,138,62,25,6
django/core/cache/backends/locmem.py,118,98,11,13,5
django/core/mail/__init__.py,253,169,24,7,10
django/core/mail/message.py,636,203,132,26,24
django/core/mail/utils.py,22,10,3,2,2
django/core/mail/backends/console.py,45,19,7,3,3
django/core/mail/backends/filebased.py,66,16,10,5,5
django/core/mail/backends/__init__.py,1,0,1,0,0
django/core/mail/backends/smtp.py,193,41,47,8,10
django/core/mail/backends/dummy.py,10,4,1,1,1
django/core/mail/backends/base.py,62,30,7,6,0
django/core/mail/backends/locmem.py,33,9,5,2,3
django/core/checks/files.py,19,15,2,1,3
django/core/checks/caches.py,76,67,16,3,5
django/core/checks/registry.py,118,80,16,8,3
django/core/checks/model_checks.py,227,178,44,9,8
django/core/checks/database.py,14,11,3,1,2
django/core/checks/__init__.py,48,44,1,0,15
django/core/checks/templates.py,12,3,2,1,2
django/core/checks/translation.py,66,36,13,4,4
django/core/checks/async_checks.py,16,12,2,1,2
django/core/checks/messages.py,82,59,10,11,2
django/core/checks/urls.py,159,117,24,8,8
django/core/checks/commands.py,28,22,5,1,2
django/core/checks/compatibility/__init__.py,0,0,1,0,0
django/core/checks/compatibility/django_4_0.py,20,17,5,1,2
django/core/checks/security/sessions.py,99,78,11,6,2
django/core/checks/security/csrf.py,67,54,8,4,4
django/core/checks/security/__init__.py,0,0,1,0,0
django/core/checks/security/base.py,305,241,50,18,3
django/core/management/color.py,120,62,22,6,6
django/core/management/__init__.py,443,151,120,11,17
django/core/management/templates.py,404,305,72,11,17
django/core/management/utils.py,181,83,43,11,12
django/core/management/sql.py,59,47,11,3,3
django/core/management/base.py,707,148,141,37,14
django/core/management/commands/createcachetable.py,131,117,22,3,5
django/core/management/commands/inspectdb.py,418,282,94,7,6
django/core/management/commands/squashmigrations.py,253,220,44,3,11
django/core/management/commands/check.py,88,79,10,2,5
django/core/management/commands/startapp.py,14,11,3,1,1
django/core/management/commands/optimizemigration.py,129,111,17,2,11
django/core/management/commands/sqlmigrate.py,83,62,11,3,4
django/core/management/commands/makemigrations.py,518,434,122,9,18
django/core/management/commands/sqlflush.py,30,25,2,2,3
django/core/management/commands/makemessages.py,778,624,152,27,18
django/core/management/commands/shell.py,283,203,67,7,22
django/core/management/commands/__init__.py,0,0,1,0,0
django/core/management/commands/dumpdata.py,286,251,51,3,10
django/core/management/commands/test.py,66,50,10,3,6
django/core/management/commands/flush.py,94,48,15,2,6
django/core/management/commands/loaddata.py,433,230,83,16,19
django/core/management/commands/runserver.py,201,92,32,8,13
django/core/management/commands/showmigrations.py,177,142,34,6,6
django/core/management/commands/sqlsequencereset.py,32,27,4,2,2
django/core/management/commands/dbshell.py,49,39,9,2,3
django/core/management/commands/sendtestemail.py,46,38,5,2,4
django/core/management/commands/startproject.py,21,14,3,1,3
django/core/management/commands/migrate.py,509,400,125,7,13
django/core/management/commands/compilemessages.py,195,160,39,5,9
django/core/management/commands/diffsettings.py,92,2,14,5,2
django/core/management/commands/testserver.py,65,52,4,2,3
django/core/serializers/pyyaml.py,88,39,13,7,10
django/core/serializers/__init__.py,255,135,51,12,6
django/core/serializers/xml_serializer.py,505,97,60,36,10
django/core/serializers/jsonl.py,68,28,10,7,5
django/core/serializers/python.py,222,155,37,21,5
django/core/serializers/json.py,113,52,22,8,10
django/core/serializers/base.py,388,139,57,25,3
django/core/files/locks.py,128,3,10,7,6
django/core/files/__init__.py,3,2,1,0,1
django/core/files/uploadhandler.py,253,114,18,18,6
django/core/files/utils.py,77,53,12,7,3
django/core/files/uploadedfile.py,152,56,8,13,6
django/core/files/temp.py,79,37,9,5,3
django/core/files/images.py,89,55,19,4,4
django/core/files/move.py,92,53,17,1,4
django/core/files/base.py,161,100,34,22,4
django/core/files/storage/mixins.py,15,2,6,2,0
django/core/files/storage/handler.py,46,37,6,4,4
django/core/files/storage/memory.py,293,105,35,32,15
django/core/files/storage/filesystem.py,229,170,35,21,13
django/core/files/storage/__init__.py,27,21,1,1,6
django/core/files/storage/base.py,206,38,30,16,7
django/core/handlers/exception.py,186,140,22,5,12
django/core/handlers/asgi.py,384,196,72,13,14
django/core/handlers/__init__.py,0,0,1,0,0
django/core/handlers/base.py,374,119,76,9,12
django/core/handlers/wsgi.py,207,116,23,16,9
django/core/servers/__init__.py,0,0,1,0,0
django/core/servers/basehttp.py,284,170,52,18,12
django/test/signals.py,253,173,28,16,37
django/test/runner.py,1284,674,180,81,33
django/test/client.py,1751,719,168,59,34
django/test/html.py,273,4,58,25,4
django/test/__init__.py,38,0,1,0,3
django/test/selenium.py,288,200,42,27,12
django/test/utils.py,1008,500,144,80,34
django/test/testcases.py,1893,639,291,120,43
django/dispatch/dispatcher.py,521,262,99,17,7
django/dispatch/__init__.py,10,1,3,0,1
django/template/library.py,489,345,72,31,7
django/template/__init__.py,76,18,6,0,8
django/template/response.py,164,61,20,12,2
django/template/smartif.py,215,129,27,22,0
django/template/context_processors.py,97,45,10,9,8
django/template/defaultfilters.py,996,339,142,65,24
django/template/engine.py,234,173,41,14,12
django/template/context.py,307,199,42,33,2
django/template/utils.py,110,76,18,6,8
django/template/loader.py,66,38,18,4,2
django/template/loader_tags.py,370,262,59,22,5
django/template/exceptions.py,44,12,5,1,0
django/template/autoreload.py,61,45,18,4,7
django/template/base.py,1205,625,218,68,17
django/template/defaulttags.py,1681,824,293,82,23
django/template/backends/django.py,182,122,28,15,11
django/template/backends/jinja2.py,125,96,14,8,8
django/template/backends/__init__.py,0,0,1,0,0
django/template/backends/utils.py,15,11,1,1,4
django/template/backends/dummy.py,51,42,7,4,6
django/template/backends/base.py,83,42,12,7,4
django/template/loaders/filesystem.py,45,27,7,4,4
django/template/loaders/__init__.py,0,0,1,0,0
django/template/loaders/cached.py,100,51,22,8,4
django/template/loaders/app_directories.py,13,5,2,1,2
django/template/loaders/base.py,51,29,7,4,1
django/template/loaders/locmem.py,26,17,3,3,2
django/utils/_os.py,63,30,15,3,5
django/utils/termcolors.py,221,120,32,3,0
django/utils/tree.py,126,45,30,13,2
django/utils/hashable.py,26,16,7,1,1
django/utils/version.py,124,62,21,6,7
django/utils/encoding.py,262,106,50,13,7
django/utils/log.py,262,187,35,14,8
django/utils/deprecation.py,330,194,52,17,7
django/utils/timesince.py,143,85,33,2,4
django/utils/numberformat.py,105,77,30,1,3
django/utils/asyncio.py,39,26,7,3,4
django/utils/html.py,527,240,77,30,17
django/utils/duration.py,46,11,5,4,1
django/utils/cache.py,445,214,95,22,11
django/utils/__init__.py,0,0,1,0,0
django/utils/csp.py,114,43,24,4,3
django/utils/deconstruct.py,61,40,9,4,4
django/utils/copy.py,17,10,4,1,2
django/utils/connection.py,85,4,8,16,3
django/utils/inspect.py,86,50,20,9,2
django/utils/functional.py,451,231,58,52,4
django/utils/crypto.py,77,18,14,4,5
django/utils/lorem_ipsum.py,286,244,17,4,1
django/utils/regex_helper.py,354,132,95,8,2
django/utils/http.py,396,165,84,17,11
django/utils/formats.py,305,171,77,11,10
django/utils/text.py,488,175,69,32,17
django/utils/archive.py,258,169,37,22,6
django/utils/safestring.py,78,30,12,6,2
django/utils/dates.py,79,77,2,0,2
django/utils/choices.py,116,26,31,9,5
django/utils/feedgenerator.py,524,229,74,37,8
django/utils/autoreload.py,676,128,133,47,25
django/utils/datastructures.py,365,174,53,45,2
django/utils/dateformat.py,335,197,50,43,8
django/utils/timezone.py,259,88,44,20,6
django/utils/ipv6.py,64,35,12,3,3
django/utils/json.py,19,2,9,1,1
django/utils/module_loading.py,107,43,24,5,11
django/utils/dateparse.py,154,13,41,4,3
django/utils/xmlutils.py,35,22,8,3,2
django/utils/decorators.py,229,128,35,21,2
django/utils/translation/trans_real.py,657,156,128,42,17
django/utils/translation/reloader.py,36,13,9,2,7
django/utils/translation/trans_null.py,67,33,4,12,1
django/utils/translation/__init__.py,302,187,23,33,11
django/utils/translation/template.py,246,216,52,3,5
django/contrib/__init__.py,0,0,1,0,0
django/contrib/syndication/__init__.py,0,0,1,0,0
django/contrib/syndication/apps.py,7,5,1,0,2
django/contrib/syndication/views.py,235,180,31,12,11
django/contrib/messages/constants.py,21,19,1,0,0
django/contrib/messages/__init__.py,3,3,1,0,3
django/contrib/messages/test.py,11,7,2,1,1
django/contrib/messages/apps.py,19,14,2,2,6
django/contrib/messages/api.py,127,59,7,9,2
django/contrib/messages/context_processors.py,13,7,1,1,2
django/contrib/messages/utils.py,12,7,1,1,2
django/contrib/messages/middleware.py,26,12,4,2,3
django/contrib/messages/views.py,19,11,2,2,1
django/contrib/messages/storage/session.py,52,32,6,5,4
django/contrib/messages/storage/__init__.py,12,4,1,1,2
django/contrib/messages/storage/cookie.py,248,146,37,17,7
django/contrib/messages/storage/fallback.py,56,31,12,3,3
django/contrib/messages/storage/base.py,183,89,29,20,3
django/contrib/auth/signals.py,5,4,1,0,1
django/contrib/auth/mixins.py,136,76,15,11,6
django/contrib/auth/password_validation.py,280,170,35,23,12
django/contrib/auth/models.py,634,262,75,44,14
django/contrib/auth/validators.py,25,20,4,0,4
django/contrib/auth/checks.py,262,227,40,4,7
django/contrib/auth/base_user.py,164,84,11,19,7
django/contrib/auth/__init__.py,383,163,65,14,15
django/contrib/auth/tokens.py,132,76,20,11,4
django/contrib/auth/apps.py,36,29,4,1,10
django/contrib/auth/forms.py,596,216,59,37,16
django/contrib/auth/backends.py,342,165,62,23,4
django/contrib/auth/context_processors.py,67,35,7,11,1
django/contrib/auth/admin.py,251,203,31,9,18
django/contrib/auth/hashers.py,699,367,76,52,17
django/contrib/auth/urls.py,36,30,2,0,2
django/contrib/auth/middleware.py,276,167,54,11,12
django/contrib/auth/views.py,371,246,40,25,22
django/contrib/auth/decorators.py,135,81,30,9,8
django/contrib/auth/templatetags/auth.py,25,22,5,1,4
django/contrib/auth/templatetags/__init__.py,0,0,1,0,0
django/contrib/auth/migrations/0012_alter_user_first_name_max_length.py,17,14,1,0,1
django/contrib/auth/migrations/0004_alter_user_username_opts.py,27,23,3,0,2
django/contrib/auth/migrations/0010_alter_group_name_max_length.py,15,12,1,0,1
django/contrib/auth/migrations/__init__.py,0,0,1,0,0
django/contrib/auth/migrations/0005_alter_user_last_login_null.py,17,14,1,0,1
django/contrib/auth/migrations/0009_alter_user_last_name_max_length.py,17,14,1,0,1
django/contrib/auth/migrations/0003_alter_user_email_max_length.py,17,14,1,0,1
django/contrib/auth/migrations/0007_alter_validators_add_error_messages.py,26,23,2,0,2
django/contrib/auth/migrations/0006_require_contenttypes_0002.py,13,8,1,0,1
django/contrib/auth/migrations/0011_update_proxy_permissions.py,76,13,12,2,4
django/contrib/auth/migrations/0002_alter_permission_name_max_length.py,15,12,1,0,1
django/contrib/auth/migrations/0001_initial.py,204,201,3,0,4
django/contrib/auth/migrations/0008_alter_user_username_max_length.py,26,23,2,0,2
django/contrib/auth/management/__init__.py,254,173,40,10,11
django/contrib/auth/management/commands/createsuperuser.py,317,260,71,8,11
django/contrib/auth/management/commands/__init__.py,0,0,1,0,0
django/contrib/auth/management/commands/changepassword.py,82,68,12,3,6
django/contrib/auth/handlers/modwsgi.py,43,27,7,2,2
django/contrib/auth/handlers/__init__.py,0,0,1,0,0
django/contrib/admin/options.py,2558,914,419,117,50
django/contrib/admin/models.py,199,152,23,9,10
django/contrib/admin/checks.py,1378,612,227,60,21
django/contrib/admin/actions.py,95,66,9,1,8
django/contrib/admin/__init__.py,52,49,1,1,5
django/contrib/admin/apps.py,27,9,2,2,4
django/contrib/admin/widgets.py,622,406,65,43,17
django/contrib/admin/forms.py,31,22,3,1,3
django/contrib/admin/utils.py,622,78,143,30,24
django/contrib/admin/sites.py,622,388,86,34,38
django/contrib/admin/exceptions.py,25,5,1,0,1
django/contrib/admin/tests.py,257,151,21,19,28
django/contrib/admin/helpers.py,565,474,73,41,15
django/contrib/admin/filters.py,716,585,98,50,8
django/contrib/admin/decorators.py,111,48,17,10,3
django/contrib/admin/templatetags/admin_list.py,547,426,80,23,17
django/contrib/admin/templatetags/log.py,67,43,11,4,1
django/contrib/admin/templatetags/__init__.py,0,0,1,0,0
django/contrib/admin/templatetags/admin_modify.py,150,114,35,6,4
django/contrib/admin/templatetags/base.py,45,34,3,2,2
django/contrib/admin/templatetags/admin_urls.py,70,52,8,3,7
django/contrib/admin/migrations/0002_logentry_remove_auto_add.py,21,17,2,0,2
django/contrib/admin/migrations/0003_logentry_add_action_flag_choices.py,19,15,1,0,1
django/contrib/admin/migrations/__init__.py,0,0,1,0,0
django/contrib/admin/migrations/0001_initial.py,75,72,1,0,3
django/contrib/admin/views/__init__.py,0,0,1,0,0
django/contrib/admin/views/autocomplete.py,123,23,18,6,5
django/contrib/admin/views/main.py,619,478,143,16,17
django/contrib/admin/views/decorators.py,19,13,6,1,2
django/contrib/staticfiles/finders.py,315,213,61,18,11
django/contrib/staticfiles/checks.py,29,12,4,2,3
django/contrib/staticfiles/handlers.py,115,27,18,9,10
django/contrib/staticfiles/__init__.py,0,0,1,0,0
django/contrib/staticfiles/apps.py,14,11,1,1,4
django/contrib/staticfiles/utils.py,71,51,24,3,4
django/contrib/staticfiles/storage.py,551,75,96,23,13
django/contrib/staticfiles/testing.py,13,4,2,0,2
django/contrib/staticfiles/urls.py,19,10,5,1,3
django/contrib/staticfiles/views.py,40,17,6,1,7
django/contrib/staticfiles/management/__init__.py,0,0,1,0,0
django/contrib/staticfiles/management/commands/__init__.py,0,0,1,0,0
django/contrib/staticfiles/management/commands/findstatic.py,48,43,12,2,3
django/contrib/staticfiles/management/commands/runserver.py,36,28,6,2,3
django/contrib/staticfiles/management/commands/collectstatic.py,399,314,77,12,10
django/contrib/flatpages/models.py,49,42,3,2,6
django/contrib/flatpages/__init__.py,0,0,1,0,0
django/contrib/flatpages/apps.py,8,6,1,0,2
django/contrib/flatpages/forms.py,74,64,12,4,6
django/contrib/flatpages/admin.py,22,20,1,0,4
django/contrib/flatpages/urls.py,6,5,1,0,2
django/contrib/flatpages/sitemaps.py,14,12,2,1,3
django/contrib/flatpages/middleware.py,20,16,7,1,4
django/contrib/flatpages/views.py,70,35,13,2,9
django/contrib/flatpages/templatetags/flatpages.py,101,58,21,3,4
django/contrib/flatpages/templatetags/__init__.py,0,0,1,0,0
django/contrib/flatpages/migrations/__init__.py,0,0,1,0,0
django/contrib/flatpages/migrations/0001_initial.py,68,65,1,0,1
django/contrib/sites/models.py,120,47,16,9,7
django/contrib/sites/shortcuts.py,18,8,4,1,3
django/contrib/sites/checks.py,14,11,2,1,3
django/contrib/sites/__init__.py,0,0,1,0,0
django/contrib/sites/apps.py,17,13,1,1,6
django/contrib/sites/admin.py,8,6,1,0,2
django/contrib/sites/management.py,47,31,12,1,4
django/contrib/sites/requests.py,20,9,3,4,0
django/contrib/sites/middleware.py,12,5,1,1,2
django/contrib/sites/managers.py,65,39,7,5,4
django/contrib/sites/migrations/__init__.py,0,0,1,0,0
django/contrib/sites/migrations/0002_alter_domain_unique.py,21,18,1,0,2
django/contrib/sites/migrations/0001_initial.py,43,40,1,0,3
django/contrib/postgres/functions.py,11,7,1,0,1
django/contrib/postgres/signals.py,81,48,12,5,7
django/contrib/postgres/validators.py,91,28,11,5,5
django/contrib/postgres/serializers.py,10,6,2,1,2
django/contrib/postgres/expressions.py,14,10,1,2,3
django/contrib/postgres/__init__.py,0,0,1,0,0
django/contrib/postgres/lookups.py,78,51,13,3,5
django/contrib/postgres/apps.py,84,70,8,2,14
django/contrib/postgres/operations.py,352,185,26,47,5
django/contrib/postgres/indexes.py,244,195,49,26,3
django/contrib/postgres/utils.py,53,37,11,3,5
django/contrib/postgres/search.py,526,404,55,46,9
django/contrib/postgres/constraints.py,223,204,50,11,10
django/contrib/postgres/forms/__init__.py,3,3,1,0,3
django/contrib/postgres/forms/ranges.py,119,27,10,6,5
django/contrib/postgres/forms/array.py,251,221,42,21,7
django/contrib/postgres/forms/hstore.py,59,39,13,3,4
django/contrib/postgres/aggregates/mixins.py,18,12,2,1,2
django/contrib/postgres/aggregates/__init__.py,2,2,1,0,2
django/contrib/postgres/aggregates/statistics.py,75,49,4,2,1
django/contrib/postgres/aggregates/general.py,82,58,2,2,6
django/contrib/postgres/fields/__init__.py,5,5,1,0,5
django/contrib/postgres/fields/citext.py,45,38,4,0,1
django/contrib/postgres/fields/ranges.py,384,29,42,29,9
django/contrib/postgres/fields/utils.py,3,3,1,1,0
django/contrib/postgres/fields/jsonb.py,14,11,2,0,1
django/contrib/postgres/fields/array.py,371,302,54,35,11
django/contrib/postgres/fields/hstore.py,114,86,11,11,8
django/contrib/redirects/models.py,35,31,2,1,3
django/contrib/redirects/__init__.py,0,0,1,0,0
django/contrib/redirects/apps.py,8,6,1,0,2
django/contrib/redirects/admin.py,9,7,1,0,2
django/contrib/redirects/middleware.py,50,40,9,2,7
django/contrib/redirects/migrations/__init__.py,0,0,1,0,0
django/contrib/redirects/migrations/0002_alter_redirect_new_path_help_text.py,23,20,2,0,1
django/contrib/redirects/migrations/0001_initial.py,64,61,2,0,1
django/contrib/sessions/models.py,35,11,7,1,2
django/contrib/sessions/serializers.py,3,2,1,0,1
django/contrib/sessions/__init__.py,0,0,1,0,0
django/contrib/sessions/apps.py,7,5,1,0,2
django/contrib/sessions/exceptions.py,19,4,1,0,1
django/contrib/sessions/base_session.py,48,30,3,5,2
django/contrib/sessions/middleware.py,77,63,18,3,8
django/contrib/sessions/migrations/__init__.py,0,0,1,0,0
django/contrib/sessions/migrations/0001_initial.py,37,34,1,0,2
django/contrib/sessions/backends/signed_cookies.py,103,52,10,8,2
django/contrib/sessions/backends/db.py,198,125,30,12,9
django/contrib/sessions/backends/cached_db.py,135,95,20,7,4
django/contrib/sessions/backends/cache.py,145,116,25,8,3
django/contrib/sessions/backends/__init__.py,0,0,1,0,0
django/contrib/sessions/backends/file.py,226,152,37,11,9
django/contrib/sessions/backends/base.py,525,333,88,40,9
django/contrib/sessions/management/__init__.py,0,0,1,0,0
django/contrib/sessions/management/commands/clearsessions.py,21,17,3,1,3
django/contrib/sessions/management/commands/__init__.py,0,0,1,0,0
django/contrib/sitemaps/__init__.py,202,23,42,17,5
django/contrib/sitemaps/apps.py,8,6,1,0,2
django/contrib/sitemaps/views.py,140,114,27,5,10
django/contrib/humanize/__init__.py,0,0,1,0,0
django/contrib/humanize/apps.py,7,5,1,0,2
django/contrib/humanize/templatetags/__init__.py,0,0,1,0,0
django/contrib/humanize/templatetags/humanize.py,343,243,50,7,10
django/contrib/contenttypes/models.py,188,92,30,16,5
django/contrib/contenttypes/fields.py,828,609,87,54,18
django/contrib/contenttypes/checks.py,46,40,11,2,4
django/contrib/contenttypes/__init__.py,0,0,1,0,0
django/contrib/contenttypes/apps.py,22,18,1,1,6
django/contrib/contenttypes/forms.py,133,115,12,5,4
django/contrib/contenttypes/admin.py,143,117,22,3,9
django/contrib/contenttypes/prefetch.py,36,31,9,3,2
django/contrib/contenttypes/views.py,88,61,22,1,6
django/contrib/contenttypes/migrations/0002_remove_content_type_name.py,42,37,3,1,1
django/contrib/contenttypes/migrations/__init__.py,0,0,1,0,0
django/contrib/contenttypes/migrations/0001_initial.py,45,42,1,0,2
django/contrib/contenttypes/management/__init__.py,135,99,26,6,2
django/contrib/contenttypes/management/commands/__init__.py,0,0,1,0,0
django/contrib/contenttypes/management/commands/remove_stale_contenttypes.py,113,98,20,3,6
django/contrib/gis/measure.py,374,282,49,24,2
django/contrib/gis/geoip2.py,230,138,44,14,9
django/contrib/gis/shortcuts.py,40,27,3,3,6
django/contrib/gis/feeds.py,151,17,28,14,2
django/contrib/gis/__init__.py,0,0,1,0,0
django/contrib/gis/apps.py,14,11,1,1,3
django/contrib/gis/geometry.py,19,14,3,0,2
django/contrib/gis/ptr.py,41,24,9,3,1
django/contrib/gis/views.py,22,3,7,1,2
django/contrib/gis/geos/mutable_list.py,314,201,52,31,1
django/contrib/gis/geos/error.py,4,3,1,0,0
django/contrib/gis/geos/prepared.py,51,29,5,10,3
django/contrib/gis/geos/polygon.py,189,121,42,15,5
django/contrib/gis/geos/io.py,28,16,6,2,2
django/contrib/gis/geos/linestring.py,193,134,39,14,6
django/contrib/gis/geos/__init__.py,19,14,3,0,9
django/contrib/gis/geos/factory.py,33,21,6,2,1
django/contrib/gis/geos/coordseq.py,211,148,23,34,6
django/contrib/gis/geos/point.py,163,115,31,19,5
django/contrib/gis/geos/collections.py,126,77,16,9,6
django/contrib/gis/geos/geometry.py,799,444,119,91,22
django/contrib/gis/geos/libgeos.py,175,93,28,8,9
django/contrib/gis/geos/base.py,6,4,2,0,2
django/contrib/gis/geos/prototypes/misc.py,35,16,4,0,4
django/contrib/gis/geos/prototypes/predicates.py,52,34,5,0,3
django/contrib/gis/geos/prototypes/prepared.py,26,18,2,0,3
django/contrib/gis/geos/prototypes/geom.py,94,51,9,0,3
django/contrib/gis/geos/prototypes/io.py,371,247,46,27,10
django/contrib/gis/geos/prototypes/__init__.py,68,62,2,0,5
django/contrib/gis/geos/prototypes/coordseq.py,97,61,10,4,3
django/contrib/gis/geos/prototypes/topology.py,74,56,3,0,4
django/contrib/gis/geos/prototypes/threadsafe.py,77,6,10,10,3
django/contrib/gis/geos/prototypes/errcheck.py,98,55,22,7,3
django/contrib/gis/forms/fields.py,144,52,25,4,6
django/contrib/gis/forms/__init__.py,13,12,1,0,3
django/contrib/gis/forms/widgets.py,116,85,18,7,5
django/contrib/gis/gdal/field.py,253,172,26,19,6
django/contrib/gis/gdal/srs.py,368,189,57,37,8
django/contrib/gis/gdal/error.py,61,36,10,1,0
django/contrib/gis/gdal/geomtype.py,146,123,22,7,1
django/contrib/gis/gdal/__init__.py,59,30,9,0,9
django/contrib/gis/gdal/feature.py,120,78,16,14,7
django/contrib/gis/gdal/datasource.py,128,70,25,6,7
django/contrib/gis/gdal/layer.py,234,150,44,21,14
django/contrib/gis/gdal/driver.py,101,57,19,5,6
django/contrib/gis/gdal/geometries.py,877,299,125,92,18
django/contrib/gis/gdal/base.py,6,4,2,0,2
django/contrib/gis/gdal/libgdal.py,144,95,19,6,9
django/contrib/gis/gdal/envelope.py,205,137,44,13,2
django/contrib/gis/gdal/prototypes/srs.py,107,71,9,2,3
django/contrib/gis/gdal/prototypes/generation.py,178,33,25,14,3
django/contrib/gis/gdal/prototypes/geom.py,175,141,7,3,5
django/contrib/gis/gdal/prototypes/__init__.py,0,0,1,0,0
django/contrib/gis/gdal/prototypes/ds.py,110,88,2,0,4
django/contrib/gis/gdal/prototypes/raster.py,169,146,6,0,4
django/contrib/gis/gdal/prototypes/errcheck.py,142,72,20,12,3
django/contrib/gis/gdal/raster/band.py,273,98,47,20,7
django/contrib/gis/gdal/raster/__init__.py,0,0,1,0,0
django/contrib/gis/gdal/raster/source.py,543,291,78,31,16
django/contrib/gis/gdal/raster/base.py,77,44,20,2,2
django/contrib/gis/gdal/raster/const.py,105,79,15,0,1
django/contrib/gis/admin/options.py,21,16,3,1,3
django/contrib/gis/admin/__init__.py,29,28,1,0,2
django/contrib/gis/management/__init__.py,0,0,1,0,0
django/contrib/gis/management/commands/inspectdb.py,18,13,5,1,1
django/contrib/gis/management/commands/ogrinspect.py,164,131,24,4,6
django/contrib/gis/management/commands/__init__.py,0,0,1,0,0
django/contrib/gis/utils/srs.py,78,34,19,1,3
django/contrib/gis/utils/ogrinspect.py,269,139,58,5,6
django/contrib/gis/utils/__init__.py,17,12,2,0,4
django/contrib/gis/utils/layermapping.py,736,463,147,16,12
django/contrib/gis/utils/ogrinfo.py,53,37,11,1,2
django/contrib/gis/serializers/__init__.py,0,0,1,0,0
django/contrib/gis/serializers/geojson.py,77,60,15,7,4
django/contrib/gis/sitemaps/kml.py,78,52,12,5,5
django/contrib/gis/sitemaps/__init__.py,4,2,1,0,1
django/contrib/gis/sitemaps/views.py,65,45,13,2,7
django/contrib/gis/db/__init__.py,0,0,1,0,0
django/contrib/gis/db/backends/__init__.py,0,0,1,0,0
django/contrib/gis/db/backends/utils.py,29,15,5,3,0
django/contrib/gis/db/backends/oracle/models.py,67,34,5,4,2
django/contrib/gis/db/backends/oracle/adapter.py,62,26,15,4,3
django/contrib/gis/db/backends/oracle/__init__.py,0,0,1,0,0
django/contrib/gis/db/backends/oracle/features.py,28,25,1,1,3
django/contrib/gis/db/backends/oracle/operations.py,254,176,29,15,12
django/contrib/gis/db/backends/oracle/introspection.py,48,33,6,2,3
django/contrib/gis/db/backends/oracle/base.py,14,10,1,0,5
django/contrib/gis/db/backends/oracle/schema.py,151,132,12,14,3
django/contrib/gis/db/backends/postgis/models.py,73,41,2,4,2
django/contrib/gis/db/backends/postgis/adapter.py,63,14,12,7,4
django/contrib/gis/db/backends/postgis/pgraster.py,152,75,29,5,3
django/contrib/gis/db/backends/postgis/__init__.py,0,0,1,0,0
django/contrib/gis/db/backends/postgis/features.py,13,11,1,0,2
django/contrib/gis/db/backends/postgis/operations.py,427,187,65,30,19
django/contrib/gis/db/backends/postgis/introspection.py,73,46,11,2,2
django/contrib/gis/db/backends/postgis/base.py,161,125,19,12,16
django/contrib/gis/db/backends/postgis/const.py,63,32,10,0,0
django/contrib/gis/db/backends/postgis/schema.py,125,103,15,8,3
django/contrib/gis/db/backends/mysql/__init__.py,0,0,1,0,0
django/contrib/gis/db/backends/mysql/features.py,22,17,1,1,3
django/contrib/gis/db/backends/mysql/operations.py,153,135,15,13,9
django/contrib/gis/db/backends/mysql/introspection.py,33,18,6,2,3
django/contrib/gis/db/backends/mysql/base.py,14,10,1,0,5
django/contrib/gis/db/backends/mysql/schema.py,112,96,17,8,4
django/contrib/gis/db/backends/spatialite/models.py,71,41,2,4,2
django/contrib/gis/db/backends/spatialite/adapter.py,10,7,3,1,2
django/contrib/gis/db/backends/spatialite/client.py,5,3,1,0,1
django/contrib/gis/db/backends/spatialite/__init__.py,0,0,1,0,0
django/contrib/gis/db/backends/spatialite/features.py,26,22,1,2,3
django/contrib/gis/db/backends/spatialite/operations.py,234,111,26,19,13
django/contrib/gis/db/backends/spatialite/introspection.py,83,62,9,2,2
django/contrib/gis/db/backends/spatialite/base.py,79,63,10,3,9
django/contrib/gis/db/backends/spatialite/schema.py,195,161,23,9,7
django/contrib/gis/db/backends/base/models.py,132,88,16,16,2
django/contrib/gis/db/backends/base/adapter.py,26,17,5,5,0
django/contrib/gis/db/backends/base/__init__.py,0,0,1,0,0
django/contrib/gis/db/backends/base/features.py,121,71,6,12,3
django/contrib/gis/db/backends/base/operations.py,216,160,30,17,6
django/contrib/gis/db/models/functions.py,633,483,66,44,10
django/contrib/gis/db/models/fields.py,436,265,63,25,10
django/contrib/gis/db/models/proxy.py,84,39,28,3,1
django/contrib/gis/db/models/__init__.py,30,29,1,0,7
django/contrib/gis/db/models/lookups.py,395,226,46,14,6
django/contrib/gis/db/models/aggregates.py,94,71,6,8,3
django/contrib/gis/db/models/sql/conversion.py,74,51,15,10,3
django/contrib/gis/db/models/sql/__init__.py,6,5,1,0,1
django/contrib/admindocs/__init__.py,0,0,1,0,0
django/contrib/admindocs/apps.py,7,5,1,0,2
django/contrib/admindocs/utils.py,268,107,37,14,11
django/contrib/admindocs/urls.py,50,49,1,0,2
django/contrib/admindocs/middleware.py,33,20,6,1,5
django/contrib/admindocs/views.py,523,209,80,15,22
django/http/multipartparser.py,754,398,138,29,12
django/http/request.py,843,329,146,72,16
django/http/__init__.py,52,51,1,0,3
django/http/response.py,753,230,108,63,24
django/http/cookie.py,23,13,5,1,1
django/urls/resolvers.py,842,514,131,53,22
django/urls/conf.py,96,0,20,2,5
django/urls/__init__.py,53,52,1,0,6
django/urls/utils.py,66,49,12,2,10
django/urls/exceptions.py,9,5,1,0,1
django/urls/converters.py,68,42,2,8,3
django/urls/base.py,208,133,42,10,8
django/db/transaction.py,340,151,73,19,2
django/db/__init__.py,63,47,5,2,3
django/db/utils.py,282,189,42,18,9
django/db/migrations/questioner.py,347,197,60,25,10
django/db/migrations/graph.py,335,202,65,30,3
django/db/migrations/recorder.py,111,50,15,10,5
django/db/migrations/__init__.py,2,2,1,0,2
django/db/migrations/autodetector.py,2063,715,402,54,15
django/db/migrations/utils.py,129,84,25,7,4
django/db/migrations/loader.py,422,229,99,15,10
django/db/migrations/optimizer.py,69,12,20,2,0
django/db/migrations/serializer.py,407,301,47,36,36
django/db/migrations/exceptions.py,60,8,1,3,1
django/db/migrations/writer.py,323,111,51,15,25
django/db/migrations/migration.py,239,125,49,11,5
django/db/migrations/executor.py,414,250,124,12,6
django/db/migrations/state.py,1020,242,225,61,22
django/db/migrations/operations/models.py,1288,248,168,131,9
django/db/migrations/operations/fields.py,357,158,47,42,6
django/db/migrations/operations/__init__.py,46,45,1,0,3
django/db/migrations/operations/special.py,214,149,42,22,2
django/db/migrations/operations/base.py,177,68,27,14,4
django/db/backends/signals.py,3,2,1,0,1
django/db/backends/__init__.py,0,0,1,0,0
django/db/backends/ddl_references.py,270,132,37,40,1
django/db/backends/utils.py,342,240,47,24,11
django/db/backends/postgresql/compiler.py,54,34,13,2,3
django/db/backends/postgresql/creation.py,91,74,17,7,5
django/db/backends/postgresql/client.py,64,53,14,2,2
django/db/backends/postgresql/__init__.py,0,0,1,0,0
django/db/backends/postgresql/features.py,176,159,10,8,5
django/db/backends/postgresql/operations.py,402,302,61,39,12
django/db/backends/postgresql/introspection.py,299,167,27,6,5
django/db/backends/postgresql/psycopg_any.py,114,27,6,8,11
django/db/backends/postgresql/base.py,612,444,102,27,30
django/db/backends/postgresql/schema.py,380,316,51,17,4
django/db/backends/dummy/__init__.py,0,0,1,0,0
django/db/backends/dummy/features.py,6,4,1,0,1
django/db/backends/dummy/base.py,76,46,7,3,7
django/db/backends/oracle/functions.py,26,8,3,2,1
django/db/backends/oracle/creation.py,469,213,85,32,6
django/db/backends/oracle/client.py,27,21,2,2,3
django/db/backends/oracle/__init__.py,0,0,1,0,0
django/db/backends/oracle/features.py,221,189,11,11,3
django/db/backends/oracle/operations.py,728,501,123,53,17
django/db/backends/oracle/utils.py,99,74,4,5,3
django/db/backends/oracle/introspection.py,415,216,35,8,6
django/db/backends/oracle/base.py,663,457,116,40,25
django/db/backends/oracle/schema.py,252,92,42,14,6
django/db/backends/oracle/validation.py,22,4,3,1,2
django/db/backends/sqlite3/creation.py,159,126,38,8,8
django/db/backends/sqlite3/client.py,10,7,1,1,1
django/db/backends/sqlite3/_functions.py,521,399,88,46,11
django/db/backends/sqlite3/__init__.py,0,0,1,0,0
django/db/backends/sqlite3/features.py,177,156,10,5,7
django/db/backends/sqlite3/operations.py,420,243,72,40,15
django/db/backends/sqlite3/introspection.py,449,29,91,13,8
django/db/backends/sqlite3/base.py,378,263,46,20,19
django/db/backends/sqlite3/schema.py,503,249,112,14,10
django/db/backends/mysql/compiler.py,72,55,14,2,6
django/db/backends/mysql/creation.py,100,89,19,4,5
django/db/backends/mysql/client.py,72,56,14,2,2
django/db/backends/mysql/__init__.py,0,0,1,0,0
django/db/backends/mysql/features.py,295,233,27,27,3
django/db/backends/mysql/operations.py,435,341,71,34,9
django/db/backends/mysql/introspection.py,365,190,61,9,8
django/db/backends/mysql/base.py,445,315,66,24,18
django/db/backends/mysql/schema.py,263,197,42,21,3
django/db/backends/mysql/validation.py,77,66,9,3,3
django/db/backends/base/creation.py,404,245,77,22,15
django/db/backends/base/client.py,31,3,4,4,2
django/db/backends/base/__init__.py,0,0,1,0,0
django/db/backends/base/features.py,445,189,41,5,2
django/db/backends/base/operations.py,834,248,140,81,10
django/db/backends/base/introspection.py,216,45,43,17,3
django/db/backends/base/base.py,792,325,128,63,21
django/db/backends/base/schema.py,2055,1064,434,84,14
django/db/backends/base/validation.py,32,1,5,4,0
django/db/models/options.py,1052,554,220,53,18
django/db/models/signals.py,54,35,3,3,4
django/db/models/enums.py,79,16,17,8,4
django/db/models/query.py,2771,1251,555,139,23
django/db/models/constants.py,13,5,2,0,1
django/db/models/expressions.py,2188,867,307,237,19
django/db/models/__init__.py,127,123,2,0,25
django/db/models/lookups.py,820,275,119,58,14
django/db/models/indexes.py,386,123,94,15,8
django/db/models/utils.py,69,42,16,6,2
django/db/models/aggregates.py,399,312,46,26,6
django/db/models/deletion.py,518,366,114,27,6
django/db/models/constraints.py,677,621,145,35,14
django/db/models/manager.py,213,29,26,22,6
django/db/models/query_utils.py,535,313,97,42,19
django/db/models/base.py,2503,618,590,76,30
django/db/models/functions/mixins.py,62,49,9,4,4
django/db/models/functions/window.py,120,90,9,5,2
django/db/models/functions/__init__.py,193,186,2,0,6
django/db/models/functions/comparison.py,172,58,22,16,2
django/db/models/functions/text.py,377,134,27,30,5
django/db/models/functions/math.py,214,146,9,14,6
django/db/models/functions/datetime.py,438,295,46,15,6
django/db/models/functions/json.py,124,93,18,10,5
django/db/models/fields/related_descriptors.py,1598,1047,240,72,13
django/db/models/fields/files.py,538,330,81,42,17
django/db/models/fields/mixins.py,65,47,8,7,2
django/db/models/fields/generated.py,207,185,37,13,6
django/db/models/fields/related.py,2073,915,319,111,26
django/db/models/fields/tuple_lookups.py,421,335,72,26,7
django/db/models/fields/proxy.py,18,6,2,1,1
django/db/models/fields/__init__.py,2890,1962,406,241,35
django/db/models/fields/composite.py,177,138,30,20,6
django/db/models/fields/reverse_related.py,405,62,41,38,5
django/db/models/fields/related_lookups.py,152,105,35,5,6
django/db/models/fields/json.py,657,504,96,45,11
django/db/models/sql/compiler.py,2257,1578,529,60,20
django/db/models/sql/query.py,2835,694,699,114,26
django/db/models/sql/subqueries.py,177,91,24,13,3
django/db/models/sql/where.py,345,228,83,27,9
django/db/models/sql/constants.py,26,12,3,0,0
django/db/models/sql/__init__.py,6,5,1,0,4
django/db/models/sql/datastructures.py,217,141,26,15,2
django/views/csrf.py,80,62,12,2,7
django/views/__init__.py,3,2,1,0,1
django/views/debug.py,671,420,124,31,22
django/views/static.py,122,73,20,4,10
django/views/defaults.py,150,46,23,4,4
django/views/i18n.py,253,75,49,13,14
django/views/decorators/clickjacking.py,90,42,8,9,2
django/views/decorators/gzip.py,5,4,2,0,2
django/views/decorators/csrf.py,69,30,9,5,4
django/views/decorators/vary.py,44,22,4,4,3
django/views/decorators/cache.py,84,47,9,7,5
django/views/decorators/__init__.py,0,0,1,0,0
django/views/decorators/csp.py,39,5,6,5,2
django/views/decorators/common.py,27,11,3,2,2
django/views/decorators/debug.py,147,80,19,10,4
django/views/decorators/http.py,169,100,35,11,10
django/views/generic/list.py,224,74,45,11,6
django/views/generic/__init__.py,39,33,1,0,5
django/views/generic/edit.py,274,83,39,25,6
django/views/generic/detail.py,191,68,34,7,5
django/views/generic/dates.py,823,357,102,48,11
django/views/generic/base.py,290,114,42,21,10
django/conf/__init__.py,257,91,51,21,11
django/conf/global_settings.py,679,299,54,1,2
django/conf/locale/__init__.py,630,620,2,0,0
django/conf/locale/sl/__init__.py,0,0,1,0,0
django/conf/locale/sl/formats.py,44,35,1,0,0
django/conf/locale/sk/__init__.py,0,0,1,0,0
django/conf/locale/sk/formats.py,30,21,1,0,0
django/conf/locale/ug/__init__.py,0,0,1,0,0
django/conf/locale/ug/formats.py,14,10,1,0,0
django/conf/locale/uz/__init__.py,0,0,1,0,0
django/conf/locale/uz/formats.py,30,23,1,0,0
django/conf/locale/pl/__init__.py,0,0,1,0,0
django/conf/locale/pl/formats.py,30,21,1,0,0
django/conf/locale/fr_BE/__init__.py,0,0,1,0,0
django/conf/locale/fr_BE/formats.py,32,25,1,0,0
django/conf/locale/vi/__init__.py,0,0,1,0,0
django/conf/locale/vi/formats.py,21,9,1,0,0
django/conf/locale/sq/__init__.py,0,0,1,0,0
django/conf/locale/sq/formats.py,21,7,1,0,0
django/conf/locale/de_CH/__init__.py,0,0,1,0,0
django/conf/locale/de_CH/formats.py,35,20,4,0,0
django/conf/locale/sv/__init__.py,0,0,1,0,0
django/conf/locale/sv/formats.py,35,27,1,0,0
django/conf/locale/ga/__init__.py,0,0,1,0,0
django/conf/locale/ga/formats.py,21,6,1,0,0
django/conf/locale/he/__init__.py,0,0,1,0,0
django/conf/locale/he/formats.py,21,9,1,0,0
django/conf/locale/ms/__init__.py,0,0,1,0,0
django/conf/locale/ms/formats.py,38,31,1,0,0
django/conf/locale/km/__init__.py,0,0,1,0,0
django/conf/locale/km/formats.py,21,8,1,0,0
django/conf/locale/ar_DZ/__init__.py,0,0,1,0,0
django/conf/locale/ar_DZ/formats.py,29,22,1,0,0
django/conf/locale/nn/__init__.py,0,0,1,0,0
django/conf/locale/nn/formats.py,41,27,1,0,0
django/conf/locale/da/__init__.py,0,0,1,0,0
django/conf/locale/da/formats.py,26,19,1,0,0
django/conf/locale/es_NI/__init__.py,0,0,1,0,0
django/conf/locale/es_NI/formats.py,26,24,1,0,0
django/conf/locale/ky/__init__.py,0,0,1,0,0
django/conf/locale/ky/formats.py,32,25,1,0,0
django/conf/locale/mn/__init__.py,0,0,1,0,0
django/conf/locale/mn/formats.py,21,3,1,0,0
django/conf/locale/pt_BR/__init__.py,0,0,1,0,0
django/conf/locale/pt_BR/formats.py,34,23,1,0,0
django/conf/locale/es_CO/__init__.py,0,0,1,0,0
django/conf/locale/es_CO/formats.py,26,24,1,0,0
django/conf/locale/ja/__init__.py,0,0,1,0,0
django/conf/locale/ja/formats.py,21,10,1,0,0
django/conf/locale/el/__init__.py,0,0,1,0,0
django/conf/locale/el/formats.py,34,27,1,0,0
django/conf/locale/ig/__init__.py,0,0,1,0,0
django/conf/locale/ig/formats.py,32,25,1,0,0
django/conf/locale/lv/__init__.py,0,0,1,0,0
django/conf/locale/lv/formats.py,46,38,1,0,0
django/conf/locale/fy/__init__.py,0,0,1,0,0
django/conf/locale/fy/formats.py,21,0,1,0,0
django/conf/locale/it/__init__.py,0,0,1,0,0
django/conf/locale/it/formats.py,43,36,1,0,0
django/conf/locale/ca/__init__.py,0,0,1,0,0
django/conf/locale/ca/formats.py,30,23,1,0,0
django/conf/locale/is/__init__.py,0,0,1,0,0
django/conf/locale/is/formats.py,21,8,1,0,0
django/conf/locale/cs/__init__.py,0,0,1,0,0
django/conf/locale/cs/formats.py,43,33,1,0,0
django/conf/locale/en_CA/__init__.py,0,0,1,0,0
django/conf/locale/en_CA/formats.py,31,23,1,0,0
django/conf/locale/te/__init__.py,0,0,1,0,0
django/conf/locale/te/formats.py,21,4,1,0,0
django/conf/locale/zh_Hans/__init__.py,0,0,1,0,0
django/conf/locale/zh_Hans/formats.py,42,32,1,0,0
django/conf/locale/ru/__init__.py,0,0,1,0,0
django/conf/locale/ru/formats.py,30,23,1,0,0
django/conf/locale/tk/__init__.py,0,0,1,0,0
django/conf/locale/tk/formats.py,32,25,1,0,0
django/conf/locale/zh_Hant/__init__.py,0,0,1,0,0
django/conf/locale/zh_Hant/formats.py,42,32,1,0,0
django/conf/locale/fr_CH/__init__.py,0,0,1,0,0
django/conf/locale/fr_CH/formats.py,32,25,1,0,0
django/conf/locale/fr_CA/__init__.py,0,0,1,0,0
django/conf/locale/fr_CA/formats.py,30,23,1,0,0
django/conf/locale/ro/__init__.py,0,0,1,0,0
django/conf/locale/ro/formats.py,35,28,1,0,0
django/conf/locale/ckb/__init__.py,0,0,1,0,0
django/conf/locale/ckb/formats.py,21,10,1,0,0
django/conf/locale/pt/__init__.py,0,0,1,0,0
django/conf/locale/pt/formats.py,39,27,1,0,0
django/conf/locale/uk/__init__.py,0,0,1,0,0
django/conf/locale/uk/formats.py,35,28,1,0,0
django/conf/locale/sr/__init__.py,0,0,1,0,0
django/conf/locale/sr/formats.py,44,31,1,0,0
django/conf/locale/en_AU/__init__.py,0,0,1,0,0
django/conf/locale/en_AU/formats.py,41,26,1,0,0
django/conf/locale/en_GB/__init__.py,0,0,1,0,0
django/conf/locale/en_GB/formats.py,41,26,1,0,0
django/conf/locale/es_PR/__init__.py,0,0,1,0,0
django/conf/locale/es_PR/formats.py,27,23,1,0,0
django/conf/locale/ml/__init__.py,0,0,1,0,0
django/conf/locale/ml/formats.py,43,27,1,0,0
django/conf/locale/es_MX/__init__.py,0,0,1,0,0
django/conf/locale/es_MX/formats.py,26,24,1,0,0
django/conf/locale/mk/__init__.py,0,0,1,0,0
django/conf/locale/mk/formats.py,40,31,1,0,0
django/conf/locale/kn/__init__.py,0,0,1,0,0
django/conf/locale/kn/formats.py,21,4,1,0,0
django/conf/locale/bs/__init__.py,0,0,1,0,0
django/conf/locale/bs/formats.py,21,8,1,0,0
django/conf/locale/ar/__init__.py,0,0,1,0,0
django/conf/locale/ar/formats.py,21,7,1,0,0
django/conf/locale/gl/__init__.py,0,0,1,0,0
django/conf/locale/gl/formats.py,21,10,1,0,0
django/conf/locale/hr/__init__.py,0,0,1,0,0
django/conf/locale/hr/formats.py,44,35,1,0,0
django/conf/locale/hu/__init__.py,0,0,1,0,0
django/conf/locale/hu/formats.py,30,23,1,0,0
django/conf/locale/nl/__init__.py,0,0,1,0,0
django/conf/locale/nl/formats.py,92,58,1,0,0
django/conf/locale/bg/__init__.py,0,0,1,0,0
django/conf/locale/bg/formats.py,21,6,1,0,0
django/conf/locale/bn/__init__.py,0,0,1,0,0
django/conf/locale/bn/formats.py,32,22,1,0,0
django/conf/locale/es_AR/__init__.py,0,0,1,0,0
django/conf/locale/es_AR/formats.py,30,23,1,0,0
django/conf/locale/nb/__init__.py,0,0,1,0,0
django/conf/locale/nb/formats.py,41,27,1,0,0
django/conf/locale/hi/__init__.py,0,0,1,0,0
django/conf/locale/hi/formats.py,21,6,1,0,0
django/conf/locale/ka/__init__.py,0,0,1,0,0
django/conf/locale/ka/formats.py,48,35,1,0,0
django/conf/locale/de/__init__.py,0,0,1,0,0
django/conf/locale/de/formats.py,29,20,1,0,0
django/conf/locale/az/__init__.py,0,0,1,0,0
django/conf/locale/az/formats.py,30,23,1,0,0
django/conf/locale/gd/__init__.py,0,0,1,0,0
django/conf/locale/gd/formats.py,21,9,1,0,0
django/conf/locale/ko/__init__.py,0,0,1,0,0
django/conf/locale/ko/formats.py,54,36,1,0,0
django/conf/locale/fi/__init__.py,0,0,1,0,0
django/conf/locale/fi/formats.py,36,28,1,0,0
django/conf/locale/sr_Latn/__init__.py,0,0,1,0,0
django/conf/locale/sr_Latn/formats.py,44,31,1,0,0
django/conf/locale/eo/__init__.py,0,0,1,0,0
django/conf/locale/eo/formats.py,44,37,1,0,0
django/conf/locale/id/__init__.py,0,0,1,0,0
django/conf/locale/id/formats.py,49,39,1,0,0
django/conf/locale/fr/__init__.py,0,0,1,0,0
django/conf/locale/fr/formats.py,27,20,1,0,0
django/conf/locale/es/__init__.py,0,0,1,0,0
django/conf/locale/es/formats.py,30,23,1,0,0
django/conf/locale/et/__init__.py,0,0,1,0,0
django/conf/locale/et/formats.py,21,6,1,0,0
django/conf/locale/en/__init__.py,0,0,1,0,0
django/conf/locale/en/formats.py,65,40,10,0,0
django/conf/locale/fa/__init__.py,0,0,1,0,0
django/conf/locale/fa/formats.py,21,10,1,0,0
django/conf/locale/lt/__init__.py,0,0,1,0,0
django/conf/locale/lt/formats.py,45,38,1,0,0
django/conf/locale/cy/__init__.py,0,0,1,0,0
django/conf/locale/cy/formats.py,33,26,1,0,0
django/conf/locale/eu/__init__.py,0,0,1,0,0
django/conf/locale/eu/formats.py,21,11,1,0,0
django/conf/locale/en_IE/__init__.py,0,0,1,0,0
django/conf/locale/en_IE/formats.py,37,30,1,0,0
django/conf/locale/ta/__init__.py,0,0,1,0,0
django/conf/locale/ta/formats.py,21,4,1,0,0
django/conf/locale/th/__init__.py,0,0,1,0,0
django/conf/locale/th/formats.py,33,26,1,0,0
django/conf/locale/tr/__init__.py,0,0,1,0,0
django/conf/locale/tr/formats.py,30,21,1,0,0
django/conf/locale/tg/__init__.py,0,0,1,0,0
django/conf/locale/tg/formats.py,32,25,1,0,0
django/conf/urls/__init__.py,9,7,1,0,2
django/conf/urls/static.py,30,16,5,1,8
django/conf/urls/i18n.py,39,22,6,2,4
django/apps/config.py,274,137,62,10,10
django/apps/registry.py,438,121,97,21,14
django/apps/__init__.py,4,3,1,0,2
