filename,loc_physical,loc,cc,fan_in,fan_out
clients/clients-integration-tests/src/test/java/org/apache/kafka/clients/TransactionsExpirationTest.java,310,245,18,17,43
clients/clients-integration-tests/src/test/java/org/apache/kafka/clients/MetadataVersionIntegrationTest.java,88,62,5,3,10
clients/clients-integration-tests/src/test/java/org/apache/kafka/clients/ClientsTestUtils.java,539,444,16,46,38
clients/clients-integration-tests/src/test/java/org/apache/kafka/clients/ClientRebootstrapTest.java,296,205,11,13,22
clients/clients-integration-tests/src/test/java/org/apache/kafka/clients/CreateTopicsRequestWithPolicyTest.java,239,191,15,9,23
clients/clients-integration-tests/src/test/java/org/apache/kafka/clients/TransactionsWithMaxInFlightOneTest.java,126,99,4,6,31
clients/clients-integration-tests/src/test/java/org/apache/kafka/clients/MetricsDuringTopicCreationDeletionTest.java,148,105,16,12,15
clients/clients-integration-tests/src/test/java/org/apache/kafka/clients/producer/ProducerIdExpirationTest.java,287,205,8,12,47
clients/clients-integration-tests/src/test/java/org/apache/kafka/clients/producer/ProducerCompressionTest.java,178,131,9,6,28
clients/clients-integration-tests/src/test/java/org/apache/kafka/clients/producer/ProducerSendWhileDeletionTest.java,342,261,20,17,41
clients/clients-integration-tests/src/test/java/org/apache/kafka/clients/producer/ProducerFailureHandlingTest.java,300,201,8,8,37
clients/clients-integration-tests/src/test/java/org/apache/kafka/clients/security/GroupAuthorizerIntegrationTest.java,444,375,8,34,52
clients/clients-integration-tests/src/test/java/org/apache/kafka/clients/admin/StaticBrokerConfigTest.java,198,144,11,9,22
clients/clients-integration-tests/src/test/java/org/apache/kafka/clients/admin/ListOffsetsIntegrationTest.java,291,204,19,22,30
clients/clients-integration-tests/src/test/java/org/apache/kafka/clients/admin/AdminClientWithPoliciesIntegrationTest.java,201,141,4,10,28
clients/clients-integration-tests/src/test/java/org/apache/kafka/clients/admin/DeleteTopicTest.java,376,306,20,21,32
clients/clients-integration-tests/src/test/java/org/apache/kafka/clients/admin/DescribeAuthorizedOperationsTest.java,242,192,4,15,34
clients/clients-integration-tests/src/test/java/org/apache/kafka/clients/admin/ClientTelemetryTest.java,195,149,4,10,43
clients/clients-integration-tests/src/test/java/org/apache/kafka/clients/admin/DescribeProducersWithBrokerIdTest.java,143,103,4,10,14
clients/clients-integration-tests/src/test/java/org/apache/kafka/clients/admin/AdminFenceProducersTest.java,137,96,5,6,21
clients/clients-integration-tests/src/test/java/org/apache/kafka/clients/admin/RackAwareAutoTopicCreationTest.java,145,105,12,6,20
clients/clients-integration-tests/src/test/java/org/apache/kafka/clients/consumer/PlaintextConsumerPollTest.java,680,514,23,52,47
clients/clients-integration-tests/src/test/java/org/apache/kafka/clients/consumer/PlaintextConsumerSubscriptionTest.java,628,470,8,37,37
clients/clients-integration-tests/src/test/java/org/apache/kafka/clients/consumer/ConsumerBounceTest.java,814,582,52,54,51
clients/clients-integration-tests/src/test/java/org/apache/kafka/clients/consumer/ShareConsumerRackAwareTest.java,188,150,5,0,22
clients/clients-integration-tests/src/test/java/org/apache/kafka/clients/consumer/ShareConsumerTest.java,3227,2502,125,133,90
clients/clients-integration-tests/src/test/java/org/apache/kafka/clients/consumer/PlaintextConsumerFetchTest.java,489,386,14,36,37
clients/clients-integration-tests/src/test/java/org/apache/kafka/clients/consumer/PlaintextConsumerCallbackTest.java,371,299,11,42,24
clients/clients-integration-tests/src/test/java/org/apache/kafka/clients/consumer/ConsumerIntegrationTest.java,349,288,20,15,31
clients/clients-integration-tests/src/test/java/org/apache/kafka/clients/consumer/PlaintextConsumerAssignTest.java,315,236,6,30,22
clients/clients-integration-tests/src/test/java/org/apache/kafka/clients/consumer/PlaintextConsumerTest.java,1726,1404,22,118,92
clients/clients-integration-tests/src/test/java/org/apache/kafka/clients/consumer/RackAwareAssignor.java,105,74,15,2,14
clients/clients-integration-tests/src/test/java/org/apache/kafka/clients/consumer/ConsumerTopicCreationTest.java,125,93,4,10,16
clients/clients-integration-tests/src/test/java/org/apache/kafka/clients/consumer/PlaintextConsumerCommitTest.java,599,439,11,54,38
clients/clients-integration-tests/src/test/java/org/apache/kafka/clients/consumer/SaslPlainPlaintextConsumerTest.java,156,124,3,11,27
clients/clients-integration-tests/src/test/java/org/apache/kafka/clients/consumer/ConsumerAssignmentPoller.java,131,98,12,20,10
clients/clients-integration-tests/src/test/java/org/apache/kafka/clients/consumer/ConsumerWithLegacyMessageFormatIntegrationTest.java,224,168,7,20,30
clients/clients-integration-tests/src/test/java/org/apache/kafka/server/quota/CustomQuotaCallbackTest.java,182,134,8,18,22
clients/src/test/java/org/apache/kafka/clients/ClientUtilsTest.java,204,165,3,13,22
clients/src/test/java/org/apache/kafka/clients/MockClient.java,845,639,64,116,24
clients/src/test/java/org/apache/kafka/clients/NodeApiVersionsTest.java,196,162,12,11,20
clients/src/test/java/org/apache/kafka/clients/MetadataSnapshotTest.java,235,176,3,5,19
clients/src/test/java/org/apache/kafka/clients/ClusterConnectionStatesTest.java,469,329,15,36,19
clients/src/test/java/org/apache/kafka/clients/NetworkClientTest.java,1482,835,28,87,70
clients/src/test/java/org/apache/kafka/clients/InFlightRequestsTest.java,129,86,3,12,12
clients/src/test/java/org/apache/kafka/clients/GroupRebalanceConfigTest.java,75,51,3,0,6
clients/src/test/java/org/apache/kafka/clients/AddressChangeHostResolver.java,49,26,3,9,1
clients/src/test/java/org/apache/kafka/clients/CommonClientConfigsTest.java,156,121,3,7,19
clients/src/test/java/org/apache/kafka/clients/FetchSessionHandlerTest.java,788,637,23,23,37
clients/src/test/java/org/apache/kafka/clients/ApiVersionsTest.java,66,40,3,1,4
clients/src/test/java/org/apache/kafka/clients/MetadataTest.java,1233,932,24,40,49
clients/src/test/java/org/apache/kafka/clients/producer/RecordSendTest.java,104,48,6,7,15
clients/src/test/java/org/apache/kafka/clients/producer/ProducerRecordTest.java,78,45,6,2,4
clients/src/test/java/org/apache/kafka/clients/producer/ProducerConfigTest.java,205,158,6,12,20
clients/src/test/java/org/apache/kafka/clients/producer/MockProducerTest.java,750,621,9,63,30
clients/src/test/java/org/apache/kafka/clients/producer/RecordMetadataTest.java,62,38,3,2,4
clients/src/test/java/org/apache/kafka/clients/producer/KafkaProducerTest.java,3244,2628,59,169,152
clients/src/test/java/org/apache/kafka/clients/producer/PreparedTxnStateTest.java,196,130,6,10,6
clients/src/test/java/org/apache/kafka/clients/producer/RoundRobinPartitionerTest.java,99,66,9,3,11
clients/src/test/java/org/apache/kafka/clients/producer/internals/TransactionManagerTest.java,4617,3432,55,225,101
clients/src/test/java/org/apache/kafka/clients/producer/internals/RecordAccumulatorTest.java,1793,1335,105,81,64
clients/src/test/java/org/apache/kafka/clients/producer/internals/BuiltInPartitionerTest.java,208,142,11,5,15
clients/src/test/java/org/apache/kafka/clients/producer/internals/SenderTest.java,3957,2966,94,145,126
clients/src/test/java/org/apache/kafka/clients/producer/internals/FutureRecordMetadataTest.java,82,50,3,5,11
clients/src/test/java/org/apache/kafka/clients/producer/internals/ProducerMetadataTest.java,335,244,20,20,22
clients/src/test/java/org/apache/kafka/clients/producer/internals/ProducerTestUtils.java,45,24,4,1,2
clients/src/test/java/org/apache/kafka/clients/producer/internals/ProducerBatchTest.java,374,276,24,18,35
clients/src/test/java/org/apache/kafka/clients/producer/internals/KafkaProducerMetricsTest.java,128,72,3,20,4
clients/src/test/java/org/apache/kafka/clients/producer/internals/BufferPoolTest.java,410,303,24,30,29
clients/src/test/java/org/apache/kafka/clients/producer/internals/ProducerInterceptorsTest.java,268,190,26,30,11
clients/src/test/java/org/apache/kafka/clients/admin/AdminClientConfigTest.java,49,25,3,2,9
clients/src/test/java/org/apache/kafka/clients/admin/DeleteConsumerGroupOffsetsResultTest.java,118,84,3,13,16
clients/src/test/java/org/apache/kafka/clients/admin/MemberDescriptionTest.java,156,117,3,9,6
clients/src/test/java/org/apache/kafka/clients/admin/KafkaAdminClientTest.java,11721,9488,186,366,307
clients/src/test/java/org/apache/kafka/clients/admin/DescribeTopicsResultTest.java,46,22,3,2,5
clients/src/test/java/org/apache/kafka/clients/admin/DeleteTopicsResultTest.java,66,38,3,3,10
clients/src/test/java/org/apache/kafka/clients/admin/EndpointTypeTest.java,48,24,3,4,3
clients/src/test/java/org/apache/kafka/clients/admin/AdminClientTestUtils.java,220,134,12,20,17
clients/src/test/java/org/apache/kafka/clients/admin/AdminClientUnitTestEnv.java,140,88,8,18,11
clients/src/test/java/org/apache/kafka/clients/admin/RemoveMembersFromConsumerGroupOptionsTest.java,39,15,4,1,4
clients/src/test/java/org/apache/kafka/clients/admin/GroupListingTest.java,49,22,3,2,7
clients/src/test/java/org/apache/kafka/clients/admin/ConsumerGroupListingTest.java,39,18,4,1,4
clients/src/test/java/org/apache/kafka/clients/admin/DescribeUserScramCredentialsResultTest.java,120,89,10,3,9
clients/src/test/java/org/apache/kafka/clients/admin/ListGroupsOptionsTest.java,114,79,3,6,7
clients/src/test/java/org/apache/kafka/clients/admin/FakeForwardingAdmin.java,26,7,3,1,1
clients/src/test/java/org/apache/kafka/clients/admin/ConfigTest.java,102,70,3,13,10
clients/src/test/java/org/apache/kafka/clients/admin/MockAdminClient.java,1603,1386,178,156,56
clients/src/test/java/org/apache/kafka/clients/admin/ListConsumerGroupsOptionsTest.java,34,13,3,1,4
clients/src/test/java/org/apache/kafka/clients/admin/RemoveMembersFromConsumerGroupResultTest.java,119,85,3,12,16
clients/src/test/java/org/apache/kafka/clients/admin/ListTransactionsResultTest.java,119,78,4,5,14
clients/src/test/java/org/apache/kafka/clients/admin/NewTopicTest.java,186,142,3,16,15
clients/src/test/java/org/apache/kafka/clients/admin/ScramMechanismTest.java,35,13,3,1,2
clients/src/test/java/org/apache/kafka/clients/admin/TopicCollectionTest.java,46,20,3,1,8
clients/src/test/java/org/apache/kafka/clients/admin/ConsumerGroupDescriptionTest.java,40,20,4,1,3
clients/src/test/java/org/apache/kafka/clients/admin/internals/DeleteRecordsHandlerTest.java,307,242,7,22,32
clients/src/test/java/org/apache/kafka/clients/admin/internals/AdminBootstrapAddressesTest.java,78,54,4,3,11
clients/src/test/java/org/apache/kafka/clients/admin/internals/DeleteShareGroupsHandlerTest.java,26,7,3,1,1
clients/src/test/java/org/apache/kafka/clients/admin/internals/AllBrokersStrategyIntegrationTest.java,249,188,4,16,24
clients/src/test/java/org/apache/kafka/clients/admin/internals/DeleteConsumerGroupOffsetsHandlerTest.java,208,168,4,21,26
clients/src/test/java/org/apache/kafka/clients/admin/internals/DescribeProducersHandlerTest.java,330,267,8,18,35
clients/src/test/java/org/apache/kafka/clients/admin/internals/AdminApiDriverTest.java,917,702,25,72,37
clients/src/test/java/org/apache/kafka/clients/admin/internals/ListOffsetsHandlerTest.java,342,273,14,28,31
clients/src/test/java/org/apache/kafka/clients/admin/internals/DeleteGroupsHandlerTest.java,136,101,3,15,19
clients/src/test/java/org/apache/kafka/clients/admin/internals/PartitionLeaderStrategyTest.java,302,246,5,22,26
clients/src/test/java/org/apache/kafka/clients/admin/internals/AdminMetadataManagerTest.java,163,118,4,12,16
clients/src/test/java/org/apache/kafka/clients/admin/internals/AbortTransactionHandlerTest.java,222,174,3,15,24
clients/src/test/java/org/apache/kafka/clients/admin/internals/ListTransactionsHandlerTest.java,252,207,8,17,27
clients/src/test/java/org/apache/kafka/clients/admin/internals/CoordinatorStrategyTest.java,291,231,3,20,20
clients/src/test/java/org/apache/kafka/clients/admin/internals/AlterConsumerGroupOffsetsHandlerTest.java,189,152,3,21,19
clients/src/test/java/org/apache/kafka/clients/admin/internals/AdminFetchMetricsManagerTest.java,170,125,3,13,16
clients/src/test/java/org/apache/kafka/clients/admin/internals/PartitionLeaderStrategyIntegrationTest.java,491,342,14,20,31
clients/src/test/java/org/apache/kafka/clients/admin/internals/DeleteConsumerGroupsHandlerTest.java,26,7,3,1,1
clients/src/test/java/org/apache/kafka/clients/admin/internals/AllBrokersStrategyTest.java,124,86,3,6,12
clients/src/test/java/org/apache/kafka/clients/admin/internals/DescribeTransactionsHandlerTest.java,227,181,5,15,19
clients/src/test/java/org/apache/kafka/clients/admin/internals/ListConsumerGroupOffsetsHandlerTest.java,593,528,5,48,36
clients/src/test/java/org/apache/kafka/clients/admin/internals/RemoveMembersFromConsumerGroupHandlerTest.java,180,143,3,20,21
clients/src/test/java/org/apache/kafka/clients/admin/internals/DescribeConsumerGroupsHandlerTest.java,423,369,7,26,47
clients/src/test/java/org/apache/kafka/clients/admin/internals/FenceProducersHandlerTest.java,157,119,3,13,17
clients/src/test/java/org/apache/kafka/clients/consumer/CooperativeStickyAssignorTest.java,290,197,8,16,25
clients/src/test/java/org/apache/kafka/clients/consumer/RangeAssignorTest.java,604,468,14,43,31
clients/src/test/java/org/apache/kafka/clients/consumer/ConsumerGroupMetadataTest.java,88,55,3,6,7
clients/src/test/java/org/apache/kafka/clients/consumer/MockConsumerTest.java,235,181,4,11,19
clients/src/test/java/org/apache/kafka/clients/consumer/RoundRobinAssignorTest.java,347,259,8,23,15
clients/src/test/java/org/apache/kafka/clients/consumer/ConsumerRecordsTest.java,220,161,18,8,18
clients/src/test/java/org/apache/kafka/clients/consumer/MockShareConsumerTest.java,52,30,3,2,9
clients/src/test/java/org/apache/kafka/clients/consumer/KafkaConsumerTest.java,3863,2913,93,219,159
clients/src/test/java/org/apache/kafka/clients/consumer/OffsetAndMetadataTest.java,83,50,4,7,6
clients/src/test/java/org/apache/kafka/clients/consumer/ConsumerRecordTest.java,101,75,3,2,7
clients/src/test/java/org/apache/kafka/clients/consumer/ConsumerConfigTest.java,295,235,7,26,25
clients/src/test/java/org/apache/kafka/clients/consumer/KafkaShareConsumerMetricsTest.java,394,312,8,22,48
clients/src/test/java/org/apache/kafka/clients/consumer/ConsumerPartitionAssignorTest.java,157,116,3,14,16
clients/src/test/java/org/apache/kafka/clients/consumer/CloseOptionsTest.java,52,28,3,0,7
clients/src/test/java/org/apache/kafka/clients/consumer/KafkaShareConsumerTest.java,418,322,38,24,48
clients/src/test/java/org/apache/kafka/clients/consumer/ShareConsumerConfigTest.java,53,30,3,2,6
clients/src/test/java/org/apache/kafka/clients/consumer/StickyAssignorTest.java,393,316,12,17,35
clients/src/test/java/org/apache/kafka/clients/consumer/internals/TopicMetadataRequestManagerTest.java,305,247,10,15,41
clients/src/test/java/org/apache/kafka/clients/consumer/internals/ShareCompletedFetchTest.java,470,380,12,21,41
clients/src/test/java/org/apache/kafka/clients/consumer/internals/ShareAcknowledgementModeTest.java,67,41,3,3,6
clients/src/test/java/org/apache/kafka/clients/consumer/internals/ConsumerMembershipManagerTest.java,3061,2239,71,172,81
clients/src/test/java/org/apache/kafka/clients/consumer/internals/CommitRequestManagerTest.java,1759,1375,57,92,81
clients/src/test/java/org/apache/kafka/clients/consumer/internals/FetchBufferTest.java,208,137,8,16,25
clients/src/test/java/org/apache/kafka/clients/consumer/internals/BaseHeartbeatThreadTest.java,65,38,3,3,6
clients/src/test/java/org/apache/kafka/clients/consumer/internals/ShareFetchMetricsManagerTest.java,176,124,6,17,17
clients/src/test/java/org/apache/kafka/clients/consumer/internals/ConsumerProtocolTest.java,359,292,14,21,24
clients/src/test/java/org/apache/kafka/clients/consumer/internals/ShareMembershipManagerTest.java,1684,1227,38,113,61
clients/src/test/java/org/apache/kafka/clients/consumer/internals/OffsetFetcherTest.java,1726,1340,32,94,77
clients/src/test/java/org/apache/kafka/clients/consumer/internals/TopicMetadataFetcherTest.java,260,207,8,27,34
clients/src/test/java/org/apache/kafka/clients/consumer/internals/RequestFutureTest.java,242,176,3,26,6
clients/src/test/java/org/apache/kafka/clients/consumer/internals/FetchCollectorTest.java,989,717,14,69,55
clients/src/test/java/org/apache/kafka/clients/consumer/internals/ShareSessionHandlerTest.java,474,376,15,17,28
clients/src/test/java/org/apache/kafka/clients/consumer/internals/AbstractStickyAssignorTest.java,1565,1229,78,84,41
clients/src/test/java/org/apache/kafka/clients/consumer/internals/StreamsMembershipManagerTest.java,2270,1951,7,143,57
clients/src/test/java/org/apache/kafka/clients/consumer/internals/StreamsRebalanceDataTest.java,440,379,3,21,16
clients/src/test/java/org/apache/kafka/clients/consumer/internals/CompletedFetchTest.java,307,249,6,18,35
clients/src/test/java/org/apache/kafka/clients/consumer/internals/CounterConsumerRebalanceListener.java,90,60,6,14,5
clients/src/test/java/org/apache/kafka/clients/consumer/internals/ShareHeartbeatRequestManagerTest.java,768,614,27,56,57
clients/src/test/java/org/apache/kafka/clients/consumer/internals/HeartbeatRequestStateTest.java,137,101,3,11,7
clients/src/test/java/org/apache/kafka/clients/consumer/internals/StreamsGroupHeartbeatRequestManagerTest.java,1627,1441,10,95,62
clients/src/test/java/org/apache/kafka/clients/consumer/internals/ConsumerNetworkThreadTest.java,341,278,7,27,36
clients/src/test/java/org/apache/kafka/clients/consumer/internals/ShareFetchCollectorTest.java,357,262,6,29,44
clients/src/test/java/org/apache/kafka/clients/consumer/internals/NetworkClientDelegateTest.java,328,266,3,23,46
clients/src/test/java/org/apache/kafka/clients/consumer/internals/ShareFetchBufferTest.java,184,123,7,14,26
clients/src/test/java/org/apache/kafka/clients/consumer/internals/RequestStateTest.java,91,52,3,4,5
clients/src/test/java/org/apache/kafka/clients/consumer/internals/WakeupTriggerTest.java,227,179,3,22,19
clients/src/test/java/org/apache/kafka/clients/consumer/internals/FetchRequestManagerTest.java,4309,3180,132,208,132
clients/src/test/java/org/apache/kafka/clients/consumer/internals/AcknowledgementCommitCallbackHandlerTest.java,176,137,6,21,21
clients/src/test/java/org/apache/kafka/clients/consumer/internals/SubscriptionStateTest.java,1152,871,9,70,31
clients/src/test/java/org/apache/kafka/clients/consumer/internals/ConsumerMetadataTest.java,453,347,13,22,42
clients/src/test/java/org/apache/kafka/clients/consumer/internals/ConsumerNetworkClientTest.java,425,332,11,31,42
clients/src/test/java/org/apache/kafka/clients/consumer/internals/ThrowOnAssignmentAssignor.java,49,23,4,4,2
clients/src/test/java/org/apache/kafka/clients/consumer/internals/ConsumerHeartbeatRequestManagerTest.java,1218,966,41,73,71
clients/src/test/java/org/apache/kafka/clients/consumer/internals/CoordinatorRequestManagerTest.java,302,210,13,19,33
clients/src/test/java/org/apache/kafka/clients/consumer/internals/AcknowledgementsTest.java,506,426,8,20,6
clients/src/test/java/org/apache/kafka/clients/consumer/internals/BackgroundEventHandlerTest.java,66,41,3,2,12
clients/src/test/java/org/apache/kafka/clients/consumer/internals/ConsumerCoordinatorTest.java,4196,3223,127,250,115
clients/src/test/java/org/apache/kafka/clients/consumer/internals/ShareConsumeRequestManagerTest.java,2906,2133,54,131,107
clients/src/test/java/org/apache/kafka/clients/consumer/internals/TimedRequestStateTest.java,97,69,3,8,8
clients/src/test/java/org/apache/kafka/clients/consumer/internals/AbstractCoordinatorTest.java,1780,1379,64,112,74
clients/src/test/java/org/apache/kafka/clients/consumer/internals/ConsumerInterceptorsTest.java,209,149,18,22,17
clients/src/test/java/org/apache/kafka/clients/consumer/internals/FetchMetricsManagerTest.java,408,283,22,23,20
clients/src/test/java/org/apache/kafka/clients/consumer/internals/AsyncKafkaConsumerTest.java,2287,1865,37,148,145
clients/src/test/java/org/apache/kafka/clients/consumer/internals/RequestManagersTest.java,120,91,3,2,16
clients/src/test/java/org/apache/kafka/clients/consumer/internals/ApplicationEventHandlerTest.java,68,45,3,7,17
clients/src/test/java/org/apache/kafka/clients/consumer/internals/EagerConsumerCoordinatorTest.java,25,7,3,1,1
clients/src/test/java/org/apache/kafka/clients/consumer/internals/StreamsRebalanceListenerInvokerTest.java,293,211,3,23,21
clients/src/test/java/org/apache/kafka/clients/consumer/internals/OffsetsRequestManagerTest.java,1123,883,14,65,63
clients/src/test/java/org/apache/kafka/clients/consumer/internals/ShareConsumerImplTest.java,850,645,17,54,75
clients/src/test/java/org/apache/kafka/clients/consumer/internals/FetchConfigTest.java,59,32,4,3,6
clients/src/test/java/org/apache/kafka/clients/consumer/internals/TopicPartitionComparatorTest.java,60,33,3,10,5
clients/src/test/java/org/apache/kafka/clients/consumer/internals/OffsetForLeaderEpochClientTest.java,177,133,3,11,22
clients/src/test/java/org/apache/kafka/clients/consumer/internals/AutoOffsetResetStrategyTest.java,122,88,3,4,12
clients/src/test/java/org/apache/kafka/clients/consumer/internals/KafkaConsumerMetricsTest.java,106,68,3,12,9
clients/src/test/java/org/apache/kafka/clients/consumer/internals/HeartbeatTest.java,125,87,3,13,8
clients/src/test/java/org/apache/kafka/clients/consumer/internals/CooperativeConsumerCoordinatorTest.java,25,7,3,1,1
clients/src/test/java/org/apache/kafka/clients/consumer/internals/TopicIdPartitionSetTest.java,154,111,3,9,13
clients/src/test/java/org/apache/kafka/clients/consumer/internals/FetcherTest.java,3894,2962,118,175,124
clients/src/test/java/org/apache/kafka/clients/consumer/internals/OffsetCommitCallbackInvokerTest.java,143,104,3,7,19
clients/src/test/java/org/apache/kafka/clients/consumer/internals/AbstractPartitionAssignorTest.java,299,249,24,20,24
clients/src/test/java/org/apache/kafka/clients/consumer/internals/MockPartitionAssignor.java,72,42,4,9,4
clients/src/test/java/org/apache/kafka/clients/consumer/internals/MockRebalanceListener.java,49,27,3,9,3
clients/src/test/java/org/apache/kafka/clients/consumer/internals/metrics/AsyncConsumerMetricsTest.java,235,170,4,16,12
clients/src/test/java/org/apache/kafka/clients/consumer/internals/metrics/RebalanceCallbackMetricsManagerTest.java,53,30,3,3,6
clients/src/test/java/org/apache/kafka/clients/consumer/internals/metrics/ConsumerRebalanceMetricsManagerTest.java,63,33,5,3,13
clients/src/test/java/org/apache/kafka/clients/consumer/internals/metrics/HeartbeatMetricsManagerTest.java,63,32,3,3,8
clients/src/test/java/org/apache/kafka/clients/consumer/internals/metrics/OffsetCommitMetricsManagerTest.java,56,26,3,3,6
clients/src/test/java/org/apache/kafka/clients/consumer/internals/metrics/ShareRebalanceMetricsManagerTest.java,51,25,3,3,6
clients/src/test/java/org/apache/kafka/clients/consumer/internals/events/CompletableEventReaperTest.java,201,113,6,8,14
clients/src/test/java/org/apache/kafka/clients/consumer/internals/events/ApplicationEventProcessorTest.java,661,555,6,48,61
clients/src/test/java/org/apache/kafka/test/TestCondition.java,27,5,4,0,0
clients/src/test/java/org/apache/kafka/test/TestUtils.java,745,444,69,62,61
clients/src/test/java/org/apache/kafka/test/DelayedReceive.java,40,16,3,5,1
clients/src/test/java/org/apache/kafka/test/MockMetricsReporter.java,55,30,3,9,6
clients/src/test/java/org/apache/kafka/test/TestSslUtils.java,848,665,67,54,77
clients/src/test/java/org/apache/kafka/test/MockSelector.java,243,174,13,40,18
clients/src/test/java/org/apache/kafka/test/MockClusterResourceListener.java,38,16,3,4,3
clients/src/test/java/org/apache/kafka/test/MetricsBench.java,58,38,5,1,9
clients/src/test/java/org/apache/kafka/test/MockConsumerInterceptor.java,129,95,9,17,19
clients/src/test/java/org/apache/kafka/test/MockDeserializer.java,73,45,5,13,7
clients/src/test/java/org/apache/kafka/test/MockPartitioner.java,51,27,3,7,4
clients/src/test/java/org/apache/kafka/test/ValuelessCallable.java,25,4,3,0,0
clients/src/test/java/org/apache/kafka/test/MockProducerInterceptor.java,122,88,11,23,10
clients/src/test/java/org/apache/kafka/test/MockSerializer.java,56,31,5,9,6
clients/src/test/java/org/apache/kafka/test/NoRetryException.java,35,11,3,3,0
clients/src/test/java/org/apache/kafka/server/policy/AlterConfigPolicyTest.java,52,28,3,1,7
clients/src/test/java/org/apache/kafka/common/KafkaFutureTest.java,629,25,30,40,22
clients/src/test/java/org/apache/kafka/common/TopicIdPartitionTest.java,82,51,3,15,4
clients/src/test/java/org/apache/kafka/common/TopicPartitionTest.java,63,28,4,5,5
clients/src/test/java/org/apache/kafka/common/UuidTest.java,139,101,3,7,10
clients/src/test/java/org/apache/kafka/common/PartitionInfoTest.java,42,20,3,1,2
clients/src/test/java/org/apache/kafka/common/ClusterTest.java,164,134,4,10,12
clients/src/test/java/org/apache/kafka/common/metrics/KafkaMetricsContextTest.java,89,56,3,12,7
clients/src/test/java/org/apache/kafka/common/metrics/JmxReporterTest.java,180,132,3,4,15
clients/src/test/java/org/apache/kafka/common/metrics/MetricsTest.java,910,577,38,48,45
clients/src/test/java/org/apache/kafka/common/metrics/SensorTest.java,368,268,9,16,27
clients/src/test/java/org/apache/kafka/common/metrics/FakeMetricsReporter.java,39,15,3,5,2
clients/src/test/java/org/apache/kafka/common/metrics/KafkaMbeanTest.java,157,119,10,18,17
clients/src/test/java/org/apache/kafka/common/metrics/KafkaMetricTest.java,51,26,3,3,8
clients/src/test/java/org/apache/kafka/common/metrics/TokenBucketTest.java,95,49,3,3,7
clients/src/test/java/org/apache/kafka/common/metrics/SampleMetrics.java,30,7,4,3,1
clients/src/test/java/org/apache/kafka/common/metrics/internals/PluginMetricsImplTest.java,125,89,3,4,13
clients/src/test/java/org/apache/kafka/common/metrics/internals/MetricsUtilsTest.java,40,18,3,2,4
clients/src/test/java/org/apache/kafka/common/metrics/internals/IntGaugeSuiteTest.java,97,71,3,5,10
clients/src/test/java/org/apache/kafka/common/metrics/stats/RateTest.java,103,59,11,6,15
clients/src/test/java/org/apache/kafka/common/metrics/stats/HistogramTest.java,176,146,12,7,7
clients/src/test/java/org/apache/kafka/common/metrics/stats/SampledStatTest.java,107,64,6,9,8
clients/src/test/java/org/apache/kafka/common/metrics/stats/MeterTest.java,74,47,7,2,8
clients/src/test/java/org/apache/kafka/common/metrics/stats/FrequenciesTest.java,178,132,11,17,14
clients/src/test/java/org/apache/kafka/common/compress/GzipCompressionTest.java,87,59,6,3,16
clients/src/test/java/org/apache/kafka/common/compress/Lz4CompressionTest.java,453,348,27,20,32
clients/src/test/java/org/apache/kafka/common/compress/NoCompressionTest.java,59,35,4,1,12
clients/src/test/java/org/apache/kafka/common/compress/SnappyCompressionTest.java,58,34,4,1,12
clients/src/test/java/org/apache/kafka/common/compress/ZstdCompressionTest.java,74,47,5,2,14
clients/src/test/java/org/apache/kafka/common/record/DefaultRecordBatchTest.java,583,443,29,26,40
clients/src/test/java/org/apache/kafka/common/record/FileRecordsTest.java,792,563,33,41,44
clients/src/test/java/org/apache/kafka/common/record/MemoryRecordsTest.java,1246,1008,61,45,40
clients/src/test/java/org/apache/kafka/common/record/ControlRecordUtilsTest.java,104,72,4,4,13
clients/src/test/java/org/apache/kafka/common/record/AbstractLegacyRecordBatchTest.java,253,188,13,11,11
clients/src/test/java/org/apache/kafka/common/record/CompressionRatioEstimatorTest.java,55,29,5,1,4
clients/src/test/java/org/apache/kafka/common/record/ControlRecordTypeTest.java,60,36,3,3,5
clients/src/test/java/org/apache/kafka/common/record/DefaultRecordTest.java,511,416,13,22,15
clients/src/test/java/org/apache/kafka/common/record/EndTransactionMarkerTest.java,151,113,10,11,13
clients/src/test/java/org/apache/kafka/common/record/FileLogInputStreamTest.java,323,251,15,13,28
clients/src/test/java/org/apache/kafka/common/record/InvalidMemoryRecordsProvider.java,132,74,4,9,7
clients/src/test/java/org/apache/kafka/common/record/ArbitraryMemoryRecords.java,39,18,3,2,5
clients/src/test/java/org/apache/kafka/common/record/SimpleLegacyRecordTest.java,90,41,4,4,11
clients/src/test/java/org/apache/kafka/common/record/ByteBufferLogInputStreamTest.java,124,84,3,4,10
clients/src/test/java/org/apache/kafka/common/record/BufferSupplierTest.java,48,22,3,1,5
clients/src/test/java/org/apache/kafka/common/record/UnalignedFileRecordsTest.java,81,48,5,6,10
clients/src/test/java/org/apache/kafka/common/record/LegacyRecordTest.java,143,112,12,7,15
clients/src/test/java/org/apache/kafka/common/record/MultiRecordsSendTest.java,81,48,6,3,10
clients/src/test/java/org/apache/kafka/common/record/MemoryRecordsBuilderTest.java,642,533,37,29,32
clients/src/test/java/org/apache/kafka/common/record/RemoteLogInputStreamTest.java,294,229,14,12,29
clients/src/test/java/org/apache/kafka/common/memory/GarbageCollectedMemoryPoolTest.java,175,126,8,15,10
clients/src/test/java/org/apache/kafka/common/cache/LRUCacheTest.java,94,60,3,3,5
clients/src/test/java/org/apache/kafka/common/config/SaslConfigsTest.java,125,95,3,11,6
clients/src/test/java/org/apache/kafka/common/config/AbstractConfigTest.java,749,593,17,52,30
clients/src/test/java/org/apache/kafka/common/config/ConfigDefTest.java,816,687,25,52,29
clients/src/test/java/org/apache/kafka/common/config/ConfigTransformerTest.java,150,112,8,22,10
clients/src/test/java/org/apache/kafka/common/config/ConfigResourceTest.java,47,24,3,3,3
clients/src/test/java/org/apache/kafka/common/config/provider/EnvVarConfigProviderTest.java,116,80,3,4,12
clients/src/test/java/org/apache/kafka/common/config/provider/MockFileConfigProvider.java,67,42,5,7,9
clients/src/test/java/org/apache/kafka/common/config/provider/MockVaultConfigProvider.java,47,25,3,5,5
clients/src/test/java/org/apache/kafka/common/config/provider/AllowedPathsTest.java,113,77,4,14,13
clients/src/test/java/org/apache/kafka/common/config/provider/DirectoryConfigProviderTest.java,218,168,3,27,23
clients/src/test/java/org/apache/kafka/common/config/provider/FileConfigProviderTest.java,216,165,3,22,21
clients/src/test/java/org/apache/kafka/common/security/SaslExtensionsTest.java,82,43,3,4,9
clients/src/test/java/org/apache/kafka/common/security/JaasContextTest.java,411,319,12,30,26
clients/src/test/java/org/apache/kafka/common/security/TestSecurityConfig.java,49,29,3,2,6
clients/src/test/java/org/apache/kafka/common/security/kerberos/KerberosNameTest.java,140,98,3,5,8
clients/src/test/java/org/apache/kafka/common/security/kerberos/KerberosRuleTest.java,48,23,3,1,3
clients/src/test/java/org/apache/kafka/common/security/ssl/SslPrincipalMapperTest.java,124,85,3,8,3
clients/src/test/java/org/apache/kafka/common/security/ssl/DefaultSslEngineFactoryTest.java,336,278,4,22,14
clients/src/test/java/org/apache/kafka/common/security/ssl/Tls13SslFactoryTest.java,27,9,3,1,2
clients/src/test/java/org/apache/kafka/common/security/ssl/CommonNameLoggingTrustManagerFactoryWrapperTest.java,595,444,22,18,27
clients/src/test/java/org/apache/kafka/common/security/ssl/Tls12SslFactoryTest.java,23,6,3,1,0
clients/src/test/java/org/apache/kafka/common/security/ssl/SslFactoryTest.java,613,503,22,31,42
clients/src/test/java/org/apache/kafka/common/security/ssl/CommonNameLoggingSslEngineFactoryTest.java,25,7,3,1,0
clients/src/test/java/org/apache/kafka/common/security/ssl/mock/TestTrustManagerFactory.java,85,46,3,11,8
clients/src/test/java/org/apache/kafka/common/security/ssl/mock/TestKeyManagerFactory.java,114,79,4,17,19
clients/src/test/java/org/apache/kafka/common/security/ssl/mock/TestScramSaslServerProviderCreator.java,34,13,4,2,2
clients/src/test/java/org/apache/kafka/common/security/ssl/mock/TestScramSaslServerProvider.java,31,10,3,2,1
clients/src/test/java/org/apache/kafka/common/security/ssl/mock/TestPlainSaslServerProvider.java,31,10,3,2,1
clients/src/test/java/org/apache/kafka/common/security/ssl/mock/TestProvider.java,36,14,4,4,1
clients/src/test/java/org/apache/kafka/common/security/ssl/mock/TestProviderCreator.java,34,13,4,2,2
clients/src/test/java/org/apache/kafka/common/security/ssl/mock/TestPlainSaslServerProviderCreator.java,34,13,4,2,2
clients/src/test/java/org/apache/kafka/common/security/auth/DefaultKafkaPrincipalBuilderTest.java,196,132,3,10,18
clients/src/test/java/org/apache/kafka/common/security/auth/KafkaPrincipalTest.java,34,13,3,1,2
clients/src/test/java/org/apache/kafka/common/security/plain/internals/PlainSaslServerTest.java,117,80,3,11,11
clients/src/test/java/org/apache/kafka/common/security/oauthbearer/OAuthBearerExtensionsValidatorCallbackTest.java,92,56,3,5,8
clients/src/test/java/org/apache/kafka/common/security/oauthbearer/ClientJwtValidatorTest.java,58,31,4,1,7
clients/src/test/java/org/apache/kafka/common/security/oauthbearer/OAuthBearerValidatorCallbackHandlerTest.java,196,149,4,11,20
clients/src/test/java/org/apache/kafka/common/security/oauthbearer/ClaimValidationUtilsTest.java,168,123,3,17,11
clients/src/test/java/org/apache/kafka/common/security/oauthbearer/JwtValidatorTest.java,95,64,3,9,8
clients/src/test/java/org/apache/kafka/common/security/oauthbearer/OAuthBearerValidatorCallbackTest.java,78,52,3,8,6
clients/src/test/java/org/apache/kafka/common/security/oauthbearer/DefaultJwtRetrieverTest.java,143,106,3,8,25
clients/src/test/java/org/apache/kafka/common/security/oauthbearer/JwtBearerJwtRetrieverTest.java,151,107,3,5,22
clients/src/test/java/org/apache/kafka/common/security/oauthbearer/OAuthBearerSaslClientCallbackHandlerTest.java,102,73,4,9,11
clients/src/test/java/org/apache/kafka/common/security/oauthbearer/OAuthBearerLoginModuleTest.java,453,306,13,17,24
clients/src/test/java/org/apache/kafka/common/security/oauthbearer/DefaultJwtValidatorTest.java,57,32,3,3,9
clients/src/test/java/org/apache/kafka/common/security/oauthbearer/OAuthBearerTokenCallbackTest.java,78,52,3,8,6
clients/src/test/java/org/apache/kafka/common/security/oauthbearer/BrokerJwtValidatorTest.java,97,63,4,6,10
clients/src/test/java/org/apache/kafka/common/security/oauthbearer/OAuthBearerLoginCallbackHandlerTest.java,245,195,4,12,25
clients/src/test/java/org/apache/kafka/common/security/oauthbearer/OAuthBearerTokenMock.java,46,24,3,5,1
clients/src/test/java/org/apache/kafka/common/security/oauthbearer/internals/OAuthBearerClientInitialResponseTest.java,139,95,3,11,9
clients/src/test/java/org/apache/kafka/common/security/oauthbearer/internals/OAuthBearerSaslServerTest.java,215,162,10,20,29
clients/src/test/java/org/apache/kafka/common/security/oauthbearer/internals/OAuthBearerSaslClientTest.java,153,110,8,17,19
clients/src/test/java/org/apache/kafka/common/security/oauthbearer/internals/unsecured/OAuthBearerUnsecuredJwsTest.java,159,129,8,12,10
clients/src/test/java/org/apache/kafka/common/security/oauthbearer/internals/unsecured/OAuthBearerUnsecuredLoginCallbackHandlerTest.java,163,130,5,7,19
clients/src/test/java/org/apache/kafka/common/security/oauthbearer/internals/unsecured/OAuthBearerUnsecuredValidatorCallbackHandlerTest.java,169,131,7,28,15
clients/src/test/java/org/apache/kafka/common/security/oauthbearer/internals/unsecured/OAuthBearerValidationUtilsTest.java,246,211,38,17,8
clients/src/test/java/org/apache/kafka/common/security/oauthbearer/internals/unsecured/OAuthBearerScopeUtilsTest.java,55,32,11,2,5
clients/src/test/java/org/apache/kafka/common/security/oauthbearer/internals/expiring/ExpiringCredentialRefreshingLoginTest.java,775,488,36,50,30
clients/src/test/java/org/apache/kafka/common/security/oauthbearer/internals/expiring/ExpiringCredentialRefreshConfigTest.java,44,23,3,1,6
clients/src/test/java/org/apache/kafka/common/security/oauthbearer/internals/secured/VerificationKeyResolverFactoryTest.java,66,38,4,4,10
clients/src/test/java/org/apache/kafka/common/security/oauthbearer/internals/secured/OAuthBearerTest.java,266,207,9,23,47
clients/src/test/java/org/apache/kafka/common/security/oauthbearer/internals/secured/JaasOptionsUtilsTest.java,62,35,3,2,10
clients/src/test/java/org/apache/kafka/common/security/oauthbearer/internals/secured/AccessTokenBuilder.java,205,139,14,30,13
clients/src/test/java/org/apache/kafka/common/security/oauthbearer/internals/secured/CachedFileTest.java,151,98,6,4,16
clients/src/test/java/org/apache/kafka/common/security/oauthbearer/internals/secured/RetryTest.java,138,96,3,5,7
clients/src/test/java/org/apache/kafka/common/security/oauthbearer/internals/secured/ConfigurationUtilsTest.java,205,145,4,25,11
clients/src/test/java/org/apache/kafka/common/security/oauthbearer/internals/secured/ClientCredentialsRequestFormatterTest.java,141,101,10,12,12
clients/src/test/java/org/apache/kafka/common/security/oauthbearer/internals/secured/BasicOAuthBearerTokenTest.java,92,55,3,3,10
clients/src/test/java/org/apache/kafka/common/security/oauthbearer/internals/secured/RefreshingHttpsJwksTest.java,313,203,20,23,25
clients/src/test/java/org/apache/kafka/common/security/oauthbearer/internals/secured/JwtResponseParserTest.java,71,41,3,4,7
clients/src/test/java/org/apache/kafka/common/security/oauthbearer/internals/secured/HttpJwtRetrieverTest.java,135,101,3,8,16
clients/src/test/java/org/apache/kafka/common/security/oauthbearer/internals/secured/assertion/DefaultAssertionCreatorTest.java,193,150,3,13,28
clients/src/test/java/org/apache/kafka/common/security/oauthbearer/internals/secured/assertion/FileAssertionJwtTemplateTest.java,129,89,3,7,12
clients/src/test/java/org/apache/kafka/common/security/oauthbearer/internals/secured/assertion/DynamicAssertionJwtTemplateTest.java,83,52,5,3,11
clients/src/test/java/org/apache/kafka/common/security/oauthbearer/internals/secured/assertion/FileAssertionCreatorTest.java,51,26,3,2,5
clients/src/test/java/org/apache/kafka/common/security/scram/internals/ScramFormatterTest.java,92,55,5,2,8
clients/src/test/java/org/apache/kafka/common/security/scram/internals/ScramSaslServerTest.java,166,116,3,14,18
clients/src/test/java/org/apache/kafka/common/security/scram/internals/ScramCredentialUtilsTest.java,98,66,5,8,13
clients/src/test/java/org/apache/kafka/common/security/scram/internals/ScramMessagesTest.java,354,250,24,22,16
clients/src/test/java/org/apache/kafka/common/security/authenticator/SaslAuthenticatorTest.java,2776,1969,96,173,129
clients/src/test/java/org/apache/kafka/common/security/authenticator/TestDigestLoginModule.java,76,47,12,3,10
clients/src/test/java/org/apache/kafka/common/security/authenticator/TestJaasConfig.java,155,121,16,12,12
clients/src/test/java/org/apache/kafka/common/security/authenticator/SaslServerAuthenticatorTest.java,443,354,6,25,67
clients/src/test/java/org/apache/kafka/common/security/authenticator/SaslAuthenticatorFailureDelayTest.java,242,177,20,24,28
clients/src/test/java/org/apache/kafka/common/security/authenticator/SaslAuthenticatorFailurePositiveDelayTest.java,23,6,3,1,0
clients/src/test/java/org/apache/kafka/common/security/authenticator/SaslAuthenticatorFailureNoDelayTest.java,23,6,3,1,0
clients/src/test/java/org/apache/kafka/common/security/authenticator/ClientAuthenticationFailureTest.java,144,108,4,13,32
clients/src/test/java/org/apache/kafka/common/security/authenticator/LoginManagerTest.java,211,160,5,9,25
clients/src/test/java/org/apache/kafka/common/serialization/ListSerializerTest.java,154,119,5,14,10
clients/src/test/java/org/apache/kafka/common/serialization/SerializationTest.java,449,376,8,39,22
clients/src/test/java/org/apache/kafka/common/serialization/ListDeserializerTest.java,252,212,7,21,11
clients/src/test/java/org/apache/kafka/common/network/Tls13SelectorTest.java,99,57,8,3,16
clients/src/test/java/org/apache/kafka/common/network/DefaultChannelMetadataRegistry.java,48,26,3,7,0
clients/src/test/java/org/apache/kafka/common/network/CertStores.java,153,114,7,24,11
clients/src/test/java/org/apache/kafka/common/network/SslVersionsTransportLayerTest.java,171,107,13,8,21
clients/src/test/java/org/apache/kafka/common/network/NetworkReceiveTest.java,125,84,5,5,11
clients/src/test/java/org/apache/kafka/common/network/ServerConnectionIdTest.java,209,137,4,6,11
clients/src/test/java/org/apache/kafka/common/network/ChannelBuildersTest.java,132,86,3,7,15
clients/src/test/java/org/apache/kafka/common/network/SelectorTest.java,1168,833,74,76,56
clients/src/test/java/org/apache/kafka/common/network/Tls12SelectorTest.java,72,41,4,2,12
clients/src/test/java/org/apache/kafka/common/network/KafkaChannelTest.java,113,79,3,2,12
clients/src/test/java/org/apache/kafka/common/network/SslSelectorTest.java,390,289,21,18,37
clients/src/test/java/org/apache/kafka/common/network/SslTransportTls12Tls13Test.java,165,84,9,15,14
clients/src/test/java/org/apache/kafka/common/network/EchoServer.java,146,108,17,13,15
clients/src/test/java/org/apache/kafka/common/network/NioEchoServer.java,414,344,37,50,36
clients/src/test/java/org/apache/kafka/common/network/PlaintextSender.java,41,19,4,1,3
clients/src/test/java/org/apache/kafka/common/network/SslSender.java,85,54,4,10,9
clients/src/test/java/org/apache/kafka/common/network/SaslChannelBuilderTest.java,241,188,11,16,40
clients/src/test/java/org/apache/kafka/common/network/NetworkTestUtils.java,139,103,13,11,16
clients/src/test/java/org/apache/kafka/common/network/SslTransportLayerTest.java,1633,1174,73,112,67
clients/src/test/java/org/apache/kafka/common/message/SimpleArraysMessageTest.java,55,31,3,2,5
clients/src/test/java/org/apache/kafka/common/message/SimpleExampleMessageTest.java,408,303,8,26,18
clients/src/test/java/org/apache/kafka/common/message/NullableStructMessageTest.java,141,96,5,9,8
clients/src/test/java/org/apache/kafka/common/message/MessageTest.java,976,846,38,52,57
clients/src/test/java/org/apache/kafka/common/message/RecordsSerdeTest.java,84,53,4,6,9
clients/src/test/java/org/apache/kafka/common/message/ApiMessageTypeTest.java,144,109,16,7,14
clients/src/test/java/org/apache/kafka/common/utils/ByteUtilsTest.java,489,409,30,40,15
clients/src/test/java/org/apache/kafka/common/utils/SystemTimeTest.java,25,7,3,1,0
clients/src/test/java/org/apache/kafka/common/utils/TimeTest.java,84,54,5,3,7
clients/src/test/java/org/apache/kafka/common/utils/ImplicitLinkedHashCollectionTest.java,665,546,24,37,19
clients/src/test/java/org/apache/kafka/common/utils/LogCaptureAppender.java,179,140,9,22,17
clients/src/test/java/org/apache/kafka/common/utils/AppInfoParserTest.java,150,109,4,14,15
clients/src/test/java/org/apache/kafka/common/utils/BytesTest.java,84,52,4,3,7
clients/src/test/java/org/apache/kafka/common/utils/ByteBufferInputStreamTest.java,61,27,5,1,4
clients/src/test/java/org/apache/kafka/common/utils/ChunkedBytesStreamTest.java,270,206,14,15,18
clients/src/test/java/org/apache/kafka/common/utils/ChecksumsTest.java,94,59,3,6,5
clients/src/test/java/org/apache/kafka/common/utils/SecurityUtilsTest.java,107,70,7,11,13
clients/src/test/java/org/apache/kafka/common/utils/UtilsTest.java,1313,1070,30,80,80
clients/src/test/java/org/apache/kafka/common/utils/MockTime.java,126,81,10,15,5
clients/src/test/java/org/apache/kafka/common/utils/MockScheduler.java,111,71,11,8,10
clients/src/test/java/org/apache/kafka/common/utils/CollectionUtilsTest.java,65,39,3,2,7
clients/src/test/java/org/apache/kafka/common/utils/FixedOrderMapTest.java,62,39,3,3,7
clients/src/test/java/org/apache/kafka/common/utils/AbstractIteratorTest.java,71,46,6,6,10
clients/src/test/java/org/apache/kafka/common/utils/MappedIteratorTest.java,61,32,3,2,8
clients/src/test/java/org/apache/kafka/common/utils/ImplicitLinkedHashMultiCollectionTest.java,169,137,11,6,12
clients/src/test/java/org/apache/kafka/common/utils/SanitizerTest.java,82,55,6,4,10
clients/src/test/java/org/apache/kafka/common/utils/Crc32CTest.java,31,10,3,1,2
clients/src/test/java/org/apache/kafka/common/utils/JavaTest.java,71,45,4,7,5
clients/src/test/java/org/apache/kafka/common/utils/LoggingSignalHandlerTest.java,28,8,3,1,1
clients/src/test/java/org/apache/kafka/common/utils/TimerTest.java,151,104,3,8,4
clients/src/test/java/org/apache/kafka/common/utils/CircularIteratorTest.java,67,39,3,3,7
clients/src/test/java/org/apache/kafka/common/utils/ShellTest.java,64,39,4,5,8
clients/src/test/java/org/apache/kafka/common/utils/ByteBufferOutputStreamTest.java,106,73,3,9,5
clients/src/test/java/org/apache/kafka/common/utils/MockTimeTest.java,50,28,3,3,3
clients/src/test/java/org/apache/kafka/common/utils/ByteBufferUnmapperTest.java,42,16,3,1,5
clients/src/test/java/org/apache/kafka/common/utils/Serializer.java,52,30,3,4,6
clients/src/test/java/org/apache/kafka/common/utils/ExitTest.java,88,65,3,4,5
clients/src/test/java/org/apache/kafka/common/utils/ThreadUtilsTest.java,89,59,6,7,4
clients/src/test/java/org/apache/kafka/common/utils/PrimitiveRefTest.java,43,21,3,2,2
clients/src/test/java/org/apache/kafka/common/utils/ConfigUtilsTest.java,84,53,3,4,9
clients/src/test/java/org/apache/kafka/common/utils/ExponentialBackoffTest.java,57,35,6,2,3
clients/src/test/java/org/apache/kafka/common/utils/annotation/ApiKeyVersionsSource.java,36,16,3,1,6
clients/src/test/java/org/apache/kafka/common/utils/annotation/ApiKeyVersionsProvider.java,62,35,6,5,7
clients/src/test/java/org/apache/kafka/common/utils/annotation/ApiKeyVersionsProviderTest.java,118,77,3,0,10
clients/src/test/java/org/apache/kafka/common/protocol/ApiKeysTest.java,114,75,17,7,13
clients/src/test/java/org/apache/kafka/common/protocol/ProtocolTest.java,45,22,7,1,3
clients/src/test/java/org/apache/kafka/common/protocol/ProtoUtilsTest.java,51,31,14,1,3
clients/src/test/java/org/apache/kafka/common/protocol/ByteBufferAccessorTest.java,58,37,3,2,6
clients/src/test/java/org/apache/kafka/common/protocol/ErrorsTest.java,91,60,8,7,8
clients/src/test/java/org/apache/kafka/common/protocol/SendBuilderTest.java,167,116,3,7,12
clients/src/test/java/org/apache/kafka/common/protocol/MessageUtilTest.java,124,91,3,7,20
clients/src/test/java/org/apache/kafka/common/protocol/DataOutputStreamWritableTest.java,69,36,3,2,6
clients/src/test/java/org/apache/kafka/common/protocol/types/TypeTest.java,94,66,3,6,7
clients/src/test/java/org/apache/kafka/common/protocol/types/RawTaggedFieldWriterTest.java,98,72,5,4,9
clients/src/test/java/org/apache/kafka/common/protocol/types/ProtocolSerializationTest.java,451,394,16,26,13
clients/src/test/java/org/apache/kafka/common/protocol/types/StructTest.java,88,63,3,5,3
clients/src/test/java/org/apache/kafka/common/requests/ApiVersionsResponseTest.java,284,231,25,11,25
clients/src/test/java/org/apache/kafka/common/requests/AddPartitionsToTxnResponseTest.java,146,102,5,14,20
clients/src/test/java/org/apache/kafka/common/requests/DescribeGroupsRequestTest.java,53,29,3,1,7
clients/src/test/java/org/apache/kafka/common/requests/UpdateFeaturesResponseTest.java,83,52,3,2,9
clients/src/test/java/org/apache/kafka/common/requests/AddPartitionsToTxnRequestTest.java,161,115,5,11,18
clients/src/test/java/org/apache/kafka/common/requests/JoinGroupResponseTest.java,58,33,5,2,6
clients/src/test/java/org/apache/kafka/common/requests/PushTelemetryRequestTest.java,120,87,5,4,25
clients/src/test/java/org/apache/kafka/common/requests/AlterPartitionRequestTest.java,87,58,5,1,13
clients/src/test/java/org/apache/kafka/common/requests/AlterReplicaLogDirsRequestTest.java,89,66,4,2,15
clients/src/test/java/org/apache/kafka/common/requests/LeaveGroupResponseTest.java,221,171,14,11,21
clients/src/test/java/org/apache/kafka/common/requests/DescribeAclsRequestTest.java,69,41,3,8,10
clients/src/test/java/org/apache/kafka/common/requests/PushTelemetryResponseTest.java,49,23,3,2,5
clients/src/test/java/org/apache/kafka/common/requests/AlterReplicaLogDirsResponseTest.java,59,36,3,1,9
clients/src/test/java/org/apache/kafka/common/requests/ProduceRequestTest.java,341,287,4,17,20
clients/src/test/java/org/apache/kafka/common/requests/ByteBufferChannelTest.java,88,60,3,3,6
clients/src/test/java/org/apache/kafka/common/requests/EndTxnResponseTest.java,54,28,4,1,7
clients/src/test/java/org/apache/kafka/common/requests/GetTelemetrySubscriptionsRequestTest.java,37,14,3,1,5
clients/src/test/java/org/apache/kafka/common/requests/JoinGroupRequestTest.java,82,54,5,4,9
clients/src/test/java/org/apache/kafka/common/requests/TxnOffsetCommitRequestTest.java,172,139,7,7,20
clients/src/test/java/org/apache/kafka/common/requests/TxnOffsetCommitResponseTest.java,67,41,4,2,7
clients/src/test/java/org/apache/kafka/common/requests/DeleteTopicsRequestTest.java,137,95,13,4,12
clients/src/test/java/org/apache/kafka/common/requests/WriteTxnMarkersResponseTest.java,62,35,3,9,9
clients/src/test/java/org/apache/kafka/common/requests/ListOffsetsRequestTest.java,149,116,4,4,19
clients/src/test/java/org/apache/kafka/common/requests/ApiErrorTest.java,83,47,4,2,17
clients/src/test/java/org/apache/kafka/common/requests/DeleteGroupsRequestTest.java,50,27,3,1,7
clients/src/test/java/org/apache/kafka/common/requests/FetchRequestTest.java,338,252,11,11,20
clients/src/test/java/org/apache/kafka/common/requests/OffsetFetchRequestTest.java,265,231,12,7,12
clients/src/test/java/org/apache/kafka/common/requests/UpdateFeaturesRequestTest.java,147,104,3,4,12
clients/src/test/java/org/apache/kafka/common/requests/MetadataResponseTest.java,67,45,3,0,9
clients/src/test/java/org/apache/kafka/common/requests/RequestTestUtils.java,265,218,8,19,21
clients/src/test/java/org/apache/kafka/common/requests/HeartbeatRequestTest.java,37,16,3,1,4
clients/src/test/java/org/apache/kafka/common/requests/FindCoordinatorRequestTest.java,32,11,3,1,3
clients/src/test/java/org/apache/kafka/common/requests/ProduceResponseTest.java,100,73,6,2,15
clients/src/test/java/org/apache/kafka/common/requests/DeleteAclsResponseTest.java,106,74,3,10,13
clients/src/test/java/org/apache/kafka/common/requests/OffsetCommitRequestTest.java,151,117,6,18,21
clients/src/test/java/org/apache/kafka/common/requests/BrokerRegistrationRequestTest.java,155,124,6,5,16
clients/src/test/java/org/apache/kafka/common/requests/OffsetsForLeaderEpochRequestTest.java,54,31,5,2,6
clients/src/test/java/org/apache/kafka/common/requests/DescribeAclsResponseTest.java,137,99,3,13,20
clients/src/test/java/org/apache/kafka/common/requests/SyncGroupRequestTest.java,37,16,3,1,4
clients/src/test/java/org/apache/kafka/common/requests/LeaveGroupRequestTest.java,128,92,7,9,15
clients/src/test/java/org/apache/kafka/common/requests/DeleteGroupsResponseTest.java,79,51,3,7,11
clients/src/test/java/org/apache/kafka/common/requests/ConsumerGroupDescribeRequestTest.java,74,47,4,1,8
clients/src/test/java/org/apache/kafka/common/requests/EnvelopeResponseTest.java,55,30,4,1,9
clients/src/test/java/org/apache/kafka/common/requests/OffsetCommitResponseTest.java,105,72,5,14,17
clients/src/test/java/org/apache/kafka/common/requests/CreateAclsRequestTest.java,89,56,4,10,16
clients/src/test/java/org/apache/kafka/common/requests/MetadataRequestTest.java,108,76,5,5,14
clients/src/test/java/org/apache/kafka/common/requests/RequestContextTest.java,192,141,6,7,25
clients/src/test/java/org/apache/kafka/common/requests/RequestResponseTest.java,3983,3561,250,253,305
clients/src/test/java/org/apache/kafka/common/requests/EndTxnRequestTest.java,95,57,4,2,9
clients/src/test/java/org/apache/kafka/common/requests/ConsumerGroupDescribeResponseTest.java,49,25,4,0,6
clients/src/test/java/org/apache/kafka/common/requests/OffsetFetchResponseTest.java,364,326,13,7,14
clients/src/test/java/org/apache/kafka/common/requests/RequestHeaderTest.java,122,81,3,5,10
clients/src/test/java/org/apache/kafka/common/requests/ByteBufferChannel.java,79,51,6,11,4
clients/src/test/java/org/apache/kafka/common/requests/DeleteAclsRequestTest.java,92,58,4,11,15
clients/src/test/java/org/apache/kafka/common/requests/GetTelemetrySubscriptionsResponseTest.java,48,23,3,2,5
clients/src/test/java/org/apache/kafka/common/requests/RequestUtilsTest.java,48,25,3,1,11
clients/src/test/java/org/apache/kafka/common/requests/WriteTxnMarkersRequestTest.java,82,53,5,10,8
clients/src/test/java/org/apache/kafka/common/requests/EnvelopeRequestTest.java,72,45,4,2,12
clients/src/test/java/org/apache/kafka/common/internals/PluginTest.java,149,113,8,7,17
clients/src/test/java/org/apache/kafka/common/internals/IdempotentCloserTest.java,183,87,8,9,7
clients/src/test/java/org/apache/kafka/common/internals/PartitionStatesTest.java,212,164,3,8,6
clients/src/test/java/org/apache/kafka/common/internals/SecurityManagerCompatibilityTest.java,252,174,10,26,12
clients/src/test/java/org/apache/kafka/common/internals/TopicTest.java,115,75,14,6,10
clients/src/test/java/org/apache/kafka/common/feature/FeaturesTest.java,127,90,3,8,10
clients/src/test/java/org/apache/kafka/common/feature/SupportedVersionRangeTest.java,154,105,5,7,9
clients/src/test/java/org/apache/kafka/common/telemetry/ClientTelemetryStateTest.java,111,72,7,8,7
clients/src/test/java/org/apache/kafka/common/telemetry/internals/ClientTelemetryEmitterTest.java,103,70,3,8,9
clients/src/test/java/org/apache/kafka/common/telemetry/internals/SinglePointMetricTest.java,308,232,15,13,12
clients/src/test/java/org/apache/kafka/common/telemetry/internals/TestEmitter.java,70,42,3,12,4
clients/src/test/java/org/apache/kafka/common/telemetry/internals/ClientTelemetryReporterTest.java,908,698,20,38,48
clients/src/test/java/org/apache/kafka/common/telemetry/internals/ClientTelemetryUtilsTest.java,194,147,7,9,28
clients/src/test/java/org/apache/kafka/common/telemetry/internals/LastValueTrackerTest.java,107,71,3,10,11
clients/src/test/java/org/apache/kafka/common/telemetry/internals/KafkaMetricsCollectorTest.java,672,482,6,31,26
clients/src/test/java/org/apache/kafka/common/telemetry/internals/TelemetryMetricNamingConventionTest.java,302,210,3,19,8
clients/src/test/java/org/apache/kafka/common/replica/ReplicaSelectorTest.java,89,56,3,1,13
clients/src/test/java/org/apache/kafka/common/errors/TransactionExceptionHierarchyTest.java,124,72,3,0,6
clients/src/test/java/org/apache/kafka/common/resource/ResourceTypeTest.java,85,60,7,9,2
clients/src/test/java/org/apache/kafka/common/acl/AclPermissionTypeTest.java,80,54,7,9,2
clients/src/test/java/org/apache/kafka/common/acl/ResourcePatternFilterTest.java,177,133,3,24,12
clients/src/test/java/org/apache/kafka/common/acl/ResourcePatternTest.java,50,25,3,4,5
clients/src/test/java/org/apache/kafka/common/acl/AclBindingTest.java,146,112,3,15,11
clients/src/test/java/org/apache/kafka/common/acl/AclOperationTest.java,92,67,7,9,2
clients/src/test/java/org/apache/kafka/common/header/internals/RecordHeadersTest.java,268,178,3,13,11
clients/src/main/java/org/apache/kafka/clients/RequestCompletionHandler.java,26,4,5,0,0
clients/src/main/java/org/apache/kafka/clients/GroupRebalanceConfig.java,112,75,10,13,4
clients/src/main/java/org/apache/kafka/clients/MetadataRecoveryStrategy.java,44,20,5,3,1
clients/src/main/java/org/apache/kafka/clients/MetadataSnapshot.java,261,178,24,17,21
clients/src/main/java/org/apache/kafka/clients/InFlightRequests.java,186,92,23,17,8
clients/src/main/java/org/apache/kafka/clients/ClientUtils.java,278,224,21,11,27
clients/src/main/java/org/apache/kafka/clients/DefaultHostResolver.java,29,9,3,1,2
clients/src/main/java/org/apache/kafka/clients/CommonClientConfigs.java,330,245,47,87,14
clients/src/main/java/org/apache/kafka/clients/ClientRequest.java,119,77,8,19,4
clients/src/main/java/org/apache/kafka/clients/NodeApiVersions.java,268,170,28,20,18
clients/src/main/java/org/apache/kafka/clients/ClusterConnectionStates.java,567,302,67,51,13
clients/src/main/java/org/apache/kafka/clients/ManualMetadataUpdater.java,87,45,4,11,8
clients/src/main/java/org/apache/kafka/clients/StaleMetadataException.java,35,9,3,3,1
clients/src/main/java/org/apache/kafka/clients/ClientDnsLookup.java,39,17,3,4,1
clients/src/main/java/org/apache/kafka/clients/MetadataUpdater.java,110,24,12,0,9
clients/src/main/java/org/apache/kafka/clients/Metadata.java,854,527,107,79,32
clients/src/main/java/org/apache/kafka/clients/ConnectionState.java,38,10,5,3,0
clients/src/main/java/org/apache/kafka/clients/FetchSessionHandler.java,628,406,79,36,23
clients/src/main/java/org/apache/kafka/clients/NetworkClient.java,1607,1108,183,113,49
clients/src/main/java/org/apache/kafka/clients/ApiVersions.java,69,35,7,10,2
clients/src/main/java/org/apache/kafka/clients/KafkaClient.java,216,35,28,0,5
clients/src/main/java/org/apache/kafka/clients/NetworkClientUtils.java,154,74,30,7,6
clients/src/main/java/org/apache/kafka/clients/LeastLoadedNode.java,43,16,6,5,1
clients/src/main/java/org/apache/kafka/clients/HostResolver.java,26,6,3,0,2
clients/src/main/java/org/apache/kafka/clients/ClientResponse.java,173,109,9,24,4
clients/src/main/java/org/apache/kafka/clients/producer/BufferExhaustedException.java,37,8,4,2,1
clients/src/main/java/org/apache/kafka/clients/producer/RecordMetadata.java,124,48,12,16,3
clients/src/main/java/org/apache/kafka/clients/producer/PreparedTxnState.java,128,65,17,10,1
clients/src/main/java/org/apache/kafka/clients/producer/ProducerInterceptor.java,123,11,15,0,2
clients/src/main/java/org/apache/kafka/clients/producer/MockProducer.java,630,454,56,87,28
clients/src/main/java/org/apache/kafka/clients/producer/RoundRobinPartitioner.java,72,30,7,5,8
clients/src/main/java/org/apache/kafka/clients/producer/Callback.java,62,5,7,0,0
clients/src/main/java/org/apache/kafka/clients/producer/Producer.java,134,38,4,0,14
clients/src/main/java/org/apache/kafka/clients/producer/ProducerRecord.java,225,95,15,21,4
clients/src/main/java/org/apache/kafka/clients/producer/Partitioner.java,48,8,6,0,3
clients/src/main/java/org/apache/kafka/clients/producer/KafkaProducer.java,1725,875,270,81,80
clients/src/main/java/org/apache/kafka/clients/producer/ProducerConfig.java,697,159,66,86,27
clients/src/main/java/org/apache/kafka/clients/producer/package-info.java,20,1,4,0,0
clients/src/main/java/org/apache/kafka/clients/producer/internals/TransactionManager.java,1981,1428,288,110,69
clients/src/main/java/org/apache/kafka/clients/producer/internals/ProduceRequestResult.java,134,55,15,16,6
clients/src/main/java/org/apache/kafka/clients/producer/internals/TxnPartitionMap.java,131,82,18,2,9
clients/src/main/java/org/apache/kafka/clients/producer/internals/BuiltInPartitioner.java,349,148,48,17,10
clients/src/main/java/org/apache/kafka/clients/producer/internals/ProducerBatch.java,569,373,56,51,32
clients/src/main/java/org/apache/kafka/clients/producer/internals/SenderMetricsRegistry.java,222,52,13,52,10
clients/src/main/java/org/apache/kafka/clients/producer/internals/KafkaProducerMetrics.java,145,110,3,33,5
clients/src/main/java/org/apache/kafka/clients/producer/internals/IncompleteBatches.java,66,38,4,7,4
clients/src/main/java/org/apache/kafka/clients/producer/internals/ProducerMetrics.java,49,24,3,4,7
clients/src/main/java/org/apache/kafka/clients/producer/internals/BufferPool.java,356,214,43,25,13
clients/src/main/java/org/apache/kafka/clients/producer/internals/Sender.java,1111,742,149,66,53
clients/src/main/java/org/apache/kafka/clients/producer/internals/ProducerMetadata.java,171,56,19,18,15
clients/src/main/java/org/apache/kafka/clients/producer/internals/RecordAccumulator.java,1268,669,189,83,39
clients/src/main/java/org/apache/kafka/clients/producer/internals/TxnPartitionEntry.java,174,115,19,9,11
clients/src/main/java/org/apache/kafka/clients/producer/internals/FutureRecordMetadata.java,120,80,11,14,6
clients/src/main/java/org/apache/kafka/clients/producer/internals/ErrorLoggingCallback.java,56,33,5,8,5
clients/src/main/java/org/apache/kafka/clients/producer/internals/ProducerInterceptors.java,157,81,22,8,14
clients/src/main/java/org/apache/kafka/clients/producer/internals/TransactionalRequestResult.java,87,55,9,14,4
clients/src/main/java/org/apache/kafka/clients/admin/ListShareGroupOffsetsSpec.java,78,38,8,6,5
clients/src/main/java/org/apache/kafka/clients/admin/ShareMemberAssignment.java,69,32,5,6,6
clients/src/main/java/org/apache/kafka/clients/admin/RemoveRaftVoterResult.java,42,13,4,2,2
clients/src/main/java/org/apache/kafka/clients/admin/RemoveRaftVoterOptions.java,38,14,4,3,2
clients/src/main/java/org/apache/kafka/clients/admin/DescribeFeaturesOptions.java,23,3,4,0,0
clients/src/main/java/org/apache/kafka/clients/admin/ListClientMetricsResourcesOptions.java,26,4,4,0,0
clients/src/main/java/org/apache/kafka/clients/admin/DeleteStreamsGroupsOptions.java,30,6,5,0,2
clients/src/main/java/org/apache/kafka/clients/admin/UnregisterBrokerOptions.java,24,3,4,0,0
clients/src/main/java/org/apache/kafka/clients/admin/SupportedVersionRange.java,81,42,8,8,1
clients/src/main/java/org/apache/kafka/clients/admin/DescribeMetadataQuorumOptions.java,24,3,4,0,0
clients/src/main/java/org/apache/kafka/clients/admin/DeleteRecordsResult.java,50,16,4,4,3
clients/src/main/java/org/apache/kafka/clients/admin/PartitionReassignment.java,69,30,3,8,2
clients/src/main/java/org/apache/kafka/clients/admin/ElectLeadersResult.java,74,35,10,3,7
clients/src/main/java/org/apache/kafka/clients/admin/DescribeClientQuotasOptions.java,26,4,4,0,1
clients/src/main/java/org/apache/kafka/clients/admin/ExpireDelegationTokenOptions.java,41,13,4,3,0
clients/src/main/java/org/apache/kafka/clients/admin/DescribeReplicaLogDirsResult.java,133,77,10,12,7
clients/src/main/java/org/apache/kafka/clients/admin/DescribeDelegationTokenResult.java,41,13,3,2,3
clients/src/main/java/org/apache/kafka/clients/admin/FeatureMetadata.java,111,62,8,10,5
clients/src/main/java/org/apache/kafka/clients/admin/DeleteShareGroupOffsetsResult.java,101,62,15,5,6
clients/src/main/java/org/apache/kafka/clients/admin/CreateTopicsOptions.java,71,24,9,7,1
clients/src/main/java/org/apache/kafka/clients/admin/TerminateTransactionOptions.java,31,9,4,1,0
clients/src/main/java/org/apache/kafka/clients/admin/DescribeMetadataQuorumResult.java,38,11,3,2,1
clients/src/main/java/org/apache/kafka/clients/admin/KafkaAdminClient.java,5166,4175,501,224,286
clients/src/main/java/org/apache/kafka/clients/admin/ListConsumerGroupsOptions.java,95,39,10,8,7
clients/src/main/java/org/apache/kafka/clients/admin/ConsumerGroupDescription.java,243,154,21,28,12
clients/src/main/java/org/apache/kafka/clients/admin/AlterClientQuotasResult.java,55,17,4,4,4
clients/src/main/java/org/apache/kafka/clients/admin/ListConsumerGroupOffsetsResult.java,88,43,11,3,9
clients/src/main/java/org/apache/kafka/clients/admin/CreatePartitionsOptions.java,62,22,8,7,1
clients/src/main/java/org/apache/kafka/clients/admin/AbortTransactionOptions.java,28,9,3,1,0
clients/src/main/java/org/apache/kafka/clients/admin/DeleteShareGroupsOptions.java,31,6,5,0,2
clients/src/main/java/org/apache/kafka/clients/admin/ListShareGroupOffsetsResult.java,78,38,10,3,9
clients/src/main/java/org/apache/kafka/clients/admin/DeleteTopicsResult.java,76,34,8,6,5
clients/src/main/java/org/apache/kafka/clients/admin/EndpointType.java,47,22,5,4,0
clients/src/main/java/org/apache/kafka/clients/admin/RenewDelegationTokenOptions.java,34,11,4,3,0
clients/src/main/java/org/apache/kafka/clients/admin/DescribeConfigsOptions.java,70,24,9,7,1
clients/src/main/java/org/apache/kafka/clients/admin/ShareMemberDescription.java,111,65,9,14,3
clients/src/main/java/org/apache/kafka/clients/admin/MemberToRemove.java,58,31,4,5,3
clients/src/main/java/org/apache/kafka/clients/admin/Admin.java,2132,357,251,0,28
clients/src/main/java/org/apache/kafka/clients/admin/RaftVoterEndpoint.java,109,64,17,11,3
clients/src/main/java/org/apache/kafka/clients/admin/DescribeReplicaLogDirsOptions.java,27,4,4,0,1
clients/src/main/java/org/apache/kafka/clients/admin/ListStreamsGroupOffsetsSpec.java,50,16,6,3,4
clients/src/main/java/org/apache/kafka/clients/admin/TopicDescription.java,140,65,15,16,8
clients/src/main/java/org/apache/kafka/clients/admin/DescribeClusterResult.java,77,33,4,8,5
clients/src/main/java/org/apache/kafka/clients/admin/ListPartitionReassignmentsResult.java,43,13,4,2,3
clients/src/main/java/org/apache/kafka/clients/admin/RemoveMembersFromConsumerGroupOptions.java,62,30,5,8,4
clients/src/main/java/org/apache/kafka/clients/admin/AlterConsumerGroupOffsetsResult.java,83,49,12,3,7
clients/src/main/java/org/apache/kafka/clients/admin/ListConfigResourcesResult.java,53,22,4,2,4
clients/src/main/java/org/apache/kafka/clients/admin/DeleteAclsResult.java,122,62,14,10,9
clients/src/main/java/org/apache/kafka/clients/admin/StreamsGroupSubtopologyDescription.java,196,126,15,24,5
clients/src/main/java/org/apache/kafka/clients/admin/DescribeStreamsGroupsResult.java,68,31,6,4,6
clients/src/main/java/org/apache/kafka/clients/admin/UserScramCredentialAlteration.java,45,11,3,3,1
clients/src/main/java/org/apache/kafka/clients/admin/DeleteShareGroupOffsetsOptions.java,31,6,5,0,2
clients/src/main/java/org/apache/kafka/clients/admin/StreamsGroupMemberDescription.java,371,252,33,52,6
clients/src/main/java/org/apache/kafka/clients/admin/ScramCredentialInfo.java,78,35,7,8,1
clients/src/main/java/org/apache/kafka/clients/admin/FenceProducersOptions.java,33,10,4,1,1
clients/src/main/java/org/apache/kafka/clients/admin/DescribeAclsResult.java,42,14,3,2,4
clients/src/main/java/org/apache/kafka/clients/admin/DescribeTopicsOptions.java,71,24,6,7,1
clients/src/main/java/org/apache/kafka/clients/admin/DescribeLogDirsResult.java,65,29,6,3,5
clients/src/main/java/org/apache/kafka/clients/admin/UserScramCredentialUpsertion.java,100,34,7,10,4
clients/src/main/java/org/apache/kafka/clients/admin/AlterUserScramCredentialsOptions.java,26,4,4,0,1
clients/src/main/java/org/apache/kafka/clients/admin/DescribeUserScramCredentialsResult.java,146,81,17,5,11
clients/src/main/java/org/apache/kafka/clients/admin/DescribeShareGroupsOptions.java,41,14,5,3,2
clients/src/main/java/org/apache/kafka/clients/admin/StreamsGroupDescription.java,180,116,16,22,8
clients/src/main/java/org/apache/kafka/clients/admin/DescribeFeaturesResult.java,37,11,4,2,1
clients/src/main/java/org/apache/kafka/clients/admin/ExpireDelegationTokenResult.java,38,11,3,2,1
clients/src/main/java/org/apache/kafka/clients/admin/DescribeConsumerGroupsOptions.java,37,12,4,3,1
clients/src/main/java/org/apache/kafka/clients/admin/DeleteStreamsGroupOffsetsResult.java,57,23,6,3,6
clients/src/main/java/org/apache/kafka/clients/admin/ClientMetricsResourceListing.java,52,29,5,6,1
clients/src/main/java/org/apache/kafka/clients/admin/StreamsGroupMemberAssignment.java,150,95,14,18,4
clients/src/main/java/org/apache/kafka/clients/admin/CreateAclsOptions.java,38,8,5,1,1
clients/src/main/java/org/apache/kafka/clients/admin/AbortTransactionSpec.java,83,55,8,12,2
clients/src/main/java/org/apache/kafka/clients/admin/ListTransactionsOptions.java,152,64,15,15,5
clients/src/main/java/org/apache/kafka/clients/admin/DeleteAclsOptions.java,38,8,5,1,1
clients/src/main/java/org/apache/kafka/clients/admin/DescribeStreamsGroupsOptions.java,41,14,5,3,2
clients/src/main/java/org/apache/kafka/clients/admin/AlterPartitionReassignmentsResult.java,55,16,6,3,3
clients/src/main/java/org/apache/kafka/clients/admin/ListConfigResourcesOptions.java,23,3,4,0,0
clients/src/main/java/org/apache/kafka/clients/admin/NewTopic.java,175,100,19,17,11
clients/src/main/java/org/apache/kafka/clients/admin/DescribeProducersOptions.java,59,33,7,6,3
clients/src/main/java/org/apache/kafka/clients/admin/AddRaftVoterOptions.java,38,14,4,3,2
clients/src/main/java/org/apache/kafka/clients/admin/CreatePartitionsResult.java,49,15,4,3,2
clients/src/main/java/org/apache/kafka/clients/admin/DeleteStreamsGroupsResult.java,57,21,5,3,4
clients/src/main/java/org/apache/kafka/clients/admin/AlterPartitionReassignmentsOptions.java,47,12,6,3,1
clients/src/main/java/org/apache/kafka/clients/admin/TransactionListing.java,71,46,7,10,1
clients/src/main/java/org/apache/kafka/clients/admin/UserScramCredentialDeletion.java,46,12,4,3,1
clients/src/main/java/org/apache/kafka/clients/admin/AddRaftVoterResult.java,42,13,4,2,2
clients/src/main/java/org/apache/kafka/clients/admin/UserScramCredentialsDescription.java,80,36,8,8,2
clients/src/main/java/org/apache/kafka/clients/admin/ScramMechanism.java,92,34,7,8,1
clients/src/main/java/org/apache/kafka/clients/admin/AlterShareGroupOffsetsOptions.java,32,6,5,0,2
clients/src/main/java/org/apache/kafka/clients/admin/DescribeAclsOptions.java,38,8,5,1,1
clients/src/main/java/org/apache/kafka/clients/admin/UnregisterBrokerResult.java,40,11,5,2,1
clients/src/main/java/org/apache/kafka/clients/admin/AlterConfigsResult.java,50,16,4,3,3
clients/src/main/java/org/apache/kafka/clients/admin/DeleteConsumerGroupOffsetsResult.java,93,57,13,5,6
clients/src/main/java/org/apache/kafka/clients/admin/ListOffsetsResult.java,100,59,9,12,6
clients/src/main/java/org/apache/kafka/clients/admin/NewPartitionReassignment.java,41,14,5,3,2
clients/src/main/java/org/apache/kafka/clients/admin/GroupListing.java,129,57,11,13,5
clients/src/main/java/org/apache/kafka/clients/admin/OffsetSpec.java,104,40,3,8,1
clients/src/main/java/org/apache/kafka/clients/admin/ShareGroupDescription.java,149,93,14,19,10
clients/src/main/java/org/apache/kafka/clients/admin/ProducerState.java,101,73,10,16,3
clients/src/main/java/org/apache/kafka/clients/admin/TopicListing.java,69,25,3,8,1
clients/src/main/java/org/apache/kafka/clients/admin/MemberAssignment.java,67,30,5,6,5
clients/src/main/java/org/apache/kafka/clients/admin/DeleteShareGroupsResult.java,56,21,5,3,5
clients/src/main/java/org/apache/kafka/clients/admin/ListConsumerGroupOffsetsOptions.java,39,11,4,3,0
clients/src/main/java/org/apache/kafka/clients/admin/AdminClient.java,51,11,4,2,2
clients/src/main/java/org/apache/kafka/clients/admin/CreateDelegationTokenResult.java,39,12,3,2,2
clients/src/main/java/org/apache/kafka/clients/admin/ListStreamsGroupOffsetsOptions.java,44,13,5,3,1
clients/src/main/java/org/apache/kafka/clients/admin/DeletedRecords.java,42,10,5,3,0
clients/src/main/java/org/apache/kafka/clients/admin/ListGroupsOptions.java,115,46,11,12,5
clients/src/main/java/org/apache/kafka/clients/admin/AlterStreamsGroupOffsetsOptions.java,31,6,5,0,2
clients/src/main/java/org/apache/kafka/clients/admin/ListTopicsResult.java,56,20,3,3,4
clients/src/main/java/org/apache/kafka/clients/admin/ElectLeadersOptions.java,30,5,5,0,2
clients/src/main/java/org/apache/kafka/clients/admin/ReplicaInfo.java,71,28,7,8,0
clients/src/main/java/org/apache/kafka/clients/admin/RenewDelegationTokenResult.java,38,11,3,2,1
clients/src/main/java/org/apache/kafka/clients/admin/RecordsToDelete.java,70,29,5,7,1
clients/src/main/java/org/apache/kafka/clients/admin/ListGroupsResult.java,102,49,7,6,7
clients/src/main/java/org/apache/kafka/clients/admin/AlterStreamsGroupOffsetsResult.java,52,18,6,3,4
clients/src/main/java/org/apache/kafka/clients/admin/ListOffsetsOptions.java,41,15,4,4,2
clients/src/main/java/org/apache/kafka/clients/admin/DescribeClassicGroupsResult.java,69,31,6,4,6
clients/src/main/java/org/apache/kafka/clients/admin/UpdateFeaturesResult.java,49,15,5,3,2
clients/src/main/java/org/apache/kafka/clients/admin/DescribeClassicGroupsOptions.java,41,14,5,3,2
clients/src/main/java/org/apache/kafka/clients/admin/AlterConfigsOptions.java,54,16,7,4,1
clients/src/main/java/org/apache/kafka/clients/admin/AlterUserScramCredentialsResult.java,56,18,6,4,5
clients/src/main/java/org/apache/kafka/clients/admin/FinalizedVersionRange.java,84,46,8,8,1
clients/src/main/java/org/apache/kafka/clients/admin/ListStreamsGroupOffsetsResult.java,59,23,7,3,6
clients/src/main/java/org/apache/kafka/clients/admin/DescribeTransactionsOptions.java,33,10,4,1,1
clients/src/main/java/org/apache/kafka/clients/admin/RemoveMembersFromConsumerGroupResult.java,116,77,15,6,7
clients/src/main/java/org/apache/kafka/clients/admin/ListPartitionReassignmentsOptions.java,24,3,4,0,0
clients/src/main/java/org/apache/kafka/clients/admin/TransactionDescription.java,111,81,11,18,4
clients/src/main/java/org/apache/kafka/clients/admin/DeleteConsumerGroupsOptions.java,26,4,4,0,1
clients/src/main/java/org/apache/kafka/clients/admin/MemberDescription.java,208,133,16,23,4
clients/src/main/java/org/apache/kafka/clients/admin/DeleteTopicsOptions.java,54,16,7,4,1
clients/src/main/java/org/apache/kafka/clients/admin/Config.java,77,36,9,7,4
clients/src/main/java/org/apache/kafka/clients/admin/NewPartitions.java,94,27,8,8,2
clients/src/main/java/org/apache/kafka/clients/admin/LogDirDescription.java,94,43,7,11,6
clients/src/main/java/org/apache/kafka/clients/admin/DescribeClusterOptions.java,65,23,9,7,0
clients/src/main/java/org/apache/kafka/clients/admin/DeleteConsumerGroupsResult.java,51,19,4,3,4
clients/src/main/java/org/apache/kafka/clients/admin/ForwardingAdmin.java,383,290,6,67,20
clients/src/main/java/org/apache/kafka/clients/admin/CreateDelegationTokenOptions.java,77,40,4,11,4
clients/src/main/java/org/apache/kafka/clients/admin/UpdateFeaturesOptions.java,35,12,4,3,1
clients/src/main/java/org/apache/kafka/clients/admin/ConfigEntry.java,293,167,30,33,3
clients/src/main/java/org/apache/kafka/clients/admin/DescribeDelegationTokenOptions.java,44,13,4,3,2
clients/src/main/java/org/apache/kafka/clients/admin/DeleteRecordsOptions.java,27,4,4,0,1
clients/src/main/java/org/apache/kafka/clients/admin/TransactionState.java,52,28,3,5,4
clients/src/main/java/org/apache/kafka/clients/admin/ListClientMetricsResourcesResult.java,56,22,4,2,3
clients/src/main/java/org/apache/kafka/clients/admin/CreateAclsResult.java,50,17,4,3,4
clients/src/main/java/org/apache/kafka/clients/admin/ListConsumerGroupsResult.java,98,45,6,6,4
clients/src/main/java/org/apache/kafka/clients/admin/FeatureUpdate.java,111,67,12,12,1
clients/src/main/java/org/apache/kafka/clients/admin/AlterReplicaLogDirsResult.java,78,24,7,3,11
clients/src/main/java/org/apache/kafka/clients/admin/DeleteStreamsGroupOffsetsOptions.java,31,6,5,0,2
clients/src/main/java/org/apache/kafka/clients/admin/AlterShareGroupOffsetsResult.java,90,52,13,3,9
clients/src/main/java/org/apache/kafka/clients/admin/DescribeTopicsResult.java,115,54,15,8,7
clients/src/main/java/org/apache/kafka/clients/admin/DescribeConsumerGroupsResult.java,64,29,5,4,5
clients/src/main/java/org/apache/kafka/clients/admin/TerminateTransactionResult.java,39,11,3,2,1
clients/src/main/java/org/apache/kafka/clients/admin/ListTransactionsResult.java,122,64,13,4,9
clients/src/main/java/org/apache/kafka/clients/admin/AdminClientConfig.java,323,201,5,58,18
clients/src/main/java/org/apache/kafka/clients/admin/AlterClientQuotasOptions.java,43,12,4,3,1
clients/src/main/java/org/apache/kafka/clients/admin/DescribeProducersResult.java,80,51,6,7,7
clients/src/main/java/org/apache/kafka/clients/admin/DescribeUserScramCredentialsOptions.java,26,4,4,0,1
clients/src/main/java/org/apache/kafka/clients/admin/AlterConsumerGroupOffsetsOptions.java,25,4,4,0,1
clients/src/main/java/org/apache/kafka/clients/admin/DeleteConsumerGroupOffsetsOptions.java,26,4,4,0,1
clients/src/main/java/org/apache/kafka/clients/admin/DescribeTransactionsResult.java,78,36,8,3,6
clients/src/main/java/org/apache/kafka/clients/admin/DescribeLogDirsOptions.java,27,4,4,0,1
clients/src/main/java/org/apache/kafka/clients/admin/AbstractOptions.java,48,13,6,3,0
clients/src/main/java/org/apache/kafka/clients/admin/ConsumerGroupListing.java,179,86,9,17,5
clients/src/main/java/org/apache/kafka/clients/admin/DescribeConfigsResult.java,66,30,7,4,6
clients/src/main/java/org/apache/kafka/clients/admin/DescribeClientQuotasResult.java,49,14,6,3,4
clients/src/main/java/org/apache/kafka/clients/admin/package-info.java,20,1,4,0,0
clients/src/main/java/org/apache/kafka/clients/admin/ListTopicsOptions.java,78,33,8,7,1
clients/src/main/java/org/apache/kafka/clients/admin/AlterReplicaLogDirsOptions.java,27,4,4,0,1
clients/src/main/java/org/apache/kafka/clients/admin/ListShareGroupOffsetsOptions.java,31,6,5,0,2
clients/src/main/java/org/apache/kafka/clients/admin/AbortTransactionResult.java,45,13,3,2,3
clients/src/main/java/org/apache/kafka/clients/admin/QuorumInfo.java,243,169,27,35,5
clients/src/main/java/org/apache/kafka/clients/admin/AlterConfigOp.java,125,59,7,13,6
clients/src/main/java/org/apache/kafka/clients/admin/FenceProducersResult.java,80,37,7,6,6
clients/src/main/java/org/apache/kafka/clients/admin/ListConsumerGroupOffsetsSpec.java,75,35,7,6,3
clients/src/main/java/org/apache/kafka/clients/admin/ClassicGroupDescription.java,155,93,14,20,8
clients/src/main/java/org/apache/kafka/clients/admin/DescribeShareGroupsResult.java,68,31,6,4,6
clients/src/main/java/org/apache/kafka/clients/admin/CreateTopicsResult.java,156,74,17,20,6
clients/src/main/java/org/apache/kafka/clients/admin/internals/AdminApiFuture.java,151,69,7,10,7
clients/src/main/java/org/apache/kafka/clients/admin/internals/ListShareGroupOffsetsHandler.java,202,156,25,12,25
clients/src/main/java/org/apache/kafka/clients/admin/internals/DeleteConsumerGroupOffsetsHandler.java,174,131,16,12,20
clients/src/main/java/org/apache/kafka/clients/admin/internals/AlterConsumerGroupOffsetsHandler.java,208,160,26,12,22
clients/src/main/java/org/apache/kafka/clients/admin/internals/CoordinatorStrategy.java,196,155,26,17,18
clients/src/main/java/org/apache/kafka/clients/admin/internals/DeleteGroupsHandler.java,145,106,16,11,18
clients/src/main/java/org/apache/kafka/clients/admin/internals/CoordinatorKey.java,62,36,6,8,2
clients/src/main/java/org/apache/kafka/clients/admin/internals/DeleteRecordsHandler.java,180,145,22,11,24
clients/src/main/java/org/apache/kafka/clients/admin/internals/DeleteConsumerGroupsHandler.java,38,17,3,3,1
clients/src/main/java/org/apache/kafka/clients/admin/internals/AdminUtils.java,42,21,6,2,5
clients/src/main/java/org/apache/kafka/clients/admin/internals/DescribeTransactionsHandler.java,195,153,19,11,25
clients/src/main/java/org/apache/kafka/clients/admin/internals/AdminApiDriver.java,529,355,38,46,25
clients/src/main/java/org/apache/kafka/clients/admin/internals/DescribeClassicGroupsHandler.java,192,150,17,11,31
clients/src/main/java/org/apache/kafka/clients/admin/internals/ListOffsetsHandler.java,230,189,24,12,28
clients/src/main/java/org/apache/kafka/clients/admin/internals/PartitionLeaderStrategy.java,290,225,42,25,20
clients/src/main/java/org/apache/kafka/clients/admin/internals/ListConsumerGroupOffsetsHandler.java,224,175,22,14,21
clients/src/main/java/org/apache/kafka/clients/admin/internals/ApiRequestScope.java,46,7,6,0,1
clients/src/main/java/org/apache/kafka/clients/admin/internals/AdminMetadataManager.java,333,199,23,38,15
clients/src/main/java/org/apache/kafka/clients/admin/internals/AdminApiHandler.java,197,99,19,14,10
clients/src/main/java/org/apache/kafka/clients/admin/internals/AlterShareGroupOffsetsHandler.java,180,140,24,11,18
clients/src/main/java/org/apache/kafka/clients/admin/internals/DescribeProducersHandler.java,208,165,24,10,28
clients/src/main/java/org/apache/kafka/clients/admin/internals/DescribeStreamsGroupsHandler.java,271,221,19,19,26
clients/src/main/java/org/apache/kafka/clients/admin/internals/ListTransactionsHandler.java,137,105,9,10,17
clients/src/main/java/org/apache/kafka/clients/admin/internals/DescribeConsumerGroupsHandler.java,390,326,36,17,38
clients/src/main/java/org/apache/kafka/clients/admin/internals/DescribeShareGroupsHandler.java,194,150,17,12,26
clients/src/main/java/org/apache/kafka/clients/admin/internals/FenceProducersHandler.java,160,113,20,10,18
clients/src/main/java/org/apache/kafka/clients/admin/internals/DeleteShareGroupOffsetsHandler.java,175,130,23,11,19
clients/src/main/java/org/apache/kafka/clients/admin/internals/AllBrokersStrategy.java,213,153,16,25,15
clients/src/main/java/org/apache/kafka/clients/admin/internals/AdminApiLookupStrategy.java,147,51,16,5,10
clients/src/main/java/org/apache/kafka/clients/admin/internals/RemoveMembersFromConsumerGroupHandler.java,149,111,14,12,17
clients/src/main/java/org/apache/kafka/clients/admin/internals/AbortTransactionHandler.java,190,144,21,11,20
clients/src/main/java/org/apache/kafka/clients/admin/internals/DeleteShareGroupsHandler.java,38,17,3,3,1
clients/src/main/java/org/apache/kafka/clients/admin/internals/StaticBrokerStrategy.java,65,33,5,8,4
clients/src/main/java/org/apache/kafka/clients/admin/internals/AdminFetchMetricsManager.java,37,17,5,3,2
clients/src/main/java/org/apache/kafka/clients/admin/internals/AdminBootstrapAddresses.java,108,82,11,8,9
clients/src/main/java/org/apache/kafka/clients/consumer/SubscriptionPattern.java,59,24,4,6,1
clients/src/main/java/org/apache/kafka/clients/consumer/KafkaShareConsumer.java,746,152,114,24,29
clients/src/main/java/org/apache/kafka/clients/consumer/OffsetAndTimestamp.java,85,48,12,11,2
clients/src/main/java/org/apache/kafka/clients/consumer/ShareConsumer.java,133,35,3,0,13
clients/src/main/java/org/apache/kafka/clients/consumer/ConsumerInterceptor.java,85,9,7,0,3
clients/src/main/java/org/apache/kafka/clients/consumer/RangeAssignor.java,297,187,27,21,21
clients/src/main/java/org/apache/kafka/clients/consumer/RoundRobinAssignor.java,145,50,13,4,10
clients/src/main/java/org/apache/kafka/clients/consumer/MockConsumer.java,720,557,59,99,31
clients/src/main/java/org/apache/kafka/clients/consumer/CloseOptions.java,113,36,8,10,4
clients/src/main/java/org/apache/kafka/clients/consumer/CooperativeStickyAssignor.java,157,101,18,12,15
clients/src/main/java/org/apache/kafka/clients/consumer/ConsumerGroupMetadata.java,92,59,8,13,3
clients/src/main/java/org/apache/kafka/clients/consumer/ConsumerRecords.java,147,84,17,17,8
clients/src/main/java/org/apache/kafka/clients/consumer/Consumer.java,294,69,3,0,14
clients/src/main/java/org/apache/kafka/clients/consumer/ShareConsumerConfig.java,80,49,6,5,5
clients/src/main/java/org/apache/kafka/clients/consumer/GroupProtocol.java,43,11,3,3,1
clients/src/main/java/org/apache/kafka/clients/consumer/AcknowledgeType.java,62,5,8,4,2
clients/src/main/java/org/apache/kafka/clients/consumer/ConsumerRecord.java,269,124,16,30,6
clients/src/main/java/org/apache/kafka/clients/consumer/RetriableCommitFailedException.java,37,15,3,4,1
clients/src/main/java/org/apache/kafka/clients/consumer/OffsetCommitCallback.java,55,9,14,0,4
clients/src/main/java/org/apache/kafka/clients/consumer/NoOffsetForPartitionException.java,53,20,7,5,4
clients/src/main/java/org/apache/kafka/clients/consumer/OffsetResetStrategy.java,32,10,3,2,1
clients/src/main/java/org/apache/kafka/clients/consumer/MockShareConsumer.java,184,132,10,27,22
clients/src/main/java/org/apache/kafka/clients/consumer/OffsetOutOfRangeException.java,54,23,6,6,3
clients/src/main/java/org/apache/kafka/clients/consumer/LogTruncationException.java,60,20,6,4,3
clients/src/main/java/org/apache/kafka/clients/consumer/OffsetAndMetadata.java,127,56,17,13,4
clients/src/main/java/org/apache/kafka/clients/consumer/StickyAssignor.java,275,96,23,10,15
clients/src/main/java/org/apache/kafka/clients/consumer/InvalidOffsetException.java,38,10,4,2,3
clients/src/main/java/org/apache/kafka/clients/consumer/KafkaConsumer.java,1890,291,399,57,31
clients/src/main/java/org/apache/kafka/clients/consumer/CommitFailedException.java,43,16,3,3,1
clients/src/main/java/org/apache/kafka/clients/consumer/AcknowledgementCommitCallback.java,59,16,12,0,11
clients/src/main/java/org/apache/kafka/clients/consumer/package-info.java,20,1,4,0,0
clients/src/main/java/org/apache/kafka/clients/consumer/ConsumerRebalanceListener.java,220,10,32,0,2
clients/src/main/java/org/apache/kafka/clients/consumer/ConsumerPartitionAssignor.java,327,193,18,36,14
clients/src/main/java/org/apache/kafka/clients/consumer/ConsumerConfig.java,812,349,38,98,34
clients/src/main/java/org/apache/kafka/clients/consumer/internals/OffsetsForLeaderEpochClient.java,55,29,4,2,7
clients/src/main/java/org/apache/kafka/clients/consumer/internals/ShareConsumerImpl.java,1248,898,107,71,90
clients/src/main/java/org/apache/kafka/clients/consumer/internals/CommitRequestManager.java,1367,973,139,83,52
clients/src/main/java/org/apache/kafka/clients/consumer/internals/OffsetAndTimestampInternal.java,81,49,7,8,2
clients/src/main/java/org/apache/kafka/clients/consumer/internals/TimedRequestState.java,75,44,3,8,3
clients/src/main/java/org/apache/kafka/clients/consumer/internals/TopicIdPartitionSet.java,123,63,7,13,10
clients/src/main/java/org/apache/kafka/clients/consumer/internals/NodeAcknowledgements.java,40,16,4,5,1
clients/src/main/java/org/apache/kafka/clients/consumer/internals/ShareFetch.java,176,92,17,11,13
clients/src/main/java/org/apache/kafka/clients/consumer/internals/AbstractPartitionAssignor.java,185,125,17,18,18
clients/src/main/java/org/apache/kafka/clients/consumer/internals/FetchMetricsRegistry.java,185,46,15,34,6
clients/src/main/java/org/apache/kafka/clients/consumer/internals/ConsumerProtocol.java,232,172,28,17,15
clients/src/main/java/org/apache/kafka/clients/consumer/internals/NoAvailableBrokersException.java,27,5,3,1,1
clients/src/main/java/org/apache/kafka/clients/consumer/internals/ConsumerNetworkThread.java,385,220,42,29,26
clients/src/main/java/org/apache/kafka/clients/consumer/internals/ShareFetchCollector.java,189,129,35,10,11
clients/src/main/java/org/apache/kafka/clients/consumer/internals/ShareHeartbeatRequestManager.java,259,154,13,23,15
clients/src/main/java/org/apache/kafka/clients/consumer/internals/ConsumerCoordinator.java,1705,1200,256,92,77
clients/src/main/java/org/apache/kafka/clients/consumer/internals/ConsumerDelegateCreator.java,115,71,13,2,13
clients/src/main/java/org/apache/kafka/clients/consumer/internals/ShareMembershipManager.java,186,106,19,6,14
clients/src/main/java/org/apache/kafka/clients/consumer/internals/FetchMetricsManager.java,307,230,15,25,11
clients/src/main/java/org/apache/kafka/clients/consumer/internals/MemberStateListener.java,50,9,6,0,3
clients/src/main/java/org/apache/kafka/clients/consumer/internals/FetchBuffer.java,274,171,23,10,18
clients/src/main/java/org/apache/kafka/clients/consumer/internals/ShareAcknowledgementMode.java,116,79,11,13,7
clients/src/main/java/org/apache/kafka/clients/consumer/internals/MemberState.java,162,43,14,4,5
clients/src/main/java/org/apache/kafka/clients/consumer/internals/ConsumerRebalanceListenerMethodName.java,46,14,6,3,1
clients/src/main/java/org/apache/kafka/clients/consumer/internals/FetchRequestManager.java,183,108,15,8,18
clients/src/main/java/org/apache/kafka/clients/consumer/internals/ShareFetchBuffer.java,233,157,17,10,15
clients/src/main/java/org/apache/kafka/clients/consumer/internals/BaseHeartbeatThread.java,69,36,4,12,3
clients/src/main/java/org/apache/kafka/clients/consumer/internals/AutoOffsetResetStrategy.java,182,129,24,19,11
clients/src/main/java/org/apache/kafka/clients/consumer/internals/StreamsMembershipManager.java,1322,836,124,95,34
clients/src/main/java/org/apache/kafka/clients/consumer/internals/ShareFetchMetricsRegistry.java,101,30,5,21,3
clients/src/main/java/org/apache/kafka/clients/consumer/internals/RequestManager.java,87,14,13,0,3
clients/src/main/java/org/apache/kafka/clients/consumer/internals/ConsumerRebalanceListenerInvoker.java,141,102,17,7,12
clients/src/main/java/org/apache/kafka/clients/consumer/internals/FetchUtils.java,53,10,7,0,1
clients/src/main/java/org/apache/kafka/clients/consumer/internals/TopicMetadataFetcher.java,167,96,26,8,22
clients/src/main/java/org/apache/kafka/clients/consumer/internals/SubscriptionState.java,1424,912,159,157,33
clients/src/main/java/org/apache/kafka/clients/consumer/internals/AbstractMembershipManager.java,1496,748,182,84,26
clients/src/main/java/org/apache/kafka/clients/consumer/internals/OffsetsRequestManager.java,924,596,106,45,44
clients/src/main/java/org/apache/kafka/clients/consumer/internals/Deserializers.java,98,69,7,8,10
clients/src/main/java/org/apache/kafka/clients/consumer/internals/FetchCollector.java,384,271,83,14,20
clients/src/main/java/org/apache/kafka/clients/consumer/internals/ShareFetchException.java,40,17,3,5,2
clients/src/main/java/org/apache/kafka/clients/consumer/internals/NetworkClientDelegate.java,474,345,34,55,37
clients/src/main/java/org/apache/kafka/clients/consumer/internals/ShareConsumerDelegate.java,40,9,4,0,3
clients/src/main/java/org/apache/kafka/clients/consumer/internals/FetchConfig.java,105,55,6,11,4
clients/src/main/java/org/apache/kafka/clients/consumer/internals/RequestFutureAdapter.java,32,7,3,2,0
clients/src/main/java/org/apache/kafka/clients/consumer/internals/Utils.java,83,52,7,7,6
clients/src/main/java/org/apache/kafka/clients/consumer/internals/AbstractStickyAssignor.java,1503,1024,220,89,23
clients/src/main/java/org/apache/kafka/clients/consumer/internals/StreamsRebalanceListener.java,49,8,7,0,2
clients/src/main/java/org/apache/kafka/clients/consumer/internals/AcknowledgementCommitCallbackHandler.java,66,42,5,4,10
clients/src/main/java/org/apache/kafka/clients/consumer/internals/StreamsGroupHeartbeatRequestManager.java,709,531,62,47,31
clients/src/main/java/org/apache/kafka/clients/consumer/internals/AbstractHeartbeatRequestManager.java,522,284,58,31,17
clients/src/main/java/org/apache/kafka/clients/consumer/internals/AsyncKafkaConsumer.java,2280,1643,216,137,137
clients/src/main/java/org/apache/kafka/clients/consumer/internals/Fetcher.java,212,118,15,14,18
clients/src/main/java/org/apache/kafka/clients/consumer/internals/Fetch.java,137,79,13,14,11
clients/src/main/java/org/apache/kafka/clients/consumer/internals/ShareInFlightBatch.java,134,95,8,18,9
clients/src/main/java/org/apache/kafka/clients/consumer/internals/RequestState.java,163,98,9,17,3
clients/src/main/java/org/apache/kafka/clients/consumer/internals/CompletedFetch.java,387,279,45,29,32
clients/src/main/java/org/apache/kafka/clients/consumer/internals/CoordinatorRequestManager.java,265,158,25,20,15
clients/src/main/java/org/apache/kafka/clients/consumer/internals/TopicMetadataRequestManager.java,283,192,25,23,26
clients/src/main/java/org/apache/kafka/clients/consumer/internals/StreamsRebalanceListenerInvoker.java,117,84,18,8,7
clients/src/main/java/org/apache/kafka/clients/consumer/internals/ShareInFlightBatchException.java,42,18,3,5,3
clients/src/main/java/org/apache/kafka/clients/consumer/internals/FetchMetricsAggregator.java,95,43,7,8,5
clients/src/main/java/org/apache/kafka/clients/consumer/internals/OffsetFetcherUtils.java,443,331,60,11,34
clients/src/main/java/org/apache/kafka/clients/consumer/internals/ConsumerHeartbeatRequestManager.java,346,223,27,26,23
clients/src/main/java/org/apache/kafka/clients/consumer/internals/AbstractFetch.java,651,348,85,35,38
clients/src/main/java/org/apache/kafka/clients/consumer/internals/OffsetFetcher.java,441,305,42,34,34
clients/src/main/java/org/apache/kafka/clients/consumer/internals/OffsetsForLeaderEpochUtils.java,143,106,23,7,18
clients/src/main/java/org/apache/kafka/clients/consumer/internals/ConsumerMembershipManager.java,524,284,45,28,33
clients/src/main/java/org/apache/kafka/clients/consumer/internals/CachedSupplier.java,43,12,5,3,1
clients/src/main/java/org/apache/kafka/clients/consumer/internals/ShareConsumeRequestManager.java,1527,1141,201,89,48
clients/src/main/java/org/apache/kafka/clients/consumer/internals/AcknowledgementBatch.java,108,77,7,15,5
clients/src/main/java/org/apache/kafka/clients/consumer/internals/ConsumerMetrics.java,51,26,3,5,7
clients/src/main/java/org/apache/kafka/clients/consumer/internals/HeartbeatRequestState.java,113,63,9,11,3
clients/src/main/java/org/apache/kafka/clients/consumer/internals/SensorBuilder.java,115,71,11,6,13
clients/src/main/java/org/apache/kafka/clients/consumer/internals/ShareConsumerDelegateCreator.java,88,57,11,2,9
clients/src/main/java/org/apache/kafka/clients/consumer/internals/OffsetCommitCallbackInvoker.java,81,48,6,9,6
clients/src/main/java/org/apache/kafka/clients/consumer/internals/Heartbeat.java,144,103,6,14,7
clients/src/main/java/org/apache/kafka/clients/consumer/internals/ShareConsumerMetrics.java,34,13,3,3,3
clients/src/main/java/org/apache/kafka/clients/consumer/internals/ConsumerMetadata.java,144,80,17,10,10
clients/src/main/java/org/apache/kafka/clients/consumer/internals/AbstractCoordinator.java,1680,1170,227,113,69
clients/src/main/java/org/apache/kafka/clients/consumer/internals/RequestFuture.java,255,136,36,28,7
clients/src/main/java/org/apache/kafka/clients/consumer/internals/ShareFetchMetricsManager.java,110,78,5,10,5
clients/src/main/java/org/apache/kafka/clients/consumer/internals/ShareSessionHandler.java,297,186,28,19,23
clients/src/main/java/org/apache/kafka/clients/consumer/internals/Acknowledgements.java,318,167,35,23,7
clients/src/main/java/org/apache/kafka/clients/consumer/internals/ConsumerDelegate.java,43,11,4,0,4
clients/src/main/java/org/apache/kafka/clients/consumer/internals/RequestFutureListener.java,27,5,3,0,0
clients/src/main/java/org/apache/kafka/clients/consumer/internals/ConsumerUtils.java,262,189,22,26,35
clients/src/main/java/org/apache/kafka/clients/consumer/internals/ConsumerNetworkClient.java,735,446,86,67,29
clients/src/main/java/org/apache/kafka/clients/consumer/internals/ShareCompletedFetch.java,422,312,45,28,30
clients/src/main/java/org/apache/kafka/clients/consumer/internals/ShareFetchMetricsAggregator.java,61,31,4,9,2
clients/src/main/java/org/apache/kafka/clients/consumer/internals/AsyncClient.java,72,45,6,7,6
clients/src/main/java/org/apache/kafka/clients/consumer/internals/RequestManagers.java,390,328,9,23,20
clients/src/main/java/org/apache/kafka/clients/consumer/internals/StreamsRebalanceData.java,398,285,13,78,14
clients/src/main/java/org/apache/kafka/clients/consumer/internals/ClassicKafkaConsumer.java,1306,1001,115,97,79
clients/src/main/java/org/apache/kafka/clients/consumer/internals/WakeupTrigger.java,210,142,23,17,6
clients/src/main/java/org/apache/kafka/clients/consumer/internals/ConsumerInterceptors.java,112,50,12,7,12
clients/src/main/java/org/apache/kafka/clients/consumer/internals/metrics/KafkaConsumerMetrics.java,122,91,6,15,9
clients/src/main/java/org/apache/kafka/clients/consumer/internals/metrics/AsyncConsumerMetrics.java,256,215,3,33,6
clients/src/main/java/org/apache/kafka/clients/consumer/internals/metrics/ShareRebalanceMetricsManager.java,63,37,3,9,9
clients/src/main/java/org/apache/kafka/clients/consumer/internals/metrics/RebalanceCallbackMetricsManager.java,87,61,9,8,7
clients/src/main/java/org/apache/kafka/clients/consumer/internals/metrics/HeartbeatMetricsManager.java,81,52,6,6,10
clients/src/main/java/org/apache/kafka/clients/consumer/internals/metrics/OffsetCommitMetricsManager.java,62,41,5,3,9
clients/src/main/java/org/apache/kafka/clients/consumer/internals/metrics/ConsumerRebalanceMetricsManager.java,130,93,7,20,17
clients/src/main/java/org/apache/kafka/clients/consumer/internals/metrics/KafkaShareConsumerMetrics.java,89,62,6,11,8
clients/src/main/java/org/apache/kafka/clients/consumer/internals/metrics/RebalanceMetricsManager.java,41,17,3,6,2
clients/src/main/java/org/apache/kafka/clients/consumer/internals/events/LeaveGroupOnCloseEvent.java,48,16,5,3,5
clients/src/main/java/org/apache/kafka/clients/consumer/internals/events/ResetOffsetEvent.java,60,28,3,6,8
clients/src/main/java/org/apache/kafka/clients/consumer/internals/events/ShareSubscriptionChangeEvent.java,45,17,5,4,2
clients/src/main/java/org/apache/kafka/clients/consumer/internals/events/TopicSubscriptionChangeEvent.java,44,18,5,4,3
clients/src/main/java/org/apache/kafka/clients/consumer/internals/events/SyncCommitEvent.java,34,10,4,1,4
clients/src/main/java/org/apache/kafka/clients/consumer/internals/events/StreamsOnAllTasksLostCallbackCompletedEvent.java,51,27,3,6,4
clients/src/main/java/org/apache/kafka/clients/consumer/internals/events/CreateFetchRequestsEvent.java,33,8,5,1,2
clients/src/main/java/org/apache/kafka/clients/consumer/internals/events/TopicMetadataEvent.java,38,16,3,4,1
clients/src/main/java/org/apache/kafka/clients/consumer/internals/events/SeekUnvalidatedEvent.java,59,31,3,8,3
clients/src/main/java/org/apache/kafka/clients/consumer/internals/events/TopicRe2JPatternSubscriptionChangeEvent.java,48,20,4,4,3
clients/src/main/java/org/apache/kafka/clients/consumer/internals/events/ResumePartitionsEvent.java,42,18,3,4,3
clients/src/main/java/org/apache/kafka/clients/consumer/internals/events/ShareAcknowledgeAsyncEvent.java,48,24,3,6,3
clients/src/main/java/org/apache/kafka/clients/consumer/internals/events/AssignmentChangeEvent.java,47,23,3,6,3
clients/src/main/java/org/apache/kafka/clients/consumer/internals/events/ShareAcknowledgeOnCloseEvent.java,41,18,3,4,3
clients/src/main/java/org/apache/kafka/clients/consumer/internals/events/StreamsOnTasksAssignedCallbackCompletedEvent.java,51,27,3,6,4
clients/src/main/java/org/apache/kafka/clients/consumer/internals/events/ShareFetchEvent.java,49,24,3,6,3
clients/src/main/java/org/apache/kafka/clients/consumer/internals/events/StreamsOnAllTasksLostCallbackNeededEvent.java,29,10,3,2,0
clients/src/main/java/org/apache/kafka/clients/consumer/internals/events/UnsubscribeEvent.java,32,6,4,1,0
clients/src/main/java/org/apache/kafka/clients/consumer/internals/events/CurrentLagEvent.java,50,24,3,6,4
clients/src/main/java/org/apache/kafka/clients/consumer/internals/events/ConsumerRebalanceListenerCallbackNeededEvent.java,61,31,3,6,8
clients/src/main/java/org/apache/kafka/clients/consumer/internals/events/BackgroundEventHandler.java,71,32,3,6,7
clients/src/main/java/org/apache/kafka/clients/consumer/internals/events/AllTopicsMetadataEvent.java,24,6,3,1,0
clients/src/main/java/org/apache/kafka/clients/consumer/internals/events/ErrorEvent.java,38,16,3,4,1
clients/src/main/java/org/apache/kafka/clients/consumer/internals/events/ShareAcknowledgementCommitCallbackEvent.java,42,19,3,4,4
clients/src/main/java/org/apache/kafka/clients/consumer/internals/events/CheckAndUpdatePositionsEvent.java,49,13,7,2,3
clients/src/main/java/org/apache/kafka/clients/consumer/internals/events/AbstractTopicMetadataEvent.java,34,13,3,2,3
clients/src/main/java/org/apache/kafka/clients/consumer/internals/events/CompletableEvent.java,127,27,10,0,6
clients/src/main/java/org/apache/kafka/clients/consumer/internals/events/SubscriptionChangeEvent.java,46,17,5,4,2
clients/src/main/java/org/apache/kafka/clients/consumer/internals/events/CompletableEventReaper.java,211,87,21,10,11
clients/src/main/java/org/apache/kafka/clients/consumer/internals/events/UpdatePatternSubscriptionEvent.java,28,6,4,1,0
clients/src/main/java/org/apache/kafka/clients/consumer/internals/events/ApplicationEventHandler.java,145,79,11,13,17
clients/src/main/java/org/apache/kafka/clients/consumer/internals/events/CompletableApplicationEvent.java,59,26,3,7,1
clients/src/main/java/org/apache/kafka/clients/consumer/internals/events/TopicPatternSubscriptionChangeEvent.java,45,18,5,4,3
clients/src/main/java/org/apache/kafka/clients/consumer/internals/events/EventProcessor.java,41,5,4,0,1
clients/src/main/java/org/apache/kafka/clients/consumer/internals/events/ShareAcknowledgeSyncEvent.java,42,19,3,4,4
clients/src/main/java/org/apache/kafka/clients/consumer/internals/events/FetchCommittedOffsetsEvent.java,46,20,3,4,5
clients/src/main/java/org/apache/kafka/clients/consumer/internals/events/ShareAcknowledgementCommitCallbackRegistrationEvent.java,31,11,3,2,0
clients/src/main/java/org/apache/kafka/clients/consumer/internals/events/StreamsOnTasksAssignedCallbackNeededEvent.java,41,18,3,4,2
clients/src/main/java/org/apache/kafka/clients/consumer/internals/events/StopFindCoordinatorOnCloseEvent.java,29,6,3,1,0
clients/src/main/java/org/apache/kafka/clients/consumer/internals/events/ApplicationEvent.java,80,44,3,9,3
clients/src/main/java/org/apache/kafka/clients/consumer/internals/events/CompletableBackgroundEvent.java,55,23,3,6,1
clients/src/main/java/org/apache/kafka/clients/consumer/internals/events/StreamsOnTasksRevokedCallbackCompletedEvent.java,51,27,3,6,4
clients/src/main/java/org/apache/kafka/clients/consumer/internals/events/CommitOnCloseEvent.java,24,6,3,1,0
clients/src/main/java/org/apache/kafka/clients/consumer/internals/events/ConsumerRebalanceListenerCallbackCompletedEvent.java,65,36,3,8,6
clients/src/main/java/org/apache/kafka/clients/consumer/internals/events/ShareUnsubscribeEvent.java,31,6,4,1,0
clients/src/main/java/org/apache/kafka/clients/consumer/internals/events/PollEvent.java,60,23,4,7,1
clients/src/main/java/org/apache/kafka/clients/consumer/internals/events/ApplicationEventProcessor.java,789,561,109,45,30
clients/src/main/java/org/apache/kafka/clients/consumer/internals/events/PausePartitionsEvent.java,42,18,3,4,3
clients/src/main/java/org/apache/kafka/clients/consumer/internals/events/ListOffsetsEvent.java,78,39,4,8,6
clients/src/main/java/org/apache/kafka/clients/consumer/internals/events/BackgroundEvent.java,69,34,3,9,2
clients/src/main/java/org/apache/kafka/clients/consumer/internals/events/CommitEvent.java,80,39,7,8,6
clients/src/main/java/org/apache/kafka/clients/consumer/internals/events/StreamsOnTasksRevokedCallbackNeededEvent.java,42,19,3,4,3
clients/src/main/java/org/apache/kafka/clients/consumer/internals/events/AsyncCommitEvent.java,34,10,4,1,4
clients/src/main/java/org/apache/kafka/server/authorizer/AclCreateResult.java,43,16,3,5,2
clients/src/main/java/org/apache/kafka/server/authorizer/AclDeleteResult.java,93,43,7,13,5
clients/src/main/java/org/apache/kafka/server/authorizer/AuthorizationResult.java,23,5,3,1,0
clients/src/main/java/org/apache/kafka/server/authorizer/Authorizer.java,295,121,53,0,21
clients/src/main/java/org/apache/kafka/server/authorizer/AuthorizerServerInfo.java,55,11,6,0,3
clients/src/main/java/org/apache/kafka/server/authorizer/AuthorizableRequestContext.java,71,14,6,0,3
clients/src/main/java/org/apache/kafka/server/authorizer/Action.java,128,66,17,14,3
clients/src/main/java/org/apache/kafka/server/authorizer/package-info.java,20,1,4,0,0
clients/src/main/java/org/apache/kafka/server/quota/ClientQuotaType.java,27,7,4,1,0
clients/src/main/java/org/apache/kafka/server/quota/ClientQuotaCallback.java,113,14,22,0,4
clients/src/main/java/org/apache/kafka/server/quota/ClientQuotaEntity.java,62,15,5,0,1
clients/src/main/java/org/apache/kafka/server/quota/package-info.java,20,1,4,0,0
clients/src/main/java/org/apache/kafka/server/telemetry/ClientTelemetry.java,36,5,4,0,1
clients/src/main/java/org/apache/kafka/server/telemetry/ClientTelemetryPayload.java,57,9,4,0,2
clients/src/main/java/org/apache/kafka/server/telemetry/ClientTelemetryReceiver.java,39,5,5,0,1
clients/src/main/java/org/apache/kafka/server/telemetry/package-info.java,20,1,4,0,0
clients/src/main/java/org/apache/kafka/server/policy/AlterConfigPolicy.java,99,39,11,8,5
clients/src/main/java/org/apache/kafka/server/policy/CreateTopicPolicy.java,147,64,22,14,6
clients/src/main/java/org/apache/kafka/server/policy/package-info.java,20,1,4,0,0
clients/src/main/java/org/apache/kafka/common/PartitionInfo.java,141,75,17,18,2
clients/src/main/java/org/apache/kafka/common/TopicIdPartition.java,106,49,8,11,1
clients/src/main/java/org/apache/kafka/common/Node.java,158,90,18,23,1
clients/src/main/java/org/apache/kafka/common/MetricName.java,132,56,9,13,2
clients/src/main/java/org/apache/kafka/common/ClusterResource.java,63,26,10,6,1
clients/src/main/java/org/apache/kafka/common/GroupState.java,97,47,7,6,7
clients/src/main/java/org/apache/kafka/common/TopicCollection.java,81,31,3,9,3
clients/src/main/java/org/apache/kafka/common/ConsumerGroupState.java,62,31,3,5,5
clients/src/main/java/org/apache/kafka/common/Uuid.java,196,100,18,19,6
clients/src/main/java/org/apache/kafka/common/IsolationLevel.java,49,26,5,5,1
clients/src/main/java/org/apache/kafka/common/Metric.java,34,5,5,0,0
clients/src/main/java/org/apache/kafka/common/InvalidRecordException.java,33,11,3,3,1
clients/src/main/java/org/apache/kafka/common/Configurable.java,31,5,4,0,1
clients/src/main/java/org/apache/kafka/common/TopicPartition.java,72,44,8,10,2
clients/src/main/java/org/apache/kafka/common/Cluster.java,397,243,40,44,12
clients/src/main/java/org/apache/kafka/common/ClassicGroupState.java,58,28,3,5,5
clients/src/main/java/org/apache/kafka/common/TopicPartitionInfo.java,150,83,13,17,4
clients/src/main/java/org/apache/kafka/common/TopicPartitionReplica.java,81,51,8,11,2
clients/src/main/java/org/apache/kafka/common/KafkaException.java,42,16,3,5,0
clients/src/main/java/org/apache/kafka/common/Endpoint.java,111,59,9,13,3
clients/src/main/java/org/apache/kafka/common/MetricNameTemplate.java,129,55,10,14,4
clients/src/main/java/org/apache/kafka/common/KafkaFuture.java,199,57,17,14,8
clients/src/main/java/org/apache/kafka/common/ElectionType.java,45,20,6,3,2
clients/src/main/java/org/apache/kafka/common/GroupType.java,56,30,4,5,5
clients/src/main/java/org/apache/kafka/common/ClusterResourceListener.java,53,4,7,0,0
clients/src/main/java/org/apache/kafka/common/Reconfigurable.java,54,9,6,0,3
clients/src/main/java/org/apache/kafka/common/package-info.java,20,1,4,0,0
clients/src/main/java/org/apache/kafka/common/MessageFormatter.java,53,10,6,0,4
clients/src/main/java/org/apache/kafka/common/metrics/MeasurableStat.java,26,3,4,0,0
clients/src/main/java/org/apache/kafka/common/metrics/MetricsReporter.java,75,22,6,0,6
clients/src/main/java/org/apache/kafka/common/metrics/Monitorable.java,32,4,3,0,0
clients/src/main/java/org/apache/kafka/common/metrics/QuotaViolationException.java,65,31,4,10,1
clients/src/main/java/org/apache/kafka/common/metrics/KafkaMetricsContext.java,56,18,6,4,3
clients/src/main/java/org/apache/kafka/common/metrics/MetricConfig.java,103,65,5,20,3
clients/src/main/java/org/apache/kafka/common/metrics/Gauge.java,32,5,4,0,0
clients/src/main/java/org/apache/kafka/common/metrics/MetricsContext.java,53,5,8,0,1
clients/src/main/java/org/apache/kafka/common/metrics/Stat.java,32,4,4,0,0
clients/src/main/java/org/apache/kafka/common/metrics/KafkaMetric.java,132,62,15,12,3
clients/src/main/java/org/apache/kafka/common/metrics/JmxReporter.java,338,263,33,36,25
clients/src/main/java/org/apache/kafka/common/metrics/PluginMetrics.java,75,10,11,0,2
clients/src/main/java/org/apache/kafka/common/metrics/MetricValueProvider.java,28,2,5,0,0
clients/src/main/java/org/apache/kafka/common/metrics/Measurable.java,32,4,4,0,0
clients/src/main/java/org/apache/kafka/common/metrics/CompoundStat.java,52,21,4,5,2
clients/src/main/java/org/apache/kafka/common/metrics/package-info.java,20,1,3,0,0
clients/src/main/java/org/apache/kafka/common/metrics/Quota.java,75,45,8,11,0
clients/src/main/java/org/apache/kafka/common/metrics/Sensor.java,396,189,54,42,16
clients/src/main/java/org/apache/kafka/common/metrics/Metrics.java,696,317,71,48,24
clients/src/main/java/org/apache/kafka/common/metrics/internals/IntGaugeSuite.java,296,184,21,21,15
clients/src/main/java/org/apache/kafka/common/metrics/internals/MetricsUtils.java,66,35,13,2,4
clients/src/main/java/org/apache/kafka/common/metrics/internals/PluginMetricsImpl.java,113,85,16,13,11
clients/src/main/java/org/apache/kafka/common/metrics/stats/Percentiles.java,147,109,14,17,9
clients/src/main/java/org/apache/kafka/common/metrics/stats/Percentile.java,40,17,3,5,1
clients/src/main/java/org/apache/kafka/common/metrics/stats/Avg.java,48,22,4,3,2
clients/src/main/java/org/apache/kafka/common/metrics/stats/CumulativeCount.java,34,8,3,1,1
clients/src/main/java/org/apache/kafka/common/metrics/stats/TokenBucket.java,111,52,6,10,5
clients/src/main/java/org/apache/kafka/common/metrics/stats/WindowedCount.java,35,8,4,1,1
clients/src/main/java/org/apache/kafka/common/metrics/stats/SimpleRate.java,39,10,4,1,1
clients/src/main/java/org/apache/kafka/common/metrics/stats/Max.java,48,22,4,3,2
clients/src/main/java/org/apache/kafka/common/metrics/stats/Min.java,48,22,4,3,2
clients/src/main/java/org/apache/kafka/common/metrics/stats/Meter.java,95,52,5,11,6
clients/src/main/java/org/apache/kafka/common/metrics/stats/WindowedSum.java,48,19,5,3,2
clients/src/main/java/org/apache/kafka/common/metrics/stats/Rate.java,110,51,9,11,5
clients/src/main/java/org/apache/kafka/common/metrics/stats/SampledStat.java,163,111,16,23,4
clients/src/main/java/org/apache/kafka/common/metrics/stats/Value.java,37,14,3,3,2
clients/src/main/java/org/apache/kafka/common/metrics/stats/Frequencies.java,187,107,26,12,7
clients/src/main/java/org/apache/kafka/common/metrics/stats/CumulativeSum.java,54,24,4,6,2
clients/src/main/java/org/apache/kafka/common/metrics/stats/Histogram.java,211,127,22,25,1
clients/src/main/java/org/apache/kafka/common/metrics/stats/Frequency.java,66,23,3,6,1
clients/src/main/java/org/apache/kafka/common/metrics/stats/package-info.java,20,1,3,0,0
clients/src/main/java/org/apache/kafka/common/compress/SnappyCompression.java,92,56,6,8,11
clients/src/main/java/org/apache/kafka/common/compress/Lz4BlockInputStream.java,313,209,35,26,15
clients/src/main/java/org/apache/kafka/common/compress/GzipCompression.java,115,72,9,11,13
clients/src/main/java/org/apache/kafka/common/compress/Lz4BlockOutputStream.java,389,249,22,51,8
clients/src/main/java/org/apache/kafka/common/compress/Compression.java,112,54,14,0,6
clients/src/main/java/org/apache/kafka/common/compress/NoCompression.java,54,29,3,5,7
clients/src/main/java/org/apache/kafka/common/compress/GzipOutputStream.java,48,13,3,2,3
clients/src/main/java/org/apache/kafka/common/compress/ZstdCompression.java,141,89,10,14,17
clients/src/main/java/org/apache/kafka/common/compress/Lz4Compression.java,104,69,8,11,11
clients/src/main/java/org/apache/kafka/common/compress/package-info.java,21,1,4,0,0
clients/src/main/java/org/apache/kafka/common/record/AbstractRecords.java,164,104,18,16,6
clients/src/main/java/org/apache/kafka/common/record/MemoryRecordsBuilder.java,936,567,102,101,17
clients/src/main/java/org/apache/kafka/common/record/EndTransactionMarker.java,112,71,13,13,7
clients/src/main/java/org/apache/kafka/common/record/BaseRecords.java,34,5,4,0,0
clients/src/main/java/org/apache/kafka/common/record/FileLogInputStream.java,259,186,17,32,17
clients/src/main/java/org/apache/kafka/common/record/CompressionRatioEstimator.java,104,55,14,9,2
clients/src/main/java/org/apache/kafka/common/record/SimpleRecord.java,122,82,8,20,5
clients/src/main/java/org/apache/kafka/common/record/Records.java,108,20,11,0,3
clients/src/main/java/org/apache/kafka/common/record/LegacyRecord.java,574,336,66,62,11
clients/src/main/java/org/apache/kafka/common/record/DefaultRecord.java,554,401,54,42,13
clients/src/main/java/org/apache/kafka/common/record/MultiRecordsSend.java,115,71,10,11,7
clients/src/main/java/org/apache/kafka/common/record/RecordBatchIterator.java,47,25,7,2,5
clients/src/main/java/org/apache/kafka/common/record/RecordValidationStats.java,75,34,5,11,0
clients/src/main/java/org/apache/kafka/common/record/RemoteLogInputStream.java,79,43,7,4,9
clients/src/main/java/org/apache/kafka/common/record/RecordBatch.java,268,53,34,0,6
clients/src/main/java/org/apache/kafka/common/record/UnalignedFileRecords.java,51,24,3,6,3
clients/src/main/java/org/apache/kafka/common/record/TransferableRecords.java,39,6,3,0,2
clients/src/main/java/org/apache/kafka/common/record/UnalignedRecords.java,29,7,3,0,0
clients/src/main/java/org/apache/kafka/common/record/MutableRecordBatch.java,68,11,6,0,3
clients/src/main/java/org/apache/kafka/common/record/RecordsSend.java,84,44,9,11,5
clients/src/main/java/org/apache/kafka/common/record/ByteBufferLogInputStream.java,88,47,12,3,6
clients/src/main/java/org/apache/kafka/common/record/CompressionType.java,197,133,23,32,4
clients/src/main/java/org/apache/kafka/common/record/PartialDefaultRecord.java,99,67,5,12,2
clients/src/main/java/org/apache/kafka/common/record/TimestampType.java,46,21,5,5,1
clients/src/main/java/org/apache/kafka/common/record/LogInputStream.java,43,5,8,0,1
clients/src/main/java/org/apache/kafka/common/record/FileRecords.java,581,348,58,54,16
clients/src/main/java/org/apache/kafka/common/record/UnalignedMemoryRecords.java,58,30,4,7,5
clients/src/main/java/org/apache/kafka/common/record/MemoryRecords.java,844,654,51,90,22
clients/src/main/java/org/apache/kafka/common/record/Record.java,129,21,14,0,2
clients/src/main/java/org/apache/kafka/common/record/ControlRecordUtils.java,105,67,5,16,7
clients/src/main/java/org/apache/kafka/common/record/DefaultRecordsSend.java,36,15,3,3,2
clients/src/main/java/org/apache/kafka/common/record/AbstractRecordBatch.java,36,15,3,3,0
clients/src/main/java/org/apache/kafka/common/record/package-info.java,21,1,3,0,0
clients/src/main/java/org/apache/kafka/common/record/RecordVersion.java,46,17,4,5,0
clients/src/main/java/org/apache/kafka/common/record/ControlRecordType.java,129,76,19,9,8
clients/src/main/java/org/apache/kafka/common/record/DefaultRecordBatch.java,740,541,56,89,22
clients/src/main/java/org/apache/kafka/common/record/AbstractLegacyRecordBatch.java,620,464,40,83,22
clients/src/main/java/org/apache/kafka/common/memory/MemoryPool.java,95,34,9,6,1
clients/src/main/java/org/apache/kafka/common/memory/SimpleMemoryPool.java,138,92,15,17,6
clients/src/main/java/org/apache/kafka/common/memory/GarbageCollectedMemoryPool.java,167,109,19,17,7
clients/src/main/java/org/apache/kafka/common/memory/package-info.java,21,1,4,0,0
clients/src/main/java/org/apache/kafka/common/cache/Cache.java,52,7,6,0,0
clients/src/main/java/org/apache/kafka/common/cache/LRUCache.java,56,30,3,7,2
clients/src/main/java/org/apache/kafka/common/cache/SynchronizedCache.java,50,23,5,6,0
clients/src/main/java/org/apache/kafka/common/cache/package-info.java,21,1,3,0,0
clients/src/main/java/org/apache/kafka/common/config/ConfigTransformerResult.java,63,17,6,5,2
clients/src/main/java/org/apache/kafka/common/config/SaslConfigs.java,416,6,45,115,3
clients/src/main/java/org/apache/kafka/common/config/SecurityConfig.java,29,7,4,2,0
clients/src/main/java/org/apache/kafka/common/config/ConfigResource.java,123,66,8,14,6
clients/src/main/java/org/apache/kafka/common/config/ConfigDef.java,1764,1082,263,131,18
clients/src/main/java/org/apache/kafka/common/config/ConfigData.java,68,20,5,6,2
clients/src/main/java/org/apache/kafka/common/config/ConfigTransformer.java,177,107,17,8,10
clients/src/main/java/org/apache/kafka/common/config/ConfigValue.java,106,73,9,19,3
clients/src/main/java/org/apache/kafka/common/config/SslConfigs.java,171,125,25,47,5
clients/src/main/java/org/apache/kafka/common/config/TopicConfig.java,238,173,47,66,0
clients/src/main/java/org/apache/kafka/common/config/ConfigChangeCallback.java,33,5,4,0,1
clients/src/main/java/org/apache/kafka/common/config/LogLevelConfig.java,69,14,4,7,1
clients/src/main/java/org/apache/kafka/common/config/ConfigException.java,40,14,5,4,1
clients/src/main/java/org/apache/kafka/common/config/Config.java,32,11,3,3,1
clients/src/main/java/org/apache/kafka/common/config/AbstractConfig.java,735,414,75,59,19
clients/src/main/java/org/apache/kafka/common/config/SslClientAuth.java,50,25,6,4,2
clients/src/main/java/org/apache/kafka/common/config/package-info.java,20,1,4,0,0
clients/src/main/java/org/apache/kafka/common/config/types/package-info.java,21,1,3,0,0
clients/src/main/java/org/apache/kafka/common/config/types/Password.java,67,26,5,7,0
clients/src/main/java/org/apache/kafka/common/config/provider/DirectoryConfigProvider.java,126,74,12,10,14
clients/src/main/java/org/apache/kafka/common/config/provider/ConfigProvider.java,84,19,8,0,5
clients/src/main/java/org/apache/kafka/common/config/provider/EnvVarConfigProvider.java,119,69,12,12,10
clients/src/main/java/org/apache/kafka/common/config/provider/FileConfigProvider.java,140,89,16,9,15
clients/src/main/java/org/apache/kafka/common/config/provider/package-info.java,20,1,4,0,0
clients/src/main/java/org/apache/kafka/common/config/internals/BrokerSecurityConfigs.java,223,176,16,35,21
clients/src/main/java/org/apache/kafka/common/config/internals/AllowedPaths.java,82,43,12,4,7
clients/src/main/java/org/apache/kafka/common/security/JaasConfig.java,124,83,18,6,13
clients/src/main/java/org/apache/kafka/common/security/JaasContext.java,240,158,31,19,16
clients/src/main/java/org/apache/kafka/common/security/JaasUtils.java,31,12,3,6,0
clients/src/main/java/org/apache/kafka/common/security/package-info.java,20,1,4,0,0
clients/src/main/java/org/apache/kafka/common/security/token/delegation/DelegationToken.java,77,46,6,9,4
clients/src/main/java/org/apache/kafka/common/security/token/delegation/TokenInformation.java,150,105,12,25,4
clients/src/main/java/org/apache/kafka/common/security/token/delegation/package-info.java,20,1,4,0,0
clients/src/main/java/org/apache/kafka/common/security/token/delegation/internals/DelegationTokenCache.java,125,81,11,17,10
clients/src/main/java/org/apache/kafka/common/security/token/delegation/internals/DelegationTokenCredentialCallback.java,40,18,3,6,1
clients/src/main/java/org/apache/kafka/common/security/kerberos/KerberosError.java,133,84,18,11,8
clients/src/main/java/org/apache/kafka/common/security/kerberos/KerberosShortNamer.java,106,30,14,7,6
clients/src/main/java/org/apache/kafka/common/security/kerberos/NoMatchingRule.java,25,7,3,0,1
clients/src/main/java/org/apache/kafka/common/security/kerberos/KerberosLogin.java,397,299,54,29,23
clients/src/main/java/org/apache/kafka/common/security/kerberos/BadFormatString.java,28,10,3,0,1
clients/src/main/java/org/apache/kafka/common/security/kerberos/KerberosClientCallbackHandler.java,77,51,12,3,11
clients/src/main/java/org/apache/kafka/common/security/kerberos/KerberosName.java,105,48,8,10,2
clients/src/main/java/org/apache/kafka/common/security/kerberos/KerberosRule.java,206,141,26,13,4
clients/src/main/java/org/apache/kafka/common/security/kerberos/package-info.java,21,1,4,0,0
clients/src/main/java/org/apache/kafka/common/security/ssl/CommonNameLoggingTrustManagerFactoryWrapper.java,421,302,34,47,29
clients/src/main/java/org/apache/kafka/common/security/ssl/SslFactory.java,538,392,72,38,33
clients/src/main/java/org/apache/kafka/common/security/ssl/DefaultSslEngineFactory.java,587,482,69,59,53
clients/src/main/java/org/apache/kafka/common/security/ssl/CommonNameLoggingSslEngineFactory.java,36,14,3,1,4
clients/src/main/java/org/apache/kafka/common/security/ssl/package-info.java,21,1,4,0,0
clients/src/main/java/org/apache/kafka/common/security/ssl/SslPrincipalMapper.java,215,156,30,18,7
clients/src/main/java/org/apache/kafka/common/security/auth/PlaintextAuthenticationContext.java,45,22,3,6,1
clients/src/main/java/org/apache/kafka/common/security/auth/KafkaPrincipal.java,99,49,9,14,2
clients/src/main/java/org/apache/kafka/common/security/auth/SslEngineFactory.java,90,15,20,0,6
clients/src/main/java/org/apache/kafka/common/security/auth/AuthenticationContext.java,42,7,4,0,1
clients/src/main/java/org/apache/kafka/common/security/auth/KafkaPrincipalBuilder.java,36,4,4,0,0
clients/src/main/java/org/apache/kafka/common/security/auth/AuthenticateCallbackHandler.java,62,9,10,0,4
clients/src/main/java/org/apache/kafka/common/security/auth/SaslExtensionsCallback.java,51,12,5,3,2
clients/src/main/java/org/apache/kafka/common/security/auth/Login.java,68,14,8,0,5
clients/src/main/java/org/apache/kafka/common/security/auth/SecurityProviderCreator.java,41,9,5,0,3
clients/src/main/java/org/apache/kafka/common/security/auth/KafkaPrincipalSerde.java,43,6,4,0,1
clients/src/main/java/org/apache/kafka/common/security/auth/SecurityProtocol.java,75,8,4,8,6
clients/src/main/java/org/apache/kafka/common/security/auth/SaslAuthenticationContext.java,74,43,5,12,4
clients/src/main/java/org/apache/kafka/common/security/auth/SaslExtensions.java,118,33,10,7,5
clients/src/main/java/org/apache/kafka/common/security/auth/package-info.java,20,1,4,0,0
clients/src/main/java/org/apache/kafka/common/security/auth/SslAuthenticationContext.java,52,28,3,8,2
clients/src/main/java/org/apache/kafka/common/security/plain/PlainLoginModule.java,65,38,5,7,5
clients/src/main/java/org/apache/kafka/common/security/plain/PlainAuthenticateCallback.java,63,18,6,6,1
clients/src/main/java/org/apache/kafka/common/security/plain/package-info.java,20,1,4,0,0
clients/src/main/java/org/apache/kafka/common/security/plain/internals/PlainSaslServer.java,200,121,21,16,13
clients/src/main/java/org/apache/kafka/common/security/plain/internals/PlainSaslServerProvider.java,36,14,4,3,3
clients/src/main/java/org/apache/kafka/common/security/plain/internals/PlainServerCallbackHandler.java,76,49,8,6,13
clients/src/main/java/org/apache/kafka/common/security/oauthbearer/FileJwtRetriever.java,59,29,5,3,9
clients/src/main/java/org/apache/kafka/common/security/oauthbearer/OAuthBearerLoginCallbackHandler.java,292,132,24,17,21
clients/src/main/java/org/apache/kafka/common/security/oauthbearer/OAuthBearerToken.java,96,9,7,0,1
clients/src/main/java/org/apache/kafka/common/security/oauthbearer/OAuthBearerLoginModule.java,429,179,55,19,20
clients/src/main/java/org/apache/kafka/common/security/oauthbearer/OAuthBearerTokenCallback.java,113,35,7,10,2
clients/src/main/java/org/apache/kafka/common/security/oauthbearer/JwtValidator.java,63,5,6,0,1
clients/src/main/java/org/apache/kafka/common/security/oauthbearer/JwtRetriever.java,56,6,4,0,2
clients/src/main/java/org/apache/kafka/common/security/oauthbearer/JwtRetrieverException.java,40,13,3,3,1
clients/src/main/java/org/apache/kafka/common/security/oauthbearer/BrokerJwtValidator.java,206,115,12,9,29
clients/src/main/java/org/apache/kafka/common/security/oauthbearer/DefaultJwtRetriever.java,90,41,6,5,12
clients/src/main/java/org/apache/kafka/common/security/oauthbearer/DefaultJwtValidator.java,79,41,6,7,8
clients/src/main/java/org/apache/kafka/common/security/oauthbearer/OAuthBearerExtensionsValidatorCallback.java,115,43,9,12,7
clients/src/main/java/org/apache/kafka/common/security/oauthbearer/OAuthBearerValidatorCallback.java,145,44,10,13,2
clients/src/main/java/org/apache/kafka/common/security/oauthbearer/JwtValidatorException.java,46,15,3,3,3
clients/src/main/java/org/apache/kafka/common/security/oauthbearer/ClientJwtValidator.java,140,75,6,8,18
clients/src/main/java/org/apache/kafka/common/security/oauthbearer/JwtBearerJwtRetriever.java,181,77,10,9,24
clients/src/main/java/org/apache/kafka/common/security/oauthbearer/OAuthBearerValidatorCallbackHandler.java,176,76,14,9,13
clients/src/main/java/org/apache/kafka/common/security/oauthbearer/ClientCredentialsJwtRetriever.java,252,135,16,12,25
clients/src/main/java/org/apache/kafka/common/security/oauthbearer/package-info.java,20,1,4,0,0
clients/src/main/java/org/apache/kafka/common/security/oauthbearer/internals/OAuthBearerSaslServerProvider.java,37,16,4,3,4
clients/src/main/java/org/apache/kafka/common/security/oauthbearer/internals/OAuthBearerRefreshingLogin.java,154,77,10,12,16
clients/src/main/java/org/apache/kafka/common/security/oauthbearer/internals/OAuthBearerSaslClientProvider.java,37,16,4,3,4
clients/src/main/java/org/apache/kafka/common/security/oauthbearer/internals/OAuthBearerSaslServer.java,245,175,27,24,22
clients/src/main/java/org/apache/kafka/common/security/oauthbearer/internals/OAuthBearerSaslClient.java,197,145,21,17,19
clients/src/main/java/org/apache/kafka/common/security/oauthbearer/internals/OAuthBearerSaslClientCallbackHandler.java,139,81,17,8,22
clients/src/main/java/org/apache/kafka/common/security/oauthbearer/internals/OAuthBearerClientInitialResponse.java,190,95,21,21,8
clients/src/main/java/org/apache/kafka/common/security/oauthbearer/internals/unsecured/OAuthBearerUnsecuredJws.java,366,201,43,33,17
clients/src/main/java/org/apache/kafka/common/security/oauthbearer/internals/unsecured/OAuthBearerValidationUtils.java,200,97,29,8,4
clients/src/main/java/org/apache/kafka/common/security/oauthbearer/internals/unsecured/OAuthBearerUnsecuredLoginCallbackHandler.java,341,232,44,36,28
clients/src/main/java/org/apache/kafka/common/security/oauthbearer/internals/unsecured/OAuthBearerScopeUtils.java,75,25,12,4,5
clients/src/main/java/org/apache/kafka/common/security/oauthbearer/internals/unsecured/OAuthBearerUnsecuredValidatorCallbackHandler.java,214,126,21,19,15
clients/src/main/java/org/apache/kafka/common/security/oauthbearer/internals/unsecured/OAuthBearerConfigException.java,35,11,4,3,1
clients/src/main/java/org/apache/kafka/common/security/oauthbearer/internals/unsecured/OAuthBearerValidationResult.java,126,44,11,14,1
clients/src/main/java/org/apache/kafka/common/security/oauthbearer/internals/unsecured/OAuthBearerIllegalTokenException.java,53,16,7,4,2
clients/src/main/java/org/apache/kafka/common/security/oauthbearer/internals/expiring/ExpiringCredentialRefreshingLogin.java,445,307,50,37,13
clients/src/main/java/org/apache/kafka/common/security/oauthbearer/internals/expiring/ExpiringCredentialRefreshConfig.java,124,34,11,11,3
clients/src/main/java/org/apache/kafka/common/security/oauthbearer/internals/expiring/ExpiringCredential.java,66,7,7,0,0
clients/src/main/java/org/apache/kafka/common/security/oauthbearer/internals/secured/JwtResponseParser.java,65,35,9,3,5
clients/src/main/java/org/apache/kafka/common/security/oauthbearer/internals/secured/UnretryableException.java,28,7,3,1,1
clients/src/main/java/org/apache/kafka/common/security/oauthbearer/internals/secured/Retry.java,108,56,13,7,4
clients/src/main/java/org/apache/kafka/common/security/oauthbearer/internals/secured/BasicOAuthBearerToken.java,164,52,7,12,3
clients/src/main/java/org/apache/kafka/common/security/oauthbearer/internals/secured/HttpRequestFormatter.java,26,6,3,0,1
clients/src/main/java/org/apache/kafka/common/security/oauthbearer/internals/secured/Retryable.java,45,5,3,0,1
clients/src/main/java/org/apache/kafka/common/security/oauthbearer/internals/secured/SerializedJwt.java,106,41,7,10,1
clients/src/main/java/org/apache/kafka/common/security/oauthbearer/internals/secured/RefreshingHttpsJwks.java,376,183,22,23,19
clients/src/main/java/org/apache/kafka/common/security/oauthbearer/internals/secured/ClientCredentialsRequestFormatter.java,91,54,8,7,9
clients/src/main/java/org/apache/kafka/common/security/oauthbearer/internals/secured/CachedFile.java,179,95,11,21,7
clients/src/main/java/org/apache/kafka/common/security/oauthbearer/internals/secured/JwtBearerRequestFormatter.java,61,34,4,6,6
clients/src/main/java/org/apache/kafka/common/security/oauthbearer/internals/secured/RefreshingHttpsJwksVerificationKeyResolver.java,154,70,12,8,16
clients/src/main/java/org/apache/kafka/common/security/oauthbearer/internals/secured/JwksFileVerificationKeyResolver.java,128,46,5,5,16
clients/src/main/java/org/apache/kafka/common/security/oauthbearer/internals/secured/ClaimValidationUtils.java,184,48,20,6,5
clients/src/main/java/org/apache/kafka/common/security/oauthbearer/internals/secured/ConfigurationUtils.java,417,261,38,21,21
clients/src/main/java/org/apache/kafka/common/security/oauthbearer/internals/secured/VerificationKeyResolverFactory.java,187,119,13,14,22
clients/src/main/java/org/apache/kafka/common/security/oauthbearer/internals/secured/OAuthBearerConfigurable.java,88,15,9,0,8
clients/src/main/java/org/apache/kafka/common/security/oauthbearer/internals/secured/JaasOptionsUtils.java,120,75,10,12,18
clients/src/main/java/org/apache/kafka/common/security/oauthbearer/internals/secured/CloseableVerificationKeyResolver.java,34,5,3,0,2
clients/src/main/java/org/apache/kafka/common/security/oauthbearer/internals/secured/HttpJwtRetriever.java,316,214,29,14,31
clients/src/main/java/org/apache/kafka/common/security/oauthbearer/internals/secured/assertion/FileAssertionCreator.java,44,17,3,3,6
clients/src/main/java/org/apache/kafka/common/security/oauthbearer/internals/secured/assertion/DynamicAssertionJwtTemplate.java,81,42,4,8,5
clients/src/main/java/org/apache/kafka/common/security/oauthbearer/internals/secured/assertion/DefaultAssertionCreator.java,96,55,6,8,14
clients/src/main/java/org/apache/kafka/common/security/oauthbearer/internals/secured/assertion/FileAssertionJwtTemplate.java,165,42,6,8,7
clients/src/main/java/org/apache/kafka/common/security/oauthbearer/internals/secured/assertion/AssertionUtils.java,150,108,13,9,30
clients/src/main/java/org/apache/kafka/common/security/oauthbearer/internals/secured/assertion/AssertionJwtTemplate.java,73,11,5,0,3
clients/src/main/java/org/apache/kafka/common/security/oauthbearer/internals/secured/assertion/AssertionCreator.java,96,10,6,0,3
clients/src/main/java/org/apache/kafka/common/security/oauthbearer/internals/secured/assertion/StaticAssertionJwtTemplate.java,52,23,3,6,2
clients/src/main/java/org/apache/kafka/common/security/oauthbearer/internals/secured/assertion/LayeredAssertionJwtTemplate.java,108,37,9,6,7
clients/src/main/java/org/apache/kafka/common/security/scram/ScramCredentialCallback.java,40,11,6,3,1
clients/src/main/java/org/apache/kafka/common/security/scram/ScramExtensionsCallback.java,47,13,4,3,3
clients/src/main/java/org/apache/kafka/common/security/scram/ScramLoginModule.java,75,47,6,8,7
clients/src/main/java/org/apache/kafka/common/security/scram/ScramCredential.java,68,25,5,9,0
clients/src/main/java/org/apache/kafka/common/security/scram/package-info.java,20,1,4,0,0
clients/src/main/java/org/apache/kafka/common/security/scram/internals/ScramMessages.java,288,217,17,42,7
clients/src/main/java/org/apache/kafka/common/security/scram/internals/ScramSaslServer.java,268,208,33,25,26
clients/src/main/java/org/apache/kafka/common/security/scram/internals/ScramCredentialUtils.java,86,53,10,9,5
clients/src/main/java/org/apache/kafka/common/security/scram/internals/ScramFormatter.java,193,143,9,32,15
clients/src/main/java/org/apache/kafka/common/security/scram/internals/ScramMechanism.java,105,63,6,17,4
clients/src/main/java/org/apache/kafka/common/security/scram/internals/ScramExtensions.java,43,20,3,4,5
clients/src/main/java/org/apache/kafka/common/security/scram/internals/ScramServerCallbackHandler.java,76,51,8,7,13
clients/src/main/java/org/apache/kafka/common/security/scram/internals/ScramSaslServerProvider.java,37,15,5,3,3
clients/src/main/java/org/apache/kafka/common/security/scram/internals/ScramSaslClientProvider.java,37,15,5,3,3
clients/src/main/java/org/apache/kafka/common/security/scram/internals/ScramSaslClient.java,249,193,27,24,22
clients/src/main/java/org/apache/kafka/common/security/authenticator/SaslServerAuthenticator.java,720,568,91,70,70
clients/src/main/java/org/apache/kafka/common/security/authenticator/DefaultLogin.java,29,10,3,2,0
clients/src/main/java/org/apache/kafka/common/security/authenticator/DefaultKafkaPrincipalBuilder.java,133,92,16,8,22
clients/src/main/java/org/apache/kafka/common/security/authenticator/SaslClientCallbackHandler.java,106,74,20,4,17
clients/src/main/java/org/apache/kafka/common/security/authenticator/SaslClientAuthenticator.java,712,530,90,67,56
clients/src/main/java/org/apache/kafka/common/security/authenticator/SaslInternalConfigs.java,41,7,3,2,1
clients/src/main/java/org/apache/kafka/common/security/authenticator/LoginManager.java,265,131,31,19,22
clients/src/main/java/org/apache/kafka/common/security/authenticator/SaslServerCallbackHandler.java,79,46,8,7,11
clients/src/main/java/org/apache/kafka/common/security/authenticator/AbstractLogin.java,115,74,10,13,16
clients/src/main/java/org/apache/kafka/common/security/authenticator/CredentialCache.java,68,41,5,10,1
clients/src/main/java/org/apache/kafka/common/security/authenticator/package-info.java,21,1,4,0,0
clients/src/main/java/org/apache/kafka/common/serialization/ListSerializer.java,150,117,20,10,15
clients/src/main/java/org/apache/kafka/common/serialization/BooleanSerializer.java,33,14,4,3,0
clients/src/main/java/org/apache/kafka/common/serialization/ByteArraySerializer.java,24,7,3,1,0
clients/src/main/java/org/apache/kafka/common/serialization/BytesDeserializer.java,28,9,4,1,1
clients/src/main/java/org/apache/kafka/common/serialization/Deserializer.java,126,20,7,0,5
clients/src/main/java/org/apache/kafka/common/serialization/VoidSerializer.java,24,7,3,1,0
clients/src/main/java/org/apache/kafka/common/serialization/UUIDSerializer.java,54,29,7,3,5
clients/src/main/java/org/apache/kafka/common/serialization/BooleanDeserializer.java,66,41,11,4,3
clients/src/main/java/org/apache/kafka/common/serialization/FloatDeserializer.java,52,30,8,2,3
clients/src/main/java/org/apache/kafka/common/serialization/Serde.java,54,12,5,0,2
clients/src/main/java/org/apache/kafka/common/serialization/DoubleDeserializer.java,53,30,8,2,3
clients/src/main/java/org/apache/kafka/common/serialization/ByteBufferSerializer.java,49,19,6,1,1
clients/src/main/java/org/apache/kafka/common/serialization/ListDeserializer.java,202,165,24,15,19
clients/src/main/java/org/apache/kafka/common/serialization/VoidDeserializer.java,39,18,7,2,2
clients/src/main/java/org/apache/kafka/common/serialization/FloatSerializer.java,33,15,4,1,0
clients/src/main/java/org/apache/kafka/common/serialization/ByteBufferDeserializer.java,37,15,4,2,2
clients/src/main/java/org/apache/kafka/common/serialization/LongSerializer.java,35,17,4,1,0
clients/src/main/java/org/apache/kafka/common/serialization/UUIDDeserializer.java,77,50,12,4,8
clients/src/main/java/org/apache/kafka/common/serialization/StringDeserializer.java,72,45,9,4,9
clients/src/main/java/org/apache/kafka/common/serialization/IntegerDeserializer.java,52,30,8,2,3
clients/src/main/java/org/apache/kafka/common/serialization/StringSerializer.java,57,32,7,3,6
clients/src/main/java/org/apache/kafka/common/serialization/Serdes.java,315,194,31,37,5
clients/src/main/java/org/apache/kafka/common/serialization/LongDeserializer.java,52,30,8,2,3
clients/src/main/java/org/apache/kafka/common/serialization/ByteArrayDeserializer.java,25,7,3,1,0
clients/src/main/java/org/apache/kafka/common/serialization/IntegerSerializer.java,31,13,4,1,0
clients/src/main/java/org/apache/kafka/common/serialization/DoubleSerializer.java,37,19,4,1,0
clients/src/main/java/org/apache/kafka/common/serialization/ShortDeserializer.java,53,30,8,2,3
clients/src/main/java/org/apache/kafka/common/serialization/BytesSerializer.java,28,9,4,1,1
clients/src/main/java/org/apache/kafka/common/serialization/Serializer.java,95,15,5,0,3
clients/src/main/java/org/apache/kafka/common/serialization/ShortSerializer.java,29,11,4,1,0
clients/src/main/java/org/apache/kafka/common/serialization/package-info.java,20,1,4,0,0
clients/src/main/java/org/apache/kafka/common/network/ServerConnectionId.java,145,85,12,17,5
clients/src/main/java/org/apache/kafka/common/network/DelayedResponseAuthenticationException.java,27,8,3,2,1
clients/src/main/java/org/apache/kafka/common/network/ChannelBuilders.java,240,167,37,7,25
clients/src/main/java/org/apache/kafka/common/network/SaslChannelBuilder.java,413,345,51,40,56
clients/src/main/java/org/apache/kafka/common/network/NetworkReceive.java,154,107,19,24,7
clients/src/main/java/org/apache/kafka/common/network/ConnectionMode.java,22,2,4,1,0
clients/src/main/java/org/apache/kafka/common/network/ChannelState.java,105,42,8,16,1
clients/src/main/java/org/apache/kafka/common/network/CipherInformation.java,61,37,8,8,1
clients/src/main/java/org/apache/kafka/common/network/Selectable.java,129,25,14,0,6
clients/src/main/java/org/apache/kafka/common/network/Send.java,45,7,4,0,1
clients/src/main/java/org/apache/kafka/common/network/ChannelMetadataRegistry.java,55,9,3,0,1
clients/src/main/java/org/apache/kafka/common/network/NetworkSend.java,53,28,3,8,1
clients/src/main/java/org/apache/kafka/common/network/KafkaChannel.java,694,364,98,64,14
clients/src/main/java/org/apache/kafka/common/network/ReauthenticationContext.java,94,21,8,7,1
clients/src/main/java/org/apache/kafka/common/network/TransportLayer.java,93,21,12,0,6
clients/src/main/java/org/apache/kafka/common/network/ListenerReconfigurable.java,31,5,5,0,1
clients/src/main/java/org/apache/kafka/common/network/Receive.java,55,11,3,0,3
clients/src/main/java/org/apache/kafka/common/network/ByteBufferSend.java,84,54,6,12,3
clients/src/main/java/org/apache/kafka/common/network/Authenticator.java,166,32,30,0,6
clients/src/main/java/org/apache/kafka/common/network/Selector.java,1481,575,191,134,37
clients/src/main/java/org/apache/kafka/common/network/ListenerName.java,87,50,5,12,5
clients/src/main/java/org/apache/kafka/common/network/SslChannelBuilder.java,185,129,14,24,21
clients/src/main/java/org/apache/kafka/common/network/PlaintextChannelBuilder.java,121,80,9,16,13
clients/src/main/java/org/apache/kafka/common/network/InvalidReceiveException.java,27,7,3,1,1
clients/src/main/java/org/apache/kafka/common/network/PlaintextTransportLayer.java,216,107,15,26,7
clients/src/main/java/org/apache/kafka/common/network/TransferableChannel.java,51,8,7,0,3
clients/src/main/java/org/apache/kafka/common/network/SslTransportLayer.java,1063,697,184,63,25
clients/src/main/java/org/apache/kafka/common/network/ChannelBuilder.java,49,11,4,0,4
clients/src/main/java/org/apache/kafka/common/network/package-info.java,21,1,3,0,0
clients/src/main/java/org/apache/kafka/common/network/ClientInformation.java,65,39,6,10,1
clients/src/main/java/org/apache/kafka/common/annotation/InterfaceStability.java,53,15,5,3,3
clients/src/main/java/org/apache/kafka/common/annotation/package-info.java,20,1,3,0,0
clients/src/main/java/org/apache/kafka/common/utils/ByteBufferOutputStream.java,133,65,10,18,2
clients/src/main/java/org/apache/kafka/common/utils/ChildFirstClassLoader.java,131,90,20,7,9
clients/src/main/java/org/apache/kafka/common/utils/SystemTime.java,68,36,6,7,2
clients/src/main/java/org/apache/kafka/common/utils/ByteUtils.java,550,256,45,33,7
clients/src/main/java/org/apache/kafka/common/utils/SystemScheduler.java,43,18,3,2,4
clients/src/main/java/org/apache/kafka/common/utils/LoggingSignalHandler.java,111,68,10,14,11
clients/src/main/java/org/apache/kafka/common/utils/KafkaThread.java,54,26,4,6,2
clients/src/main/java/org/apache/kafka/common/utils/PrimitiveRef.java,59,29,3,6,0
clients/src/main/java/org/apache/kafka/common/utils/OperatingSystem.java,37,14,3,4,1
clients/src/main/java/org/apache/kafka/common/utils/MappedIterator.java,44,19,3,5,2
clients/src/main/java/org/apache/kafka/common/utils/ConfigUtils.java,83,50,11,3,9
clients/src/main/java/org/apache/kafka/common/utils/FixedOrderMap.java,57,25,4,5,2
clients/src/main/java/org/apache/kafka/common/utils/Checksums.java,87,48,8,5,2
clients/src/main/java/org/apache/kafka/common/utils/LogContext.java,800,636,46,136,6
clients/src/main/java/org/apache/kafka/common/utils/ProducerIdAndEpoch.java,59,32,6,8,1
clients/src/main/java/org/apache/kafka/common/utils/Bytes.java,210,116,27,16,3
clients/src/main/java/org/apache/kafka/common/utils/Scheduler.java,49,10,4,0,3
clients/src/main/java/org/apache/kafka/common/utils/CollectionUtils.java,93,48,5,5,9
clients/src/main/java/org/apache/kafka/common/utils/ChunkedBytesStream.java,362,148,50,15,5
clients/src/main/java/org/apache/kafka/common/utils/Shell.java,296,82,26,27,9
clients/src/main/java/org/apache/kafka/common/utils/Utils.java,1735,947,196,115,72
clients/src/main/java/org/apache/kafka/common/utils/SecurityUtils.java,173,129,25,15,12
clients/src/main/java/org/apache/kafka/common/utils/Time.java,118,41,10,0,6
clients/src/main/java/org/apache/kafka/common/utils/AppInfoParser.java,159,114,14,16,12
clients/src/main/java/org/apache/kafka/common/utils/CloseableIterator.java,52,24,4,4,2
clients/src/main/java/org/apache/kafka/common/utils/ExponentialBackoff.java,75,40,5,9,1
clients/src/main/java/org/apache/kafka/common/utils/Timer.java,215,66,16,18,0
clients/src/main/java/org/apache/kafka/common/utils/Crc32C.java,60,17,4,3,3
clients/src/main/java/org/apache/kafka/common/utils/ByteBufferUnmapper.java,97,55,12,5,7
clients/src/main/java/org/apache/kafka/common/utils/ImplicitLinkedHashCollection.java,696,416,57,59,10
clients/src/main/java/org/apache/kafka/common/utils/AbstractIterator.java,88,56,10,10,2
clients/src/main/java/org/apache/kafka/common/utils/ImplicitLinkedHashMultiCollection.java,142,74,20,4,4
clients/src/main/java/org/apache/kafka/common/utils/Sanitizer.java,77,30,13,4,5
clients/src/main/java/org/apache/kafka/common/utils/ThreadUtils.java,118,56,16,6,7
clients/src/main/java/org/apache/kafka/common/utils/Java.java,30,10,4,3,0
clients/src/main/java/org/apache/kafka/common/utils/ByteBufferInputStream.java,57,31,6,5,3
clients/src/main/java/org/apache/kafka/common/utils/Exit.java,122,61,4,19,0
clients/src/main/java/org/apache/kafka/common/utils/CircularIterator.java,106,41,9,9,4
clients/src/main/java/org/apache/kafka/common/utils/package-info.java,21,1,4,0,0
clients/src/main/java/org/apache/kafka/common/utils/CopyOnWriteMap.java,150,105,7,19,6
clients/src/main/java/org/apache/kafka/common/utils/BufferSupplier.java,124,68,10,16,5
clients/src/main/java/org/apache/kafka/common/protocol/Message.java,104,17,3,0,2
clients/src/main/java/org/apache/kafka/common/protocol/ObjectSerializationCache.java,55,21,3,6,1
clients/src/main/java/org/apache/kafka/common/protocol/Protocol.java,242,193,31,6,10
clients/src/main/java/org/apache/kafka/common/protocol/MessageSizeAccumulator.java,57,22,3,7,0
clients/src/main/java/org/apache/kafka/common/protocol/DataOutputStreamWritable.java,146,113,16,14,6
clients/src/main/java/org/apache/kafka/common/protocol/ApiKeys.java,376,214,28,35,19
clients/src/main/java/org/apache/kafka/common/protocol/ByteBufferAccessor.java,160,113,4,26,2
clients/src/main/java/org/apache/kafka/common/protocol/Writable.java,65,39,5,0,5
clients/src/main/java/org/apache/kafka/common/protocol/Errors.java,581,492,45,18,143
clients/src/main/java/org/apache/kafka/common/protocol/Readable.java,89,51,5,0,7
clients/src/main/java/org/apache/kafka/common/protocol/ApiMessage.java,28,4,4,0,0
clients/src/main/java/org/apache/kafka/common/protocol/MessageUtil.java,262,207,37,19,9
clients/src/main/java/org/apache/kafka/common/protocol/SendBuilder.java,228,158,11,25,14
clients/src/main/java/org/apache/kafka/common/protocol/package-info.java,21,1,3,0,0
clients/src/main/java/org/apache/kafka/common/protocol/types/RawTaggedField.java,56,31,5,8,1
clients/src/main/java/org/apache/kafka/common/protocol/types/TaggedFields.java,193,145,20,13,7
clients/src/main/java/org/apache/kafka/common/protocol/types/Type.java,1143,910,78,165,7
clients/src/main/java/org/apache/kafka/common/protocol/types/Schema.java,235,143,29,20,4
clients/src/main/java/org/apache/kafka/common/protocol/types/SchemaException.java,35,11,4,3,1
clients/src/main/java/org/apache/kafka/common/protocol/types/BoundField.java,37,15,3,3,0
clients/src/main/java/org/apache/kafka/common/protocol/types/RawTaggedFieldWriter.java,80,48,8,8,4
clients/src/main/java/org/apache/kafka/common/protocol/types/ArrayOf.java,133,92,15,15,3
clients/src/main/java/org/apache/kafka/common/protocol/types/Field.java,202,146,4,39,0
clients/src/main/java/org/apache/kafka/common/protocol/types/CompactArrayOf.java,139,99,15,15,4
clients/src/main/java/org/apache/kafka/common/protocol/types/Struct.java,625,432,60,94,7
clients/src/main/java/org/apache/kafka/common/protocol/types/package-info.java,21,1,3,0,0
clients/src/main/java/org/apache/kafka/common/requests/UpdateFeaturesResponse.java,104,67,6,10,9
clients/src/main/java/org/apache/kafka/common/requests/StreamsGroupHeartbeatResponse.java,102,53,4,12,6
clients/src/main/java/org/apache/kafka/common/requests/DescribeShareGroupOffsetsRequest.java,93,60,4,12,8
clients/src/main/java/org/apache/kafka/common/requests/RenewDelegationTokenResponse.java,76,46,3,11,5
clients/src/main/java/org/apache/kafka/common/requests/ShareAcknowledgeResponse.java,145,98,7,13,12
clients/src/main/java/org/apache/kafka/common/requests/AddPartitionsToTxnResponse.java,165,106,11,15,14
clients/src/main/java/org/apache/kafka/common/requests/OffsetCommitResponse.java,286,206,12,31,13
clients/src/main/java/org/apache/kafka/common/requests/DescribeConfigsRequest.java,72,45,3,8,6
clients/src/main/java/org/apache/kafka/common/requests/RenewDelegationTokenRequest.java,70,43,3,9,5
clients/src/main/java/org/apache/kafka/common/requests/DescribeGroupsRequest.java,91,60,4,10,7
clients/src/main/java/org/apache/kafka/common/requests/OffsetCommitRequest.java,147,109,12,18,13
clients/src/main/java/org/apache/kafka/common/requests/EnvelopeResponse.java,79,47,3,11,6
clients/src/main/java/org/apache/kafka/common/requests/OffsetsForLeaderEpochResponse.java,83,43,5,10,7
clients/src/main/java/org/apache/kafka/common/requests/ConsumerGroupDescribeRequest.java,98,66,4,11,7
clients/src/main/java/org/apache/kafka/common/requests/AddOffsetsToTxnResponse.java,81,40,4,9,5
clients/src/main/java/org/apache/kafka/common/requests/ShareGroupHeartbeatRequest.java,80,46,3,11,5
clients/src/main/java/org/apache/kafka/common/requests/TxnOffsetCommitResponse.java,206,138,10,16,12
clients/src/main/java/org/apache/kafka/common/requests/DescribeDelegationTokenResponse.java,130,97,4,13,13
clients/src/main/java/org/apache/kafka/common/requests/CreatePartitionsRequest.java,80,50,4,8,6
clients/src/main/java/org/apache/kafka/common/requests/FetchMetadata.java,163,76,19,20,3
clients/src/main/java/org/apache/kafka/common/requests/StreamsGroupDescribeRequest.java,98,66,4,11,7
clients/src/main/java/org/apache/kafka/common/requests/DescribeQuorumResponse.java,111,67,6,9,8
clients/src/main/java/org/apache/kafka/common/requests/CreateTopicsResponse.java,84,41,3,8,6
clients/src/main/java/org/apache/kafka/common/requests/ListGroupsResponse.java,63,36,3,8,5
clients/src/main/java/org/apache/kafka/common/requests/AddOffsetsToTxnRequest.java,68,41,3,9,5
clients/src/main/java/org/apache/kafka/common/requests/PushTelemetryRequest.java,98,61,4,14,8
clients/src/main/java/org/apache/kafka/common/requests/ProduceResponse.java,297,206,18,36,14
clients/src/main/java/org/apache/kafka/common/requests/BeginQuorumEpochResponse.java,83,40,5,7,6
clients/src/main/java/org/apache/kafka/common/requests/DeleteShareGroupStateRequest.java,84,55,3,9,8
clients/src/main/java/org/apache/kafka/common/requests/RequestHeader.java,186,115,16,20,8
clients/src/main/java/org/apache/kafka/common/requests/CreateTopicsRequest.java,114,81,10,13,9
clients/src/main/java/org/apache/kafka/common/requests/SyncGroupRequest.java,98,63,8,11,9
clients/src/main/java/org/apache/kafka/common/requests/DeleteTopicsResponse.java,79,41,3,8,6
clients/src/main/java/org/apache/kafka/common/requests/DescribeLogDirsResponse.java,74,44,3,10,6
clients/src/main/java/org/apache/kafka/common/requests/ExpireDelegationTokenRequest.java,80,50,3,11,6
clients/src/main/java/org/apache/kafka/common/requests/ConsumerGroupHeartbeatRequest.java,102,58,4,15,6
clients/src/main/java/org/apache/kafka/common/requests/DescribeClientQuotasRequest.java,127,94,11,13,9
clients/src/main/java/org/apache/kafka/common/requests/OffsetFetchRequest.java,333,266,24,31,20
clients/src/main/java/org/apache/kafka/common/requests/FetchSnapshotRequest.java,92,57,5,10,7
clients/src/main/java/org/apache/kafka/common/requests/WriteShareGroupStateRequest.java,85,56,3,9,8
clients/src/main/java/org/apache/kafka/common/requests/EnvelopeRequest.java,87,55,3,12,6
clients/src/main/java/org/apache/kafka/common/requests/ReadShareGroupStateRequest.java,85,56,3,9,8
clients/src/main/java/org/apache/kafka/common/requests/ExpireDelegationTokenResponse.java,76,46,3,11,5
clients/src/main/java/org/apache/kafka/common/requests/ReadShareGroupStateResponse.java,127,95,3,12,10
clients/src/main/java/org/apache/kafka/common/requests/BrokerHeartbeatRequest.java,70,43,3,9,5
clients/src/main/java/org/apache/kafka/common/requests/AllocateProducerIdsRequest.java,70,42,3,9,5
clients/src/main/java/org/apache/kafka/common/requests/UnregisterBrokerRequest.java,66,40,3,8,5
clients/src/main/java/org/apache/kafka/common/requests/ShareGroupHeartbeatResponse.java,89,50,3,8,11
clients/src/main/java/org/apache/kafka/common/requests/ConsumerGroupHeartbeatResponse.java,93,50,3,8,11
clients/src/main/java/org/apache/kafka/common/requests/SaslAuthenticateRequest.java,79,43,4,9,4
clients/src/main/java/org/apache/kafka/common/requests/RemoveRaftVoterRequest.java,73,45,3,9,5
clients/src/main/java/org/apache/kafka/common/requests/AlterUserScramCredentialsResponse.java,63,36,3,8,5
clients/src/main/java/org/apache/kafka/common/requests/IncrementalAlterConfigsResponse.java,102,71,4,10,11
clients/src/main/java/org/apache/kafka/common/requests/AlterShareGroupOffsetsResponse.java,113,80,4,11,9
clients/src/main/java/org/apache/kafka/common/requests/DescribeClientQuotasResponse.java,122,88,10,9,13
clients/src/main/java/org/apache/kafka/common/requests/EndQuorumEpochResponse.java,81,39,5,7,6
clients/src/main/java/org/apache/kafka/common/requests/JoinGroupResponse.java,88,52,7,11,5
clients/src/main/java/org/apache/kafka/common/requests/DescribeAclsRequest.java,122,88,11,11,12
clients/src/main/java/org/apache/kafka/common/requests/AlterShareGroupOffsetsRequest.java,94,61,3,13,5
clients/src/main/java/org/apache/kafka/common/requests/ReadShareGroupStateSummaryResponse.java,139,107,3,12,10
clients/src/main/java/org/apache/kafka/common/requests/TxnOffsetCommitRequest.java,260,214,15,24,19
clients/src/main/java/org/apache/kafka/common/requests/RequestAndSize.java,27,9,3,3,0
clients/src/main/java/org/apache/kafka/common/requests/AlterPartitionReassignmentsRequest.java,101,70,6,9,11
clients/src/main/java/org/apache/kafka/common/requests/ShareFetchRequest.java,227,172,21,19,12
clients/src/main/java/org/apache/kafka/common/requests/AddRaftVoterRequest.java,73,45,3,9,5
clients/src/main/java/org/apache/kafka/common/requests/DescribeProducersRequest.java,96,67,5,11,8
clients/src/main/java/org/apache/kafka/common/requests/ListConfigResourcesRequest.java,106,69,5,11,9
clients/src/main/java/org/apache/kafka/common/requests/DeleteAclsRequest.java,145,106,12,13,18
clients/src/main/java/org/apache/kafka/common/requests/ControllerRegistrationRequest.java,71,45,3,9,5
clients/src/main/java/org/apache/kafka/common/requests/ListTransactionsRequest.java,84,56,5,10,6
clients/src/main/java/org/apache/kafka/common/requests/RequestContext.java,223,169,10,28,15
clients/src/main/java/org/apache/kafka/common/requests/CreateAclsRequest.java,136,101,9,13,16
clients/src/main/java/org/apache/kafka/common/requests/ListOffsetsResponse.java,115,69,5,14,12
clients/src/main/java/org/apache/kafka/common/requests/AbstractResponse.java,330,262,98,17,14
clients/src/main/java/org/apache/kafka/common/requests/InitProducerIdResponse.java,82,43,4,10,5
clients/src/main/java/org/apache/kafka/common/requests/FindCoordinatorResponse.java,188,137,8,18,13
clients/src/main/java/org/apache/kafka/common/requests/BrokerHeartbeatResponse.java,66,39,3,8,6
clients/src/main/java/org/apache/kafka/common/requests/ListTransactionsResponse.java,66,39,3,8,6
clients/src/main/java/org/apache/kafka/common/requests/AlterUserScramCredentialsRequest.java,100,68,4,10,11
clients/src/main/java/org/apache/kafka/common/requests/VoteRequest.java,93,64,3,10,7
clients/src/main/java/org/apache/kafka/common/requests/InitializeShareGroupStateRequest.java,84,55,3,9,8
clients/src/main/java/org/apache/kafka/common/requests/StreamsGroupHeartbeatRequest.java,86,50,3,13,5
clients/src/main/java/org/apache/kafka/common/requests/AddRaftVoterResponse.java,64,38,4,7,6
clients/src/main/java/org/apache/kafka/common/requests/JoinGroupRequest.java,213,101,17,19,9
clients/src/main/java/org/apache/kafka/common/requests/OffsetDeleteResponse.java,170,110,8,13,10
clients/src/main/java/org/apache/kafka/common/requests/DeleteShareGroupOffsetsRequest.java,97,64,3,13,5
clients/src/main/java/org/apache/kafka/common/requests/DescribeTransactionsResponse.java,71,44,4,8,7
clients/src/main/java/org/apache/kafka/common/requests/PushTelemetryResponse.java,71,42,3,9,6
clients/src/main/java/org/apache/kafka/common/requests/DeleteAclsResponse.java,148,110,10,16,20
clients/src/main/java/org/apache/kafka/common/requests/BrokerRegistrationResponse.java,71,43,3,9,6
clients/src/main/java/org/apache/kafka/common/requests/AssignReplicasToDirsRequest.java,80,45,3,10,5
clients/src/main/java/org/apache/kafka/common/requests/SaslHandshakeResponse.java,76,38,4,9,6
clients/src/main/java/org/apache/kafka/common/requests/DeleteShareGroupOffsetsResponse.java,66,40,3,7,6
clients/src/main/java/org/apache/kafka/common/requests/AlterReplicaLogDirsResponse.java,77,41,3,8,6
clients/src/main/java/org/apache/kafka/common/requests/UpdateFeaturesRequest.java,121,84,6,19,7
clients/src/main/java/org/apache/kafka/common/requests/CreateDelegationTokenRequest.java,68,41,3,9,5
clients/src/main/java/org/apache/kafka/common/requests/AlterClientQuotasResponse.java,118,85,9,10,13
clients/src/main/java/org/apache/kafka/common/requests/AlterPartitionRequest.java,110,67,8,10,10
clients/src/main/java/org/apache/kafka/common/requests/DescribeClusterRequest.java,75,45,3,10,4
clients/src/main/java/org/apache/kafka/common/requests/ApiVersionsRequest.java,134,85,9,18,8
clients/src/main/java/org/apache/kafka/common/requests/DeleteTopicsRequest.java,120,86,11,14,11
clients/src/main/java/org/apache/kafka/common/requests/WriteTxnMarkersResponse.java,131,84,11,9,13
clients/src/main/java/org/apache/kafka/common/requests/ListConfigResourcesResponse.java,80,52,3,10,8
clients/src/main/java/org/apache/kafka/common/requests/EndTxnResponse.java,84,43,4,10,5
clients/src/main/java/org/apache/kafka/common/requests/OffsetDeleteRequest.java,75,46,3,10,5
clients/src/main/java/org/apache/kafka/common/requests/ListPartitionReassignmentsRequest.java,92,62,5,9,10
clients/src/main/java/org/apache/kafka/common/requests/DescribeAclsResponse.java,165,128,13,14,24
clients/src/main/java/org/apache/kafka/common/requests/ReadShareGroupStateSummaryRequest.java,85,56,3,9,8
clients/src/main/java/org/apache/kafka/common/requests/ApiError.java,118,67,10,17,3
clients/src/main/java/org/apache/kafka/common/requests/DescribeTransactionsRequest.java,83,54,4,10,5
clients/src/main/java/org/apache/kafka/common/requests/GetTelemetrySubscriptionsResponse.java,71,42,3,9,6
clients/src/main/java/org/apache/kafka/common/requests/AlterPartitionResponse.java,65,38,3,7,6
clients/src/main/java/org/apache/kafka/common/requests/AlterConfigsRequest.java,137,97,6,18,9
clients/src/main/java/org/apache/kafka/common/requests/InitProducerIdRequest.java,85,55,5,11,6
clients/src/main/java/org/apache/kafka/common/requests/WriteTxnMarkersRequest.java,207,162,20,26,12
clients/src/main/java/org/apache/kafka/common/requests/DescribeShareGroupOffsetsResponse.java,103,73,7,11,10
clients/src/main/java/org/apache/kafka/common/requests/LeaveGroupRequest.java,126,89,8,12,10
clients/src/main/java/org/apache/kafka/common/requests/MetadataResponse.java,521,378,40,67,25
clients/src/main/java/org/apache/kafka/common/requests/ListOffsetsRequest.java,204,154,15,29,17
clients/src/main/java/org/apache/kafka/common/requests/StreamsGroupDescribeResponse.java,77,39,3,7,6
clients/src/main/java/org/apache/kafka/common/requests/InitializeShareGroupStateResponse.java,129,96,3,13,10
clients/src/main/java/org/apache/kafka/common/requests/IncrementalAlterConfigsRequest.java,125,91,8,12,13
clients/src/main/java/org/apache/kafka/common/requests/UpdateRaftVoterRequest.java,71,43,3,9,5
clients/src/main/java/org/apache/kafka/common/requests/RemoveRaftVoterResponse.java,64,38,4,7,6
clients/src/main/java/org/apache/kafka/common/requests/ElectLeadersRequest.java,152,111,11,14,16
clients/src/main/java/org/apache/kafka/common/requests/DescribeConfigsResponse.java,258,198,7,50,11
clients/src/main/java/org/apache/kafka/common/requests/HeartbeatRequest.java,76,49,5,9,6
clients/src/main/java/org/apache/kafka/common/requests/ListGroupsRequest.java,105,65,8,9,10
clients/src/main/java/org/apache/kafka/common/requests/ListPartitionReassignmentsResponse.java,64,37,3,8,5
clients/src/main/java/org/apache/kafka/common/requests/OffsetsForLeaderEpochRequest.java,127,79,5,13,11
clients/src/main/java/org/apache/kafka/common/requests/SaslAuthenticateResponse.java,82,43,5,11,5
clients/src/main/java/org/apache/kafka/common/requests/DescribeProducersResponse.java,73,46,5,8,8
clients/src/main/java/org/apache/kafka/common/requests/FetchResponse.java,309,189,24,29,22
clients/src/main/java/org/apache/kafka/common/requests/BeginQuorumEpochRequest.java,88,60,3,10,7
clients/src/main/java/org/apache/kafka/common/requests/ElectLeadersResponse.java,109,76,7,10,11
clients/src/main/java/org/apache/kafka/common/requests/AlterConfigsResponse.java,75,46,3,9,7
clients/src/main/java/org/apache/kafka/common/requests/CreateAclsResponse.java,67,40,3,9,6
clients/src/main/java/org/apache/kafka/common/requests/DeleteGroupsResponse.java,97,57,5,10,8
clients/src/main/java/org/apache/kafka/common/requests/DeleteRecordsResponse.java,82,44,3,9,6
clients/src/main/java/org/apache/kafka/common/requests/OffsetFetchResponse.java,255,188,19,20,18
clients/src/main/java/org/apache/kafka/common/requests/EndQuorumEpochRequest.java,113,83,4,12,10
clients/src/main/java/org/apache/kafka/common/requests/CreatePartitionsResponse.java,69,41,3,8,6
clients/src/main/java/org/apache/kafka/common/requests/SyncGroupResponse.java,72,43,3,10,5
clients/src/main/java/org/apache/kafka/common/requests/ApiVersionsResponse.java,333,252,24,37,19
clients/src/main/java/org/apache/kafka/common/requests/UpdateRaftVoterResponse.java,64,37,4,7,6
clients/src/main/java/org/apache/kafka/common/requests/AlterPartitionReassignmentsResponse.java,73,44,3,8,6
clients/src/main/java/org/apache/kafka/common/requests/ResponseHeader.java,123,66,9,14,5
clients/src/main/java/org/apache/kafka/common/requests/RequestUtils.java,97,63,14,5,17
clients/src/main/java/org/apache/kafka/common/requests/ConsumerGroupDescribeResponse.java,77,39,3,7,6
clients/src/main/java/org/apache/kafka/common/requests/FetchSnapshotResponse.java,104,61,8,9,8
clients/src/main/java/org/apache/kafka/common/requests/DescribeQuorumRequest.java,106,74,4,12,10
clients/src/main/java/org/apache/kafka/common/requests/AlterReplicaLogDirsRequest.java,92,61,3,10,10
clients/src/main/java/org/apache/kafka/common/requests/DescribeUserScramCredentialsResponse.java,63,36,3,8,5
clients/src/main/java/org/apache/kafka/common/requests/GetTelemetrySubscriptionsRequest.java,76,46,3,10,5
clients/src/main/java/org/apache/kafka/common/requests/FetchRequest.java,486,382,37,69,20
clients/src/main/java/org/apache/kafka/common/requests/AbstractRequest.java,362,285,103,27,11
clients/src/main/java/org/apache/kafka/common/requests/SaslHandshakeRequest.java,77,40,3,9,4
clients/src/main/java/org/apache/kafka/common/requests/DescribeLogDirsRequest.java,73,44,3,10,5
clients/src/main/java/org/apache/kafka/common/requests/AbstractRequestResponse.java,24,5,3,0,1
clients/src/main/java/org/apache/kafka/common/requests/DescribeClusterResponse.java,68,40,3,8,8
clients/src/main/java/org/apache/kafka/common/requests/ShareGroupDescribeRequest.java,96,65,4,10,7
clients/src/main/java/org/apache/kafka/common/requests/DescribeUserScramCredentialsRequest.java,77,49,3,9,4
clients/src/main/java/org/apache/kafka/common/requests/AddPartitionsToTxnRequest.java,203,154,15,21,19
clients/src/main/java/org/apache/kafka/common/requests/FindCoordinatorRequest.java,144,102,13,16,9
clients/src/main/java/org/apache/kafka/common/requests/LeaveGroupResponse.java,175,113,12,17,10
clients/src/main/java/org/apache/kafka/common/requests/UnregisterBrokerResponse.java,68,41,4,8,6
clients/src/main/java/org/apache/kafka/common/requests/DescribeGroupsResponse.java,155,112,3,17,12
clients/src/main/java/org/apache/kafka/common/requests/DeleteShareGroupStateResponse.java,125,92,3,13,10
clients/src/main/java/org/apache/kafka/common/requests/AlterClientQuotasRequest.java,143,106,11,11,15
clients/src/main/java/org/apache/kafka/common/requests/EndTxnRequest.java,85,57,5,13,5
clients/src/main/java/org/apache/kafka/common/requests/DescribeTopicPartitionsRequest.java,98,67,4,11,7
clients/src/main/java/org/apache/kafka/common/requests/ShareRequestMetadata.java,121,60,9,16,1
clients/src/main/java/org/apache/kafka/common/requests/WriteShareGroupStateResponse.java,122,89,3,13,10
clients/src/main/java/org/apache/kafka/common/requests/TransactionResult.java,34,14,4,3,0
clients/src/main/java/org/apache/kafka/common/requests/CorrelationIdMismatchException.java,45,20,4,5,0
clients/src/main/java/org/apache/kafka/common/requests/DeleteGroupsRequest.java,84,56,3,10,6
clients/src/main/java/org/apache/kafka/common/requests/ProduceRequest.java,242,106,19,24,19
clients/src/main/java/org/apache/kafka/common/requests/HeartbeatResponse.java,77,39,3,9,5
clients/src/main/java/org/apache/kafka/common/requests/ShareAcknowledgeRequest.java,113,80,7,11,8
clients/src/main/java/org/apache/kafka/common/requests/ShareFetchResponse.java,216,129,13,16,18
clients/src/main/java/org/apache/kafka/common/requests/AssignReplicasToDirsResponse.java,60,34,3,7,6
clients/src/main/java/org/apache/kafka/common/requests/package-info.java,21,1,4,0,0
clients/src/main/java/org/apache/kafka/common/requests/ControllerRegistrationResponse.java,60,34,3,7,6
clients/src/main/java/org/apache/kafka/common/requests/MetadataRequest.java,232,174,21,28,14
clients/src/main/java/org/apache/kafka/common/requests/ShareGroupDescribeResponse.java,77,39,3,7,6
clients/src/main/java/org/apache/kafka/common/requests/AllocateProducerIdsResponse.java,71,37,3,8,6
clients/src/main/java/org/apache/kafka/common/requests/CreateDelegationTokenResponse.java,106,75,4,12,7
clients/src/main/java/org/apache/kafka/common/requests/DeleteRecordsRequest.java,83,54,5,10,7
clients/src/main/java/org/apache/kafka/common/requests/BrokerRegistrationRequest.java,87,57,6,10,5
clients/src/main/java/org/apache/kafka/common/requests/DescribeTopicPartitionsResponse.java,85,57,3,9,9
clients/src/main/java/org/apache/kafka/common/requests/DescribeDelegationTokenRequest.java,80,51,4,10,7
clients/src/main/java/org/apache/kafka/common/requests/VoteResponse.java,81,39,5,7,6
clients/src/main/java/org/apache/kafka/common/internals/CompositeStrategy.java,106,67,13,7,9
clients/src/main/java/org/apache/kafka/common/internals/ReflectiveStrategy.java,69,41,11,0,2
clients/src/main/java/org/apache/kafka/common/internals/KafkaFutureImpl.java,271,162,34,19,8
clients/src/main/java/org/apache/kafka/common/internals/ClusterResourceListeners.java,62,26,7,5,4
clients/src/main/java/org/apache/kafka/common/internals/FatalExitError.java,47,17,4,5,1
clients/src/main/java/org/apache/kafka/common/internals/KafkaCompletableFuture.java,95,48,5,9,4
clients/src/main/java/org/apache/kafka/common/internals/UnsupportedStrategy.java,60,31,4,6,4
clients/src/main/java/org/apache/kafka/common/internals/IdempotentCloser.java,174,45,17,10,2
clients/src/main/java/org/apache/kafka/common/internals/Plugin.java,132,67,10,10,12
clients/src/main/java/org/apache/kafka/common/internals/Topic.java,125,69,21,16,4
clients/src/main/java/org/apache/kafka/common/internals/PartitionStates.java,155,63,10,20,9
clients/src/main/java/org/apache/kafka/common/internals/SecurityManagerCompatibility.java,102,13,9,0,4
clients/src/main/java/org/apache/kafka/common/internals/ModernStrategy.java,64,28,7,5,5
clients/src/main/java/org/apache/kafka/common/internals/LegacyStrategy.java,96,49,8,10,7
clients/src/main/java/org/apache/kafka/common/feature/SupportedVersionRange.java,56,20,9,6,1
clients/src/main/java/org/apache/kafka/common/feature/BaseVersionRange.java,138,77,18,13,4
clients/src/main/java/org/apache/kafka/common/feature/Features.java,156,73,8,13,5
clients/src/main/java/org/apache/kafka/common/feature/package-info.java,21,1,4,0,0
clients/src/main/java/org/apache/kafka/common/quota/ClientQuotaAlteration.java,106,50,10,14,2
clients/src/main/java/org/apache/kafka/common/quota/ClientQuotaFilterComponent.java,109,41,16,11,2
clients/src/main/java/org/apache/kafka/common/quota/ClientQuotaFilter.java,101,42,8,11,3
clients/src/main/java/org/apache/kafka/common/quota/ClientQuotaEntity.java,77,35,8,10,2
clients/src/main/java/org/apache/kafka/common/quota/package-info.java,20,1,4,0,0
clients/src/main/java/org/apache/kafka/common/telemetry/ClientTelemetryState.java,166,51,13,3,6
clients/src/main/java/org/apache/kafka/common/telemetry/internals/TelemetryMetricNamingConvention.java,124,54,10,11,8
clients/src/main/java/org/apache/kafka/common/telemetry/internals/LastValueTracker.java,87,40,9,10,5
clients/src/main/java/org/apache/kafka/common/telemetry/internals/ClientTelemetryReporter.java,1010,681,112,60,43
clients/src/main/java/org/apache/kafka/common/telemetry/internals/MetricKeyable.java,30,4,5,0,0
clients/src/main/java/org/apache/kafka/common/telemetry/internals/ClientTelemetrySender.java,112,19,16,0,8
clients/src/main/java/org/apache/kafka/common/telemetry/internals/KafkaMetricsCollector.java,321,165,25,24,27
clients/src/main/java/org/apache/kafka/common/telemetry/internals/MetricsCollector.java,83,8,6,0,0
clients/src/main/java/org/apache/kafka/common/telemetry/internals/MetricKey.java,94,48,8,11,4
clients/src/main/java/org/apache/kafka/common/telemetry/internals/SinglePointMetric.java,147,93,5,17,9
clients/src/main/java/org/apache/kafka/common/telemetry/internals/ClientTelemetryEmitter.java,60,35,4,7,4
clients/src/main/java/org/apache/kafka/common/telemetry/internals/ClientTelemetryProvider.java,153,81,13,14,12
clients/src/main/java/org/apache/kafka/common/telemetry/internals/ClientTelemetryUtils.java,247,173,29,15,24
clients/src/main/java/org/apache/kafka/common/telemetry/internals/MetricNamingStrategy.java,85,6,8,0,1
clients/src/main/java/org/apache/kafka/common/telemetry/internals/MetricsEmitter.java,109,19,13,0,3
clients/src/main/java/org/apache/kafka/common/replica/RackAwareReplicaSelector.java,54,28,7,1,4
clients/src/main/java/org/apache/kafka/common/replica/ClientMetadata.java,124,71,11,14,3
clients/src/main/java/org/apache/kafka/common/replica/ReplicaView.java,105,57,11,10,3
clients/src/main/java/org/apache/kafka/common/replica/ReplicaSelector.java,52,18,5,0,6
clients/src/main/java/org/apache/kafka/common/replica/PartitionView.java,72,43,6,8,3
clients/src/main/java/org/apache/kafka/common/replica/package-info.java,21,1,4,0,0
clients/src/main/java/org/apache/kafka/common/errors/GroupMaxSizeReachedException.java,28,7,3,2,0
clients/src/main/java/org/apache/kafka/common/errors/IllegalGenerationException.java,37,16,3,5,0
clients/src/main/java/org/apache/kafka/common/errors/ApiException.java,51,16,4,6,1
clients/src/main/java/org/apache/kafka/common/errors/SaslAuthenticationException.java,48,11,4,3,1
clients/src/main/java/org/apache/kafka/common/errors/UnsupportedAssignorException.java,23,6,3,1,0
clients/src/main/java/org/apache/kafka/common/errors/InvalidMetadataException.java,42,16,3,5,0
clients/src/main/java/org/apache/kafka/common/errors/GroupNotEmptyException.java,23,6,3,1,0
clients/src/main/java/org/apache/kafka/common/errors/InvalidRecordStateException.java,30,7,3,2,0
clients/src/main/java/org/apache/kafka/common/errors/AuthorizerNotReadyException.java,28,7,3,2,0
clients/src/main/java/org/apache/kafka/common/errors/NotControllerException.java,31,10,3,3,0
clients/src/main/java/org/apache/kafka/common/errors/DelegationTokenOwnerMismatchException.java,31,10,3,3,0
clients/src/main/java/org/apache/kafka/common/errors/DisconnectException.java,44,17,3,6,0
clients/src/main/java/org/apache/kafka/common/errors/ResourceNotFoundException.java,76,22,4,7,0
clients/src/main/java/org/apache/kafka/common/errors/DuplicateVoterException.java,30,10,3,3,0
clients/src/main/java/org/apache/kafka/common/errors/UnsupportedCompressionTypeException.java,34,10,3,3,0
clients/src/main/java/org/apache/kafka/common/errors/StreamsInvalidTopologyEpochException.java,23,6,3,1,0
clients/src/main/java/org/apache/kafka/common/errors/InvalidCommitOffsetSizeException.java,29,10,3,3,0
clients/src/main/java/org/apache/kafka/common/errors/UnknownLeaderEpochException.java,35,10,4,3,0
clients/src/main/java/org/apache/kafka/common/errors/LeaderNotAvailableException.java,35,10,4,3,0
clients/src/main/java/org/apache/kafka/common/errors/FetchSessionIdNotFoundException.java,29,9,3,3,0
clients/src/main/java/org/apache/kafka/common/errors/LogDirNotFoundException.java,37,13,4,4,0
clients/src/main/java/org/apache/kafka/common/errors/ElectionNotNeededException.java,28,9,3,2,0
clients/src/main/java/org/apache/kafka/common/errors/InvalidConfigurationException.java,39,16,3,5,0
clients/src/main/java/org/apache/kafka/common/errors/CoordinatorLoadInProgressException.java,39,10,7,3,0
clients/src/main/java/org/apache/kafka/common/errors/InvalidTxnStateException.java,23,6,3,1,0
clients/src/main/java/org/apache/kafka/common/errors/TopicAuthorizationException.java,47,19,4,5,2
clients/src/main/java/org/apache/kafka/common/errors/UnknownTopicOrPartitionException.java,45,15,3,5,0
clients/src/main/java/org/apache/kafka/common/errors/InconsistentTopicIdException.java,27,7,3,2,0
clients/src/main/java/org/apache/kafka/common/errors/RecordTooLargeException.java,55,26,3,8,2
clients/src/main/java/org/apache/kafka/common/errors/DuplicateResourceException.java,77,22,4,7,0
clients/src/main/java/org/apache/kafka/common/errors/UnknownServerException.java,43,15,4,5,0
clients/src/main/java/org/apache/kafka/common/errors/ReassignmentInProgressException.java,32,9,4,2,0
clients/src/main/java/org/apache/kafka/common/errors/BrokerIdNotRegisteredException.java,29,9,3,2,0
clients/src/main/java/org/apache/kafka/common/errors/GroupIdNotFoundException.java,23,6,3,1,0
clients/src/main/java/org/apache/kafka/common/errors/OffsetNotAvailableException.java,29,7,3,2,0
clients/src/main/java/org/apache/kafka/common/errors/UnsupportedEndpointTypeException.java,23,6,3,1,0
clients/src/main/java/org/apache/kafka/common/errors/RefreshRetriableException.java,41,15,3,5,0
clients/src/main/java/org/apache/kafka/common/errors/ClusterAuthorizationException.java,30,10,3,3,0
clients/src/main/java/org/apache/kafka/common/errors/PrincipalDeserializationException.java,34,10,3,3,0
clients/src/main/java/org/apache/kafka/common/errors/OutOfOrderSequenceException.java,32,6,5,1,0
clients/src/main/java/org/apache/kafka/common/errors/UnknownTopicIdException.java,27,7,3,2,0
clients/src/main/java/org/apache/kafka/common/errors/KafkaStorageException.java,50,16,5,5,0
clients/src/main/java/org/apache/kafka/common/errors/TransactionAbortedException.java,38,13,3,4,0
clients/src/main/java/org/apache/kafka/common/errors/InterruptException.java,43,17,4,4,1
clients/src/main/java/org/apache/kafka/common/errors/TransactionalIdNotFoundException.java,24,6,3,1,0
clients/src/main/java/org/apache/kafka/common/errors/CoordinatorNotAvailableException.java,43,14,7,5,0
clients/src/main/java/org/apache/kafka/common/errors/GroupAuthorizationException.java,45,17,4,5,0
clients/src/main/java/org/apache/kafka/common/errors/VoterNotFoundException.java,30,10,3,3,0
clients/src/main/java/org/apache/kafka/common/errors/InvalidReplicaAssignmentException.java,31,10,3,3,0
clients/src/main/java/org/apache/kafka/common/errors/ThrottlingQuotaExceededException.java,37,14,4,4,0
clients/src/main/java/org/apache/kafka/common/errors/NewLeaderElectedException.java,23,6,3,1,0
clients/src/main/java/org/apache/kafka/common/errors/InvalidShareSessionEpochException.java,28,7,3,2,0
clients/src/main/java/org/apache/kafka/common/errors/MismatchedEndpointTypeException.java,23,6,3,1,0
clients/src/main/java/org/apache/kafka/common/errors/FetchSessionTopicIdException.java,25,7,3,2,0
clients/src/main/java/org/apache/kafka/common/errors/NotLeaderOrFollowerException.java,47,16,6,5,0
clients/src/main/java/org/apache/kafka/common/errors/UnknownProducerIdException.java,32,6,5,1,0
clients/src/main/java/org/apache/kafka/common/errors/DelegationTokenDisabledException.java,31,10,3,3,0
clients/src/main/java/org/apache/kafka/common/errors/ConcurrentTransactionsException.java,25,7,3,2,0
clients/src/main/java/org/apache/kafka/common/errors/PolicyViolationException.java,31,9,4,2,0
clients/src/main/java/org/apache/kafka/common/errors/UnknownControllerIdException.java,23,6,3,1,0
clients/src/main/java/org/apache/kafka/common/errors/UnreleasedInstanceIdException.java,23,6,3,1,0
clients/src/main/java/org/apache/kafka/common/errors/IneligibleReplicaException.java,23,6,3,1,0
clients/src/main/java/org/apache/kafka/common/errors/BrokerNotAvailableException.java,31,10,3,3,0
clients/src/main/java/org/apache/kafka/common/errors/IllegalSaslStateException.java,36,10,4,3,0
clients/src/main/java/org/apache/kafka/common/errors/UnacceptableCredentialException.java,44,10,5,3,0
clients/src/main/java/org/apache/kafka/common/errors/UnsupportedByAuthenticationException.java,33,10,3,3,0
clients/src/main/java/org/apache/kafka/common/errors/GroupSubscribedToTopicException.java,23,6,3,1,0
clients/src/main/java/org/apache/kafka/common/errors/SnapshotNotFoundException.java,31,10,3,3,0
clients/src/main/java/org/apache/kafka/common/errors/CorruptRecordException.java,43,16,4,5,0
clients/src/main/java/org/apache/kafka/common/errors/ShareSessionNotFoundException.java,28,7,3,2,0
clients/src/main/java/org/apache/kafka/common/errors/InvalidPartitionsException.java,31,10,3,3,0
clients/src/main/java/org/apache/kafka/common/errors/PositionOutOfRangeException.java,31,10,3,3,0
clients/src/main/java/org/apache/kafka/common/errors/InvalidSessionTimeoutException.java,29,10,3,3,0
clients/src/main/java/org/apache/kafka/common/errors/InvalidRegistrationException.java,29,7,3,2,0
clients/src/main/java/org/apache/kafka/common/errors/NotCoordinatorException.java,38,10,5,3,0
clients/src/main/java/org/apache/kafka/common/errors/UnknownMemberIdException.java,37,16,3,5,0
clients/src/main/java/org/apache/kafka/common/errors/MemberIdRequiredException.java,30,10,3,3,0
clients/src/main/java/org/apache/kafka/common/errors/TelemetryTooLargeException.java,27,6,3,1,0
clients/src/main/java/org/apache/kafka/common/errors/ProducerFencedException.java,30,6,3,1,0
clients/src/main/java/org/apache/kafka/common/errors/StaleBrokerEpochException.java,31,10,3,3,0
clients/src/main/java/org/apache/kafka/common/errors/InvalidUpdateVersionException.java,29,9,3,2,0
clients/src/main/java/org/apache/kafka/common/errors/FencedLeaderEpochException.java,35,10,3,3,0
clients/src/main/java/org/apache/kafka/common/errors/InvalidFetchSessionEpochException.java,29,9,3,3,0
clients/src/main/java/org/apache/kafka/common/errors/AuthorizationException.java,29,9,3,2,0
clients/src/main/java/org/apache/kafka/common/errors/SerializationException.java,44,17,3,5,1
clients/src/main/java/org/apache/kafka/common/errors/InvalidTimestampException.java,33,10,3,3,0
clients/src/main/java/org/apache/kafka/common/errors/FencedMemberEpochException.java,23,6,3,1,0
clients/src/main/java/org/apache/kafka/common/errors/InvalidFetchSizeException.java,31,10,3,3,0
clients/src/main/java/org/apache/kafka/common/errors/InvalidPrincipalTypeException.java,31,10,3,3,0
clients/src/main/java/org/apache/kafka/common/errors/InvalidRegularExpression.java,27,6,3,1,0
clients/src/main/java/org/apache/kafka/common/errors/ReplicaNotAvailableException.java,41,13,6,4,0
clients/src/main/java/org/apache/kafka/common/errors/InvalidRequiredAcksException.java,25,7,3,2,0
clients/src/main/java/org/apache/kafka/common/errors/InvalidTxnTimeoutException.java,33,10,4,3,0
clients/src/main/java/org/apache/kafka/common/errors/OffsetMovedToTieredStorageException.java,31,10,3,3,0
clients/src/main/java/org/apache/kafka/common/errors/InvalidTopicException.java,68,34,3,9,2
clients/src/main/java/org/apache/kafka/common/errors/DelegationTokenAuthorizationException.java,31,10,3,3,0
clients/src/main/java/org/apache/kafka/common/errors/UnsupportedSaslMechanismException.java,35,10,3,3,0
clients/src/main/java/org/apache/kafka/common/errors/ApplicationRecoverableException.java,43,16,3,5,0
clients/src/main/java/org/apache/kafka/common/errors/ControllerMovedException.java,31,10,3,3,0
clients/src/main/java/org/apache/kafka/common/errors/RebootstrapRequiredException.java,30,10,3,3,0
clients/src/main/java/org/apache/kafka/common/errors/RecordDeserializationException.java,119,80,4,20,5
clients/src/main/java/org/apache/kafka/common/errors/OffsetOutOfRangeException.java,35,10,5,3,0
clients/src/main/java/org/apache/kafka/common/errors/InvalidProducerEpochException.java,32,7,3,2,0
clients/src/main/java/org/apache/kafka/common/errors/TimeoutException.java,42,16,3,5,0
clients/src/main/java/org/apache/kafka/common/errors/DelegationTokenNotFoundException.java,31,10,3,3,0
clients/src/main/java/org/apache/kafka/common/errors/PreferredLeaderNotAvailableException.java,28,9,3,2,0
clients/src/main/java/org/apache/kafka/common/errors/FencedStateEpochException.java,28,7,3,2,0
clients/src/main/java/org/apache/kafka/common/errors/TopicExistsException.java,31,10,3,3,0
clients/src/main/java/org/apache/kafka/common/errors/InconsistentClusterIdException.java,28,9,3,2,0
clients/src/main/java/org/apache/kafka/common/errors/ShareSessionLimitReachedException.java,29,7,3,2,0
clients/src/main/java/org/apache/kafka/common/errors/StaleMemberEpochException.java,29,6,3,1,0
clients/src/main/java/org/apache/kafka/common/errors/InvalidRequestException.java,36,10,3,3,0
clients/src/main/java/org/apache/kafka/common/errors/WakeupException.java,30,5,3,1,1
clients/src/main/java/org/apache/kafka/common/errors/AuthenticationException.java,51,14,8,4,1
clients/src/main/java/org/apache/kafka/common/errors/TransactionalIdAuthorizationException.java,23,6,3,1,0
clients/src/main/java/org/apache/kafka/common/errors/OffsetMetadataTooLarge.java,41,15,3,5,0
clients/src/main/java/org/apache/kafka/common/errors/DelegationTokenExpiredException.java,31,10,3,3,0
clients/src/main/java/org/apache/kafka/common/errors/InvalidOffsetException.java,36,10,4,3,0
clients/src/main/java/org/apache/kafka/common/errors/OperationNotAttemptedException.java,27,6,4,1,0
clients/src/main/java/org/apache/kafka/common/errors/InvalidPidMappingException.java,23,6,3,1,0
clients/src/main/java/org/apache/kafka/common/errors/RecordBatchTooLargeException.java,42,16,3,5,0
clients/src/main/java/org/apache/kafka/common/errors/InvalidGroupIdException.java,29,10,3,3,0
clients/src/main/java/org/apache/kafka/common/errors/EligibleLeadersNotAvailableException.java,28,9,3,2,0
clients/src/main/java/org/apache/kafka/common/errors/UnsupportedVersionException.java,41,11,4,3,1
clients/src/main/java/org/apache/kafka/common/errors/StreamsTopologyFencedException.java,23,6,3,1,0
clients/src/main/java/org/apache/kafka/common/errors/FencedInstanceIdException.java,29,10,3,3,0
clients/src/main/java/org/apache/kafka/common/errors/UnsupportedForMessageFormatException.java,34,10,4,3,0
clients/src/main/java/org/apache/kafka/common/errors/DuplicateBrokerRegistrationException.java,29,9,3,2,0
clients/src/main/java/org/apache/kafka/common/errors/InvalidReplicationFactorException.java,31,10,3,3,0
clients/src/main/java/org/apache/kafka/common/errors/TransactionAbortableException.java,30,10,3,3,0
clients/src/main/java/org/apache/kafka/common/errors/NoReassignmentInProgressException.java,31,9,4,2,0
clients/src/main/java/org/apache/kafka/common/errors/UnknownSubscriptionIdException.java,27,6,3,1,0
clients/src/main/java/org/apache/kafka/common/errors/NetworkException.java,43,16,3,5,0
clients/src/main/java/org/apache/kafka/common/errors/NotEnoughReplicasException.java,40,16,4,5,0
clients/src/main/java/org/apache/kafka/common/errors/RebalanceInProgressException.java,37,16,3,5,0
clients/src/main/java/org/apache/kafka/common/errors/TopicDeletionDisabledException.java,29,9,3,3,0
clients/src/main/java/org/apache/kafka/common/errors/FeatureUpdateFailedException.java,29,10,3,3,0
clients/src/main/java/org/apache/kafka/common/errors/package-info.java,20,1,3,0,0
clients/src/main/java/org/apache/kafka/common/errors/DuplicateSequenceException.java,24,6,3,1,0
clients/src/main/java/org/apache/kafka/common/errors/SslAuthenticationException.java,44,11,5,3,1
clients/src/main/java/org/apache/kafka/common/errors/UnstableOffsetCommitException.java,29,7,4,2,0
clients/src/main/java/org/apache/kafka/common/errors/NotEnoughReplicasAfterAppendException.java,30,7,4,2,0
clients/src/main/java/org/apache/kafka/common/errors/RetriableException.java,41,15,4,5,0
clients/src/main/java/org/apache/kafka/common/errors/SecurityDisabledException.java,32,10,3,3,0
clients/src/main/java/org/apache/kafka/common/errors/InconsistentVoterSetException.java,31,10,3,3,0
clients/src/main/java/org/apache/kafka/common/errors/ListenerNotFoundException.java,38,10,4,3,0
clients/src/main/java/org/apache/kafka/common/errors/TransactionCoordinatorFencedException.java,30,10,3,3,0
clients/src/main/java/org/apache/kafka/common/errors/InvalidVoterKeyException.java,31,10,3,3,0
clients/src/main/java/org/apache/kafka/common/errors/StreamsInvalidTopologyException.java,23,6,3,1,0
clients/src/main/java/org/apache/kafka/common/errors/InconsistentGroupProtocolException.java,29,10,3,3,0
clients/src/main/java/org/apache/kafka/common/resource/Resource.java,90,38,6,11,1
clients/src/main/java/org/apache/kafka/common/resource/PatternType.java,121,42,7,9,5
clients/src/main/java/org/apache/kafka/common/resource/ResourceType.java,121,43,8,7,2
clients/src/main/java/org/apache/kafka/common/resource/ResourcePattern.java,114,53,11,13,1
clients/src/main/java/org/apache/kafka/common/resource/ResourcePatternFilter.java,165,83,25,15,2
clients/src/main/java/org/apache/kafka/common/resource/package-info.java,20,1,3,0,0
clients/src/main/java/org/apache/kafka/common/acl/AclBinding.java,88,39,10,10,2
clients/src/main/java/org/apache/kafka/common/acl/AclOperation.java,178,51,9,7,2
clients/src/main/java/org/apache/kafka/common/acl/AccessControlEntry.java,107,49,9,10,1
clients/src/main/java/org/apache/kafka/common/acl/AccessControlEntryData.java,105,65,16,8,1
clients/src/main/java/org/apache/kafka/common/acl/AccessControlEntryFilter.java,138,60,12,14,1
clients/src/main/java/org/apache/kafka/common/acl/AclPermissionType.java,101,39,9,7,2
clients/src/main/java/org/apache/kafka/common/acl/package-info.java,20,1,4,0,0
clients/src/main/java/org/apache/kafka/common/acl/AclBindingFilter.java,111,49,14,13,2
clients/src/main/java/org/apache/kafka/common/header/Headers.java,80,9,15,0,0
clients/src/main/java/org/apache/kafka/common/header/Header.java,38,5,3,0,0
clients/src/main/java/org/apache/kafka/common/header/package-info.java,20,1,4,0,0
clients/src/main/java/org/apache/kafka/common/header/internals/RecordHeader.java,83,55,8,11,5
clients/src/main/java/org/apache/kafka/common/header/internals/RecordHeaders.java,198,150,18,27,9
tools/tools-api/src/test/java/org/apache/kafka/tools/api/RecordReaderTest.java,33,12,3,0,3
tools/tools-api/src/main/java/org/apache/kafka/tools/api/IntegerDecoder.java,29,8,3,1,1
tools/tools-api/src/main/java/org/apache/kafka/tools/api/LongDecoder.java,29,8,3,1,1
tools/tools-api/src/main/java/org/apache/kafka/tools/api/Decoder.java,25,5,3,0,0
tools/tools-api/src/main/java/org/apache/kafka/tools/api/DefaultDecoder.java,27,7,3,1,0
tools/tools-api/src/main/java/org/apache/kafka/tools/api/StringDecoder.java,29,8,3,1,1
tools/tools-api/src/main/java/org/apache/kafka/tools/api/RecordReader.java,51,12,4,0,6
tools/tools-api/src/main/java/org/apache/kafka/tools/api/package-info.java,20,1,4,0,0
tools/src/test/java/org/apache/kafka/tools/DelegationTokenCommandTest.java,263,185,6,8,11
tools/src/test/java/org/apache/kafka/tools/UserScramCredentialsCommandTest.java,183,136,15,18,15
tools/src/test/java/org/apache/kafka/tools/ResetIntegrationTest.java,490,354,3,21,38
tools/src/test/java/org/apache/kafka/tools/AclCommandTest.java,610,525,18,66,64
tools/src/test/java/org/apache/kafka/tools/GetOffsetShellParsingTest.java,257,193,3,17,7
tools/src/test/java/org/apache/kafka/tools/ResetIntegrationWithSslTest.java,90,53,5,6,14
tools/src/test/java/org/apache/kafka/tools/ConfigCommandTest.java,1469,1243,22,110,61
tools/src/test/java/org/apache/kafka/tools/StreamsResetterTest.java,318,238,4,23,23
tools/src/test/java/org/apache/kafka/tools/TopicCommandTest.java,1533,1236,27,75,78
tools/src/test/java/org/apache/kafka/tools/AbstractResetIntegrationTest.java,430,326,23,29,42
tools/src/test/java/org/apache/kafka/tools/ProducerPerformanceTest.java,777,665,7,35,39
tools/src/test/java/org/apache/kafka/tools/ConnectPluginPathTest.java,653,546,36,46,44
tools/src/test/java/org/apache/kafka/tools/LeaderElectionCommandTest.java,398,311,7,15,32
tools/src/test/java/org/apache/kafka/tools/DeleteRecordsCommandTest.java,175,128,4,8,22
tools/src/test/java/org/apache/kafka/tools/ShareConsumerPerformanceTest.java,157,112,3,11,19
tools/src/test/java/org/apache/kafka/tools/GetOffsetShellTest.java,551,415,19,48,42
tools/src/test/java/org/apache/kafka/tools/ConsoleProducerTest.java,359,281,3,35,22
tools/src/test/java/org/apache/kafka/tools/ClusterToolTest.java,229,183,3,15,24
tools/src/test/java/org/apache/kafka/tools/ClientMetricsCommandTest.java,342,280,19,23,25
tools/src/test/java/org/apache/kafka/tools/LineMessageReaderTest.java,400,313,5,23,17
tools/src/test/java/org/apache/kafka/tools/FeatureCommandTest.java,582,471,34,32,19
tools/src/test/java/org/apache/kafka/tools/MetadataQuorumCommandErrorTest.java,85,57,3,5,8
tools/src/test/java/org/apache/kafka/tools/BrokerApiVersionsCommandTest.java,99,75,7,2,21
tools/src/test/java/org/apache/kafka/tools/LeaderElectionCommandErrorTest.java,99,69,4,5,7
tools/src/test/java/org/apache/kafka/tools/MetadataQuorumCommandTest.java,197,145,7,8,15
tools/src/test/java/org/apache/kafka/tools/ReplicaVerificationToolTest.java,72,45,5,0,11
tools/src/test/java/org/apache/kafka/tools/ToolsTestUtils.java,252,184,10,19,21
tools/src/test/java/org/apache/kafka/tools/LogDirsCommandTest.java,226,179,4,12,24
tools/src/test/java/org/apache/kafka/tools/JmxToolTest.java,429,356,7,36,25
tools/src/test/java/org/apache/kafka/tools/PushHttpMetricsReporterTest.java,335,260,7,28,41
tools/src/test/java/org/apache/kafka/tools/EndToEndLatencyTest.java,337,276,10,35,28
tools/src/test/java/org/apache/kafka/tools/ConfigCommandIntegrationTest.java,760,632,25,49,51
tools/src/test/java/org/apache/kafka/tools/MetadataQuorumCommandUnitTest.java,263,221,3,19,17
tools/src/test/java/org/apache/kafka/tools/GroupsCommandTest.java,665,574,29,39,48
tools/src/test/java/org/apache/kafka/tools/TransactionsCommandTest.java,1128,941,8,49,51
tools/src/test/java/org/apache/kafka/tools/ConsumerPerformanceTest.java,204,150,3,15,20
tools/src/test/java/org/apache/kafka/tools/reassign/ReassignPartitionsCommandTest.java,848,672,26,34,69
tools/src/test/java/org/apache/kafka/tools/reassign/ReassignPartitionsCommandArgsTest.java,322,263,3,33,8
tools/src/test/java/org/apache/kafka/tools/reassign/ReassignPartitionsUnitTest.java,824,670,7,31,65
tools/src/test/java/org/apache/kafka/tools/streams/DeleteStreamsGroupOffsetTest.java,439,375,23,33,47
tools/src/test/java/org/apache/kafka/tools/streams/StreamsGroupCommandTest.java,549,452,3,19,60
tools/src/test/java/org/apache/kafka/tools/streams/DescribeStreamsGroupTest.java,396,322,20,28,39
tools/src/test/java/org/apache/kafka/tools/streams/DeleteStreamsGroupTest.java,568,139,29,29,59
tools/src/test/java/org/apache/kafka/tools/streams/ResetStreamsGroupOffsetTest.java,741,524,36,37,56
tools/src/test/java/org/apache/kafka/tools/streams/ListStreamsGroupTest.java,243,189,6,14,36
tools/src/test/java/org/apache/kafka/tools/other/ReplicationQuotasTestRig.java,476,377,29,9,56
tools/src/test/java/org/apache/kafka/tools/consumer/ShareGroupMessageFormatterTest.java,216,194,3,14,17
tools/src/test/java/org/apache/kafka/tools/consumer/TransactionLogMessageFormatterTest.java,109,86,3,4,6
tools/src/test/java/org/apache/kafka/tools/consumer/ConsoleConsumerTest.java,484,383,5,23,72
tools/src/test/java/org/apache/kafka/tools/consumer/ConsoleShareConsumerOptionsTest.java,507,396,3,19,17
tools/src/test/java/org/apache/kafka/tools/consumer/DefaultMessageFormatterTest.java,171,127,3,2,14
tools/src/test/java/org/apache/kafka/tools/consumer/OffsetMessageFormatterTest.java,154,132,3,6,9
tools/src/test/java/org/apache/kafka/tools/consumer/ConsoleConsumerOptionsTest.java,853,695,3,36,16
tools/src/test/java/org/apache/kafka/tools/consumer/NoOpMessageFormatterTest.java,42,20,3,1,7
tools/src/test/java/org/apache/kafka/tools/consumer/CoordinatorRecordMessageFormatterTest.java,68,44,3,4,14
tools/src/test/java/org/apache/kafka/tools/consumer/ConsoleShareConsumerTest.java,179,116,3,6,26
tools/src/test/java/org/apache/kafka/tools/consumer/GroupMetadataMessageFormatterTest.java,193,170,3,7,8
tools/src/test/java/org/apache/kafka/tools/consumer/group/DeleteConsumerGroupsTest.java,349,286,26,16,45
tools/src/test/java/org/apache/kafka/tools/consumer/group/ConsumerGroupServiceTest.java,327,269,5,17,46
tools/src/test/java/org/apache/kafka/tools/consumer/group/ListConsumerGroupTest.java,672,544,16,25,46
tools/src/test/java/org/apache/kafka/tools/consumer/group/AuthorizerIntegrationTest.java,52,28,4,1,12
tools/src/test/java/org/apache/kafka/tools/consumer/group/ConsumerGroupCommandTest.java,57,33,3,2,4
tools/src/test/java/org/apache/kafka/tools/consumer/group/ConsumerGroupCommandTestUtils.java,106,75,8,3,14
tools/src/test/java/org/apache/kafka/tools/consumer/group/ResetConsumerGroupOffsetTest.java,928,764,36,56,67
tools/src/test/java/org/apache/kafka/tools/consumer/group/DeleteOffsetsConsumerGroupCommandIntegrationTest.java,273,231,16,21,36
tools/src/test/java/org/apache/kafka/tools/consumer/group/DescribeConsumerGroupTest.java,1312,1102,157,61,59
tools/src/test/java/org/apache/kafka/tools/consumer/group/ShareGroupCommandTest.java,1493,1284,60,49,78
tools/src/test/java/org/apache/kafka/tools/consumer/group/SaslClientsWithInvalidCredentialsTest.java,193,152,5,19,34
tools/src/test/java/org/apache/kafka/tools/consumer/group/share/ShareGroupStateMessageFormatterTest.java,238,205,3,12,27
tools/src/test/java/org/apache/kafka/tools/filter/TopicFilterTest.java,52,28,3,1,5
tools/src/main/java/org/apache/kafka/tools/LineMessageReader.java,218,161,38,20,15
tools/src/main/java/org/apache/kafka/tools/FeatureCommand.java,466,397,55,9,32
tools/src/main/java/org/apache/kafka/tools/DelegationTokenCommand.java,306,235,23,30,27
tools/src/main/java/org/apache/kafka/tools/ToolsUtils.java,157,111,17,7,11
tools/src/main/java/org/apache/kafka/tools/ProducerPerformance.java,661,43,62,39,28
tools/src/main/java/org/apache/kafka/tools/MetadataQuorumCommand.java,510,445,50,17,47
tools/src/main/java/org/apache/kafka/tools/LeaderElectionCommand.java,413,340,44,28,36
tools/src/main/java/org/apache/kafka/tools/TransactionsCommand.java,1062,860,60,33,44
tools/src/main/java/org/apache/kafka/tools/PrintVersionAndExitAction.java,53,29,3,3,6
tools/src/main/java/org/apache/kafka/tools/ConsumerPerformance.java,408,352,26,41,28
tools/src/main/java/org/apache/kafka/tools/JmxTool.java,423,362,44,33,36
tools/src/main/java/org/apache/kafka/tools/ConnectPluginPath.java,415,348,50,24,36
tools/src/main/java/org/apache/kafka/tools/TransactionalMessageCopier.java,418,42,24,16,38
tools/src/main/java/org/apache/kafka/tools/StreamsResetter.java,776,621,95,65,42
tools/src/main/java/org/apache/kafka/tools/EndToEndLatency.java,470,359,56,18,31
tools/src/main/java/org/apache/kafka/tools/OffsetsUtils.java,548,432,44,32,36
tools/src/main/java/org/apache/kafka/tools/ManifestWorkspace.java,593,444,65,59,39
tools/src/main/java/org/apache/kafka/tools/VerifiableProducer.java,575,56,29,63,23
tools/src/main/java/org/apache/kafka/tools/ReplicaVerificationTool.java,710,587,44,42,65
tools/src/main/java/org/apache/kafka/tools/DeleteRecordsCommand.java,195,137,11,12,29
tools/src/main/java/org/apache/kafka/tools/GroupsCommand.java,309,238,29,30,24
tools/src/main/java/org/apache/kafka/tools/GetOffsetShell.java,399,301,42,27,38
tools/src/main/java/org/apache/kafka/tools/LogDirsCommand.java,222,177,14,19,25
tools/src/main/java/org/apache/kafka/tools/VerifiableConsumer.java,731,568,43,77,46
tools/src/main/java/org/apache/kafka/tools/VerifiableShareConsumer.java,639,515,33,74,54
tools/src/main/java/org/apache/kafka/tools/TerseException.java,33,6,3,1,0
tools/src/main/java/org/apache/kafka/tools/AdminCommandFailedException.java,28,9,3,2,0
tools/src/main/java/org/apache/kafka/tools/BrokerApiVersionsCommand.java,296,254,17,27,44
tools/src/main/java/org/apache/kafka/tools/ClientMetricsCommand.java,396,303,32,40,33
tools/src/main/java/org/apache/kafka/tools/ConsoleProducer.java,378,319,31,25,34
tools/src/main/java/org/apache/kafka/tools/TopicCommand.java,1020,826,92,127,56
tools/src/main/java/org/apache/kafka/tools/AclCommand.java,607,534,81,48,45
tools/src/main/java/org/apache/kafka/tools/LogCompactionTester.java,517,412,41,30,45
tools/src/main/java/org/apache/kafka/tools/ClientCompatibilityTest.java,543,471,51,25,51
tools/src/main/java/org/apache/kafka/tools/PushHttpMetricsReporter.java,270,201,20,24,32
tools/src/main/java/org/apache/kafka/tools/ShareConsumerPerformance.java,468,394,42,42,35
tools/src/main/java/org/apache/kafka/tools/OAuthCompatibilityTool.java,405,323,16,18,95
tools/src/main/java/org/apache/kafka/tools/AdminOperationException.java,28,9,3,2,0
tools/src/main/java/org/apache/kafka/tools/ClusterTool.java,211,178,22,1,22
tools/src/main/java/org/apache/kafka/tools/reassign/CancelledMoveState.java,31,7,3,1,0
tools/src/main/java/org/apache/kafka/tools/reassign/MissingLogDirMoveState.java,29,7,3,1,0
tools/src/main/java/org/apache/kafka/tools/reassign/ReassignPartitionsCommand.java,1543,1060,145,33,60
tools/src/main/java/org/apache/kafka/tools/reassign/CompletedMoveState.java,29,7,3,1,0
tools/src/main/java/org/apache/kafka/tools/reassign/LogDirMoveState.java,28,4,4,0,0
tools/src/main/java/org/apache/kafka/tools/reassign/PartitionReassignmentState.java,34,7,4,0,1
tools/src/main/java/org/apache/kafka/tools/reassign/PartitionMove.java,52,22,6,5,2
tools/src/main/java/org/apache/kafka/tools/reassign/ReassignPartitionsCommandOptions.java,123,91,10,1,2
tools/src/main/java/org/apache/kafka/tools/reassign/ActiveMoveState.java,31,7,3,1,0
tools/src/main/java/org/apache/kafka/tools/reassign/MissingReplicaMoveState.java,29,7,3,1,0
tools/src/main/java/org/apache/kafka/tools/reassign/VerifyAssignmentResult.java,41,14,5,2,3
tools/src/main/java/org/apache/kafka/tools/streams/StreamsGroupCommand.java,1028,874,146,34,57
tools/src/main/java/org/apache/kafka/tools/streams/StreamsGroupCommandOptions.java,319,271,29,37,9
tools/src/main/java/org/apache/kafka/tools/consumer/ConsoleConsumerOptions.java,466,388,52,32,20
tools/src/main/java/org/apache/kafka/tools/consumer/OffsetsMessageFormatter.java,55,28,4,5,6
tools/src/main/java/org/apache/kafka/tools/consumer/ShareGroupMessageFormatter.java,60,32,4,5,6
tools/src/main/java/org/apache/kafka/tools/consumer/DefaultMessageFormatter.java,231,187,42,27,14
tools/src/main/java/org/apache/kafka/tools/consumer/LoggingMessageFormatter.java,50,27,3,4,8
tools/src/main/java/org/apache/kafka/tools/consumer/ConsoleShareConsumerOptions.java,338,286,35,22,15
tools/src/main/java/org/apache/kafka/tools/consumer/ConsoleConsumer.java,214,164,22,6,24
tools/src/main/java/org/apache/kafka/tools/consumer/ConsoleShareConsumer.java,196,145,17,8,22
tools/src/main/java/org/apache/kafka/tools/consumer/CoordinatorRecordMessageFormatter.java,93,63,9,11,14
tools/src/main/java/org/apache/kafka/tools/consumer/TransactionLogMessageFormatter.java,44,22,3,4,4
tools/src/main/java/org/apache/kafka/tools/consumer/GroupMetadataMessageFormatter.java,51,27,3,5,6
tools/src/main/java/org/apache/kafka/tools/consumer/NoOpMessageFormatter.java,30,9,3,1,3
tools/src/main/java/org/apache/kafka/tools/consumer/group/ShareGroupCommand.java,650,547,71,22,45
tools/src/main/java/org/apache/kafka/tools/consumer/group/MemberAssignmentState.java,28,9,3,0,3
tools/src/main/java/org/apache/kafka/tools/consumer/group/CsvUtils.java,157,102,7,31,5
tools/src/main/java/org/apache/kafka/tools/consumer/group/ShareGroupCommandOptions.java,224,183,22,25,9
tools/src/main/java/org/apache/kafka/tools/consumer/group/ConsumerGroupCommandOptions.java,281,242,23,33,9
tools/src/main/java/org/apache/kafka/tools/consumer/group/PartitionAssignmentState.java,27,8,3,0,2
tools/src/main/java/org/apache/kafka/tools/consumer/group/ConsumerGroupCommand.java,1063,903,116,25,57
tools/src/main/java/org/apache/kafka/tools/consumer/group/GroupInformation.java,26,7,3,0,3
tools/src/main/java/org/apache/kafka/tools/consumer/group/share/ShareGroupStateMessageFormatter.java,49,23,4,4,5
tools/src/main/java/org/apache/kafka/tools/filter/TopicPartitionFilter.java,71,38,6,9,3
tools/src/main/java/org/apache/kafka/tools/filter/PartitionFilter.java,66,37,6,10,1
tools/src/main/java/org/apache/kafka/tools/filter/TopicFilter.java,74,47,6,9,5
docker/docker_release.py,74,30,17,3,3
docker/docker_build_test.py,85,43,20,1,7
docker/extract_docker_official_image_artifact.py,77,40,19,2,5
docker/generate_kafka_pr_template.py,92,28,20,4,5
docker/common.py,48,28,13,3,4
docker/prepare_docker_official_image_source.py,69,32,17,1,5
docker/docker_official_image_build_test.py,87,48,23,1,6
docker/test/docker_sanity_test.py,238,190,30,20,5
docker/test/constants.py,45,23,8,0,0
docker/test/__init__.py,16,0,8,0,0
core/src/test/java/kafka/security/JaasTestUtils.java,352,286,28,53,22
core/src/test/java/kafka/security/JaasModule.java,123,86,5,12,4
core/src/test/java/kafka/security/minikdc/MiniKdc.java,498,366,26,33,55
core/src/test/java/kafka/security/minikdc/MiniKdcTest.java,51,29,4,1,5
core/src/test/java/kafka/server/MetadataVersionConfigValidatorTest.java,103,71,4,2,17
core/src/test/java/kafka/server/ReconfigurableQuorumIntegrationTest.java,235,202,11,6,20
core/src/test/java/kafka/server/logger/RuntimeLoggerManagerTest.java,99,71,4,8,14
core/src/test/java/kafka/server/handlers/DescribeTopicPartitionsRequestHandlerTest.java,550,474,20,5,65
core/src/test/java/kafka/server/share/ShareFetchUtilsTest.java,666,512,13,17,59
core/src/test/java/kafka/server/share/DelayedShareFetchTest.java,2279,1755,61,56,85
core/src/test/java/kafka/server/share/SharePartitionManagerTest.java,3326,2571,57,109,116
core/src/test/java/kafka/server/share/SharePartitionCacheTest.java,109,69,4,8,9
core/src/test/java/kafka/server/share/SharePartitionTest.java,8905,6712,178,256,89
core/src/test/java/kafka/server/share/ShareCoordinatorMetadataCacheHelperImplTest.java,453,363,3,10,24
core/src/main/java/kafka/docker/Log4jConfiguration.java,220,164,6,44,9
core/src/main/java/kafka/server/ReplicationQuotaManager.java,154,103,12,22,19
core/src/main/java/kafka/server/NetworkUtils.java,91,67,4,1,15
core/src/main/java/kafka/server/ReplicaQuota.java,25,7,3,0,1
core/src/main/java/kafka/server/ClientRequestQuotaManager.java,112,74,8,14,16
core/src/main/java/kafka/server/MetadataVersionConfigValidator.java,69,46,6,7,6
core/src/main/java/kafka/server/QuotaFactory.java,135,102,3,12,13
core/src/main/java/kafka/server/TierStateMachine.java,282,173,24,10,39
core/src/main/java/kafka/server/logger/RuntimeLoggerManager.java,151,118,21,4,13
core/src/main/java/kafka/server/builders/LogManagerBuilder.java,180,138,10,38,14
core/src/main/java/kafka/server/builders/KafkaApisBuilder.java,235,188,21,47,26
core/src/main/java/kafka/server/builders/ReplicaManagerBuilder.java,134,98,11,21,15
core/src/main/java/kafka/server/handlers/DescribeTopicPartitionsRequestHandler.java,134,97,11,3,19
core/src/main/java/kafka/server/share/ShareCoordinatorMetadataCacheHelperImpl.java,111,83,12,8,16
core/src/main/java/kafka/server/share/SharePartitionCache.java,133,52,17,7,8
core/src/main/java/kafka/server/share/SharePartition.java,2936,1873,506,88,72
core/src/main/java/kafka/server/share/ShareFetchUtils.java,276,172,48,2,32
core/src/main/java/kafka/server/share/DelayedShareFetch.java,989,706,161,46,56
core/src/main/java/kafka/server/share/PendingRemoteFetches.java,92,63,6,9,11
core/src/main/java/kafka/server/share/SharePartitionManager.java,908,604,103,46,57
group-coordinator/group-coordinator-api/src/main/java/org/apache/kafka/coordinator/group/api/assignor/GroupSpec.java,76,11,8,0,2
group-coordinator/group-coordinator-api/src/main/java/org/apache/kafka/coordinator/group/api/assignor/ConsumerGroupPartitionAssignor.java,23,3,4,0,0
group-coordinator/group-coordinator-api/src/main/java/org/apache/kafka/coordinator/group/api/assignor/ShareGroupPartitionAssignor.java,26,5,4,0,1
group-coordinator/group-coordinator-api/src/main/java/org/apache/kafka/coordinator/group/api/assignor/MemberSubscription.java,48,9,8,0,3
group-coordinator/group-coordinator-api/src/main/java/org/apache/kafka/coordinator/group/api/assignor/PartitionAssignorException.java,34,10,3,2,1
group-coordinator/group-coordinator-api/src/main/java/org/apache/kafka/coordinator/group/api/assignor/MemberAssignment.java,32,7,4,0,3
group-coordinator/group-coordinator-api/src/main/java/org/apache/kafka/coordinator/group/api/assignor/SubscriptionType.java,44,13,3,3,0
group-coordinator/group-coordinator-api/src/main/java/org/apache/kafka/coordinator/group/api/assignor/GroupAssignment.java,61,29,6,6,2
group-coordinator/group-coordinator-api/src/main/java/org/apache/kafka/coordinator/group/api/assignor/SubscribedTopicDescriber.java,46,7,5,0,2
group-coordinator/group-coordinator-api/src/main/java/org/apache/kafka/coordinator/group/api/assignor/package-info.java,21,1,4,0,0
group-coordinator/group-coordinator-api/src/main/java/org/apache/kafka/coordinator/group/api/assignor/PartitionAssignor.java,39,8,5,0,0
group-coordinator/src/test/java/org/apache/kafka/coordinator/group/Assertions.java,383,299,15,16,27
group-coordinator/src/test/java/org/apache/kafka/coordinator/group/NoOpPartitionAssignor.java,42,21,3,2,7
group-coordinator/src/test/java/org/apache/kafka/coordinator/group/ShareGroupAutoOffsetResetStrategyTest.java,112,79,3,4,10
group-coordinator/src/test/java/org/apache/kafka/coordinator/group/GroupConfigManagerTest.java,91,60,4,7,16
group-coordinator/src/test/java/org/apache/kafka/coordinator/group/GroupCoordinatorShardTest.java,2387,2055,7,60,111
group-coordinator/src/test/java/org/apache/kafka/coordinator/group/GroupCoordinatorRecordHelpersTest.java,813,707,3,26,68
group-coordinator/src/test/java/org/apache/kafka/coordinator/group/UtilsTest.java,238,197,3,6,13
group-coordinator/src/test/java/org/apache/kafka/coordinator/group/GroupMetadataManagerTest.java,23616,19523,93,375,215
group-coordinator/src/test/java/org/apache/kafka/coordinator/group/OffsetAndMetadataTest.java,207,169,3,5,12
group-coordinator/src/test/java/org/apache/kafka/coordinator/group/GroupCoordinatorConfigTest.java,369,297,5,12,23
group-coordinator/src/test/java/org/apache/kafka/coordinator/group/GroupCoordinatorRecordSerdeTest.java,254,191,5,13,15
group-coordinator/src/test/java/org/apache/kafka/coordinator/group/GroupMetadataManagerTestContext.java,1805,1534,48,87,141
group-coordinator/src/test/java/org/apache/kafka/coordinator/group/OffsetMetadataManagerTest.java,3378,2791,26,107,79
group-coordinator/src/test/java/org/apache/kafka/coordinator/group/GroupCoordinatorServiceTest.java,5720,4869,22,142,138
group-coordinator/src/test/java/org/apache/kafka/coordinator/group/AssignmentTestUtil.java,115,78,9,6,13
group-coordinator/src/test/java/org/apache/kafka/coordinator/group/GroupConfigTest.java,288,199,39,21,11
group-coordinator/src/test/java/org/apache/kafka/coordinator/group/MockPartitionAssignor.java,57,33,3,6,10
group-coordinator/src/test/java/org/apache/kafka/coordinator/group/OffsetExpirationConditionImplTest.java,74,40,3,1,6
group-coordinator/src/test/java/org/apache/kafka/coordinator/group/metrics/GroupCoordinatorMetricsTest.java,327,281,3,4,33
group-coordinator/src/test/java/org/apache/kafka/coordinator/group/metrics/MetricsTestUtils.java,64,39,4,0,7
group-coordinator/src/test/java/org/apache/kafka/coordinator/group/metrics/GroupCoordinatorMetricsShardTest.java,57,29,3,1,8
group-coordinator/src/test/java/org/apache/kafka/coordinator/group/classic/ClassicGroupMemberTest.java,324,257,3,10,15
group-coordinator/src/test/java/org/apache/kafka/coordinator/group/classic/ClassicGroupTest.java,1678,1395,13,71,61
group-coordinator/src/test/java/org/apache/kafka/coordinator/group/streams/StreamsTopologyTest.java,212,177,3,21,14
group-coordinator/src/test/java/org/apache/kafka/coordinator/group/streams/TopicMetadataTest.java,74,47,3,7,5
group-coordinator/src/test/java/org/apache/kafka/coordinator/group/streams/StreamsGroupBuilder.java,116,75,6,15,8
group-coordinator/src/test/java/org/apache/kafka/coordinator/group/streams/TargetAssignmentBuilderTest.java,847,667,9,31,38
group-coordinator/src/test/java/org/apache/kafka/coordinator/group/streams/TaskAssignmentTestUtil.java,59,37,7,4,6
group-coordinator/src/test/java/org/apache/kafka/coordinator/group/streams/StreamsCoordinatorRecordHelpersTest.java,808,718,6,70,29
group-coordinator/src/test/java/org/apache/kafka/coordinator/group/streams/TasksTupleTest.java,178,138,3,9,13
group-coordinator/src/test/java/org/apache/kafka/coordinator/group/streams/TopologyMetadataTest.java,112,78,3,3,19
group-coordinator/src/test/java/org/apache/kafka/coordinator/group/streams/MockTaskAssignor.java,71,45,3,9,9
group-coordinator/src/test/java/org/apache/kafka/coordinator/group/streams/CurrentAssignmentBuilderTest.java,825,720,4,22,11
group-coordinator/src/test/java/org/apache/kafka/coordinator/group/streams/StreamsGroupTest.java,1022,779,8,29,59
group-coordinator/src/test/java/org/apache/kafka/coordinator/group/streams/StreamsGroupMemberTest.java,433,376,3,38,23
group-coordinator/src/test/java/org/apache/kafka/coordinator/group/streams/assignor/StickyTaskAssignorTest.java,1485,1201,53,60,20
group-coordinator/src/test/java/org/apache/kafka/coordinator/group/streams/assignor/MockAssignorTest.java,266,211,5,11,13
group-coordinator/src/test/java/org/apache/kafka/coordinator/group/streams/assignor/GroupSpecImplTest.java,61,34,3,2,6
group-coordinator/src/test/java/org/apache/kafka/coordinator/group/streams/assignor/ProcessStateTest.java,124,81,3,0,5
group-coordinator/src/test/java/org/apache/kafka/coordinator/group/streams/topics/RepartitionTopicsTest.java,203,158,6,14,12
group-coordinator/src/test/java/org/apache/kafka/coordinator/group/streams/topics/ConfiguredTopologyTest.java,136,105,4,7,15
group-coordinator/src/test/java/org/apache/kafka/coordinator/group/streams/topics/EndpointToPartitionsManagerTest.java,164,126,3,11,28
group-coordinator/src/test/java/org/apache/kafka/coordinator/group/streams/topics/TopicConfigurationExceptionTest.java,48,24,3,3,3
group-coordinator/src/test/java/org/apache/kafka/coordinator/group/streams/topics/ChangelogTopicsTest.java,172,130,4,24,13
group-coordinator/src/test/java/org/apache/kafka/coordinator/group/streams/topics/CopartitionedTopicsEnforcerTest.java,240,191,4,16,10
group-coordinator/src/test/java/org/apache/kafka/coordinator/group/streams/topics/ConfiguredInternalTopicTest.java,75,47,3,5,8
group-coordinator/src/test/java/org/apache/kafka/coordinator/group/streams/topics/ConfiguredSubtopologyTest.java,121,91,3,6,9
group-coordinator/src/test/java/org/apache/kafka/coordinator/group/streams/topics/InternalTopicManagerTest.java,183,147,3,11,21
group-coordinator/src/test/java/org/apache/kafka/coordinator/group/modern/UnionSetTest.java,142,101,3,8,11
group-coordinator/src/test/java/org/apache/kafka/coordinator/group/modern/TargetAssignmentBuilderTest.java,926,751,13,32,31
group-coordinator/src/test/java/org/apache/kafka/coordinator/group/modern/SubscribedTopicMetadataTest.java,96,57,7,8,9
group-coordinator/src/test/java/org/apache/kafka/coordinator/group/modern/AssignmentTest.java,83,53,3,4,12
group-coordinator/src/test/java/org/apache/kafka/coordinator/group/modern/TopicIdsTest.java,183,136,3,11,11
group-coordinator/src/test/java/org/apache/kafka/coordinator/group/modern/consumer/ConsumerGroupTest.java,2124,1675,18,44,62
group-coordinator/src/test/java/org/apache/kafka/coordinator/group/modern/consumer/ResolvedRegularExpressionTest.java,68,45,3,2,4
group-coordinator/src/test/java/org/apache/kafka/coordinator/group/modern/consumer/ConsumerGroupBuilder.java,104,65,5,14,9
group-coordinator/src/test/java/org/apache/kafka/coordinator/group/modern/consumer/ConsumerGroupMemberTest.java,386,332,3,10,25
group-coordinator/src/test/java/org/apache/kafka/coordinator/group/modern/consumer/CurrentAssignmentBuilderTest.java,578,495,3,14,12
group-coordinator/src/test/java/org/apache/kafka/coordinator/group/modern/share/ShareGroupMemberTest.java,192,149,3,5,15
group-coordinator/src/test/java/org/apache/kafka/coordinator/group/modern/share/ShareGroupAssignmentBuilderTest.java,96,68,3,2,7
group-coordinator/src/test/java/org/apache/kafka/coordinator/group/modern/share/ShareGroupBuilder.java,90,54,5,12,9
group-coordinator/src/test/java/org/apache/kafka/coordinator/group/modern/share/ShareGroupConfigTest.java,135,94,15,4,11
group-coordinator/src/test/java/org/apache/kafka/coordinator/group/modern/share/ShareGroupTest.java,495,363,9,20,31
group-coordinator/src/test/java/org/apache/kafka/coordinator/group/assignor/SimpleAssignorTest.java,960,786,14,30,28
group-coordinator/src/test/java/org/apache/kafka/coordinator/group/assignor/RangeAssignorTest.java,839,684,6,24,29
group-coordinator/src/test/java/org/apache/kafka/coordinator/group/assignor/GroupSpecImplTest.java,129,92,3,6,15
group-coordinator/src/test/java/org/apache/kafka/coordinator/group/assignor/UniformHeterogeneousAssignmentBuilderTest.java,686,555,4,26,28
group-coordinator/src/test/java/org/apache/kafka/coordinator/group/assignor/RangeSetTest.java,168,124,5,0,11
group-coordinator/src/test/java/org/apache/kafka/coordinator/group/assignor/OptimizedUniformAssignmentBuilderTest.java,702,570,10,22,29
group-coordinator/src/main/java/org/apache/kafka/coordinator/group/GroupCoordinator.java,512,179,17,0,49
group-coordinator/src/main/java/org/apache/kafka/coordinator/group/Group.java,212,74,15,4,11
group-coordinator/src/main/java/org/apache/kafka/coordinator/group/OffsetMetadataManager.java,1294,821,126,58,50
group-coordinator/src/main/java/org/apache/kafka/coordinator/group/Utils.java,429,226,34,17,28
group-coordinator/src/main/java/org/apache/kafka/coordinator/group/GroupCoordinatorService.java,2370,1881,166,92,125
group-coordinator/src/main/java/org/apache/kafka/coordinator/group/GroupCoordinatorRecordHelpers.java,829,547,8,34,44
group-coordinator/src/main/java/org/apache/kafka/coordinator/group/ConsumerGroupMigrationPolicy.java,79,15,4,9,5
group-coordinator/src/main/java/org/apache/kafka/coordinator/group/OffsetExpirationCondition.java,36,4,5,0,0
group-coordinator/src/main/java/org/apache/kafka/coordinator/group/GroupConfigManager.java,100,46,6,8,8
group-coordinator/src/main/java/org/apache/kafka/coordinator/group/GroupCoordinatorRecordSerde.java,45,23,5,2,4
group-coordinator/src/main/java/org/apache/kafka/coordinator/group/GroupMetadataManager.java,8652,5630,851,236,236
group-coordinator/src/main/java/org/apache/kafka/coordinator/group/GroupCoordinatorShard.java,1349,874,75,76,120
group-coordinator/src/main/java/org/apache/kafka/coordinator/group/GroupConfig.java,399,283,26,46,16
group-coordinator/src/main/java/org/apache/kafka/coordinator/group/ShareGroupAutoOffsetResetStrategy.java,160,91,19,18,7
group-coordinator/src/main/java/org/apache/kafka/coordinator/group/OffsetAndMetadata.java,206,133,12,16,8
group-coordinator/src/main/java/org/apache/kafka/coordinator/group/OffsetExpirationConditionImpl.java,49,13,5,2,1
group-coordinator/src/main/java/org/apache/kafka/coordinator/group/GroupCoordinatorConfig.java,964,631,80,227,33
group-coordinator/src/main/java/org/apache/kafka/coordinator/group/metrics/GroupCoordinatorRuntimeMetrics.java,28,9,3,2,2
group-coordinator/src/main/java/org/apache/kafka/coordinator/group/metrics/GroupCoordinatorMetrics.java,582,473,5,72,22
group-coordinator/src/main/java/org/apache/kafka/coordinator/group/metrics/GroupCoordinatorMetricsShard.java,310,140,10,29,12
group-coordinator/src/main/java/org/apache/kafka/coordinator/group/classic/ClassicGroupState.java,141,37,4,8,2
group-coordinator/src/main/java/org/apache/kafka/coordinator/group/classic/ClassicGroupMember.java,435,200,19,46,10
group-coordinator/src/main/java/org/apache/kafka/coordinator/group/classic/ClassicGroup.java,1487,805,117,105,46
group-coordinator/src/main/java/org/apache/kafka/coordinator/group/streams/StreamsCoordinatorRecordHelpers.java,408,292,6,16,21
group-coordinator/src/main/java/org/apache/kafka/coordinator/group/streams/TopicMetadata.java,48,21,6,2,2
group-coordinator/src/main/java/org/apache/kafka/coordinator/group/streams/StreamsGroupMember.java,387,289,11,50,12
group-coordinator/src/main/java/org/apache/kafka/coordinator/group/streams/StreamsGroup.java,1078,618,81,93,39
group-coordinator/src/main/java/org/apache/kafka/coordinator/group/streams/MemberState.java,74,29,6,5,2
group-coordinator/src/main/java/org/apache/kafka/coordinator/group/streams/TargetAssignmentBuilder.java,352,188,20,22,16
group-coordinator/src/main/java/org/apache/kafka/coordinator/group/streams/TopologyMetadata.java,88,35,11,6,8
group-coordinator/src/main/java/org/apache/kafka/coordinator/group/streams/StreamsGroupHeartbeatResult.java,39,12,3,2,5
group-coordinator/src/main/java/org/apache/kafka/coordinator/group/streams/StreamsTopology.java,98,44,4,5,10
group-coordinator/src/main/java/org/apache/kafka/coordinator/group/streams/CurrentAssignmentBuilder.java,450,248,38,18,9
group-coordinator/src/main/java/org/apache/kafka/coordinator/group/streams/TasksTuple.java,196,126,15,11,12
group-coordinator/src/main/java/org/apache/kafka/coordinator/group/streams/assignor/GroupSpec.java,36,6,3,0,1
group-coordinator/src/main/java/org/apache/kafka/coordinator/group/streams/assignor/MockAssignor.java,106,70,12,4,7
group-coordinator/src/main/java/org/apache/kafka/coordinator/group/streams/assignor/ProcessState.java,198,134,13,26,7
group-coordinator/src/main/java/org/apache/kafka/coordinator/group/streams/assignor/StickyTaskAssignor.java,421,327,56,26,12
group-coordinator/src/main/java/org/apache/kafka/coordinator/group/streams/assignor/TaskAssignor.java,43,8,5,0,0
group-coordinator/src/main/java/org/apache/kafka/coordinator/group/streams/assignor/TaskAssignorException.java,33,10,3,2,1
group-coordinator/src/main/java/org/apache/kafka/coordinator/group/streams/assignor/MemberAssignment.java,43,16,4,3,3
group-coordinator/src/main/java/org/apache/kafka/coordinator/group/streams/assignor/AssignmentMemberSpec.java,60,28,7,2,5
group-coordinator/src/main/java/org/apache/kafka/coordinator/group/streams/assignor/TopologyDescriber.java,54,8,9,0,2
group-coordinator/src/main/java/org/apache/kafka/coordinator/group/streams/assignor/TaskId.java,46,18,4,4,2
group-coordinator/src/main/java/org/apache/kafka/coordinator/group/streams/assignor/GroupAssignment.java,33,8,4,2,2
group-coordinator/src/main/java/org/apache/kafka/coordinator/group/streams/assignor/GroupSpecImpl.java,36,10,4,2,2
group-coordinator/src/main/java/org/apache/kafka/coordinator/group/streams/topics/CopartitionedTopicsEnforcer.java,180,108,28,8,12
group-coordinator/src/main/java/org/apache/kafka/coordinator/group/streams/topics/RepartitionTopics.java,177,110,39,8,12
group-coordinator/src/main/java/org/apache/kafka/coordinator/group/streams/topics/InternalTopicManager.java,325,256,28,11,21
group-coordinator/src/main/java/org/apache/kafka/coordinator/group/streams/topics/ConfiguredInternalTopic.java,67,34,6,3,6
group-coordinator/src/main/java/org/apache/kafka/coordinator/group/streams/topics/ConfiguredSubtopology.java,74,33,4,3,5
group-coordinator/src/main/java/org/apache/kafka/coordinator/group/streams/topics/ConfiguredTopology.java,76,37,8,4,7
group-coordinator/src/main/java/org/apache/kafka/coordinator/group/streams/topics/EndpointToPartitionsManager.java,92,68,6,4,11
group-coordinator/src/main/java/org/apache/kafka/coordinator/group/streams/topics/ChangelogTopics.java,103,55,20,6,12
group-coordinator/src/main/java/org/apache/kafka/coordinator/group/streams/topics/TopicConfigurationException.java,46,22,3,6,2
group-coordinator/src/main/java/org/apache/kafka/coordinator/group/modern/MemberAssignmentImpl.java,49,20,4,4,6
group-coordinator/src/main/java/org/apache/kafka/coordinator/group/modern/MemberState.java,78,30,6,5,3
group-coordinator/src/main/java/org/apache/kafka/coordinator/group/modern/TargetAssignmentBuilder.java,529,303,20,43,20
group-coordinator/src/main/java/org/apache/kafka/coordinator/group/modern/ModernGroupMember.java,189,78,6,23,3
group-coordinator/src/main/java/org/apache/kafka/coordinator/group/modern/UnionSet.java,218,171,30,25,6
group-coordinator/src/main/java/org/apache/kafka/coordinator/group/modern/MemberSubscriptionAndAssignmentImpl.java,104,67,8,12,7
group-coordinator/src/main/java/org/apache/kafka/coordinator/group/modern/TopicIds.java,299,203,18,39,9
group-coordinator/src/main/java/org/apache/kafka/coordinator/group/modern/Assignment.java,105,57,6,9,10
group-coordinator/src/main/java/org/apache/kafka/coordinator/group/modern/ModernGroup.java,572,266,28,50,21
group-coordinator/src/main/java/org/apache/kafka/coordinator/group/modern/GroupSpecImpl.java,162,93,14,15,10
group-coordinator/src/main/java/org/apache/kafka/coordinator/group/modern/SubscribedTopicDescriberImpl.java,99,51,10,7,9
group-coordinator/src/main/java/org/apache/kafka/coordinator/group/modern/SubscriptionCount.java,76,38,7,6,0
group-coordinator/src/main/java/org/apache/kafka/coordinator/group/modern/consumer/ResolvedRegularExpression.java,45,18,3,4,3
group-coordinator/src/main/java/org/apache/kafka/coordinator/group/modern/consumer/ConsumerGroup.java,1310,763,103,79,52
group-coordinator/src/main/java/org/apache/kafka/coordinator/group/modern/consumer/CurrentAssignmentBuilder.java,320,162,29,12,12
group-coordinator/src/main/java/org/apache/kafka/coordinator/group/modern/consumer/ConsumerGroupMember.java,524,389,28,64,18
group-coordinator/src/main/java/org/apache/kafka/coordinator/group/modern/share/ShareGroupAssignmentBuilder.java,93,30,5,6,3
group-coordinator/src/main/java/org/apache/kafka/coordinator/group/modern/share/ShareGroup.java,334,205,13,32,18
group-coordinator/src/main/java/org/apache/kafka/coordinator/group/modern/share/ShareGroupMember.java,275,214,16,32,15
group-coordinator/src/main/java/org/apache/kafka/coordinator/group/modern/share/ShareGroupConfig.java,174,22,9,49,12
group-coordinator/src/main/java/org/apache/kafka/coordinator/group/assignor/RangeSet.java,200,128,26,22,5
group-coordinator/src/main/java/org/apache/kafka/coordinator/group/assignor/UniformHeterogeneousAssignmentBuilder.java,907,385,75,40,16
group-coordinator/src/main/java/org/apache/kafka/coordinator/group/assignor/RangeAssignor.java,315,168,31,16,16
group-coordinator/src/main/java/org/apache/kafka/coordinator/group/assignor/UniformHomogeneousAssignmentBuilder.java,277,151,32,12,14
group-coordinator/src/main/java/org/apache/kafka/coordinator/group/assignor/SimpleHomogeneousAssignmentBuilder.java,418,231,51,20,14
group-coordinator/src/main/java/org/apache/kafka/coordinator/group/assignor/SimpleAssignor.java,80,31,8,4,9
group-coordinator/src/main/java/org/apache/kafka/coordinator/group/assignor/UniformAssignor.java,90,37,7,4,9
group-coordinator/src/main/java/org/apache/kafka/coordinator/group/assignor/SimpleHeterogeneousAssignmentBuilder.java,461,257,52,25,15
group-coordinator/src/main/java/org/apache/kafka/coordinator/group/assignor/AssignorHelpers.java,72,27,7,4,6
server-common/src/test/java/org/apache/kafka/deferred/DeferredEventQueueTest.java,101,74,4,5,10
server-common/src/test/java/org/apache/kafka/server/IntegrationTestUtils.java,84,55,3,7,13
server-common/src/test/java/org/apache/kafka/server/metrics/KafkaMetricsGroupTest.java,37,16,3,1,4
server-common/src/test/java/org/apache/kafka/server/metrics/KafkaYammerMetricsTest.java,99,60,3,3,5
server-common/src/test/java/org/apache/kafka/server/mutable/BoundedListTest.java,211,172,3,15,8
server-common/src/test/java/org/apache/kafka/server/immutable/DelegationChecker.java,180,112,16,24,8
server-common/src/test/java/org/apache/kafka/server/immutable/pcollections/PCollectionsImmutableSetTest.java,269,217,3,29,20
server-common/src/test/java/org/apache/kafka/server/immutable/pcollections/PCollectionsImmutableNavigableSetTest.java,422,353,3,46,21
server-common/src/test/java/org/apache/kafka/server/immutable/pcollections/PCollectionsImmutableMapTest.java,312,256,3,34,19
server-common/src/test/java/org/apache/kafka/server/record/BrokerCompressionTypeTest.java,54,30,3,1,9
server-common/src/test/java/org/apache/kafka/server/util/ShutdownableThreadTest.java,134,97,9,7,16
server-common/src/test/java/org/apache/kafka/server/util/CsvTest.java,71,43,6,2,4
server-common/src/test/java/org/apache/kafka/server/util/TranslatedValueMapViewTest.java,109,82,3,6,12
server-common/src/test/java/org/apache/kafka/server/util/FileLockTest.java,100,72,3,0,9
server-common/src/test/java/org/apache/kafka/server/util/MockTime.java,43,16,5,4,0
server-common/src/test/java/org/apache/kafka/server/util/MockScheduler.java,192,70,12,23,9
server-common/src/test/java/org/apache/kafka/server/util/FutureUtilsTest.java,126,98,4,6,16
server-common/src/test/java/org/apache/kafka/server/util/MockRandom.java,44,16,4,4,1
server-common/src/test/java/org/apache/kafka/server/util/DeadlineTest.java,70,43,3,5,9
server-common/src/test/java/org/apache/kafka/server/util/InterBrokerSendThreadTest.java,365,276,9,19,34
server-common/src/test/java/org/apache/kafka/server/util/JsonTest.java,221,175,3,22,19
server-common/src/test/java/org/apache/kafka/server/util/CommandLineUtilsTest.java,376,298,3,17,14
server-common/src/test/java/org/apache/kafka/server/util/timer/MockTimer.java,96,64,8,10,3
server-common/src/test/java/org/apache/kafka/server/util/timer/TimerTaskListTest.java,114,74,3,4,8
server-common/src/test/java/org/apache/kafka/server/util/timer/SystemTimerReaperTest.java,70,43,3,4,5
server-common/src/test/java/org/apache/kafka/server/util/timer/TimerTest.java,155,114,7,6,17
server-common/src/test/java/org/apache/kafka/server/util/timer/TimingWheelTest.java,218,157,3,9,9
server-common/src/test/java/org/apache/kafka/server/network/EndpointReadyFuturesTest.java,171,139,14,8,16
server-common/src/test/java/org/apache/kafka/server/common/ProducerIdsBlockTest.java,71,46,4,3,8
server-common/src/test/java/org/apache/kafka/server/common/MetadataVersionTestUtils.java,25,6,3,3,0
server-common/src/test/java/org/apache/kafka/server/common/KRaftVersionTest.java,131,99,15,8,6
server-common/src/test/java/org/apache/kafka/server/common/FinalizedFeaturesTest.java,57,31,3,2,6
server-common/src/test/java/org/apache/kafka/server/common/FeatureTest.java,305,255,19,18,11
server-common/src/test/java/org/apache/kafka/server/common/MetadataVersionTest.java,276,213,14,17,8
server-common/src/test/java/org/apache/kafka/server/quota/QuotaUtilsTest.java,143,96,3,16,15
server-common/src/test/java/org/apache/kafka/server/fault/LoggingFaultHandlerTest.java,57,25,3,2,3
server-common/src/test/java/org/apache/kafka/server/fault/MockFaultHandler.java,69,39,7,9,2
server-common/src/test/java/org/apache/kafka/server/fault/ProcessTerminatingFaultHandlerTest.java,89,59,3,3,8
server-common/src/test/java/org/apache/kafka/server/purgatory/DelayedOperationTest.java,329,260,17,36,22
server-common/src/test/java/org/apache/kafka/server/share/persister/DefaultStatePersisterTest.java,1745,1429,44,41,44
server-common/src/test/java/org/apache/kafka/server/share/persister/PersisterStateManagerTest.java,4562,3635,195,89,56
server-common/src/test/java/org/apache/kafka/common/DirectoryIdTest.java,89,62,3,0,8
server-common/src/test/java/org/apache/kafka/queue/KafkaEventQueueTest.java,427,368,7,33,24
server-common/src/test/java/org/apache/kafka/timeline/BaseHashTableTest.java,146,115,7,8,7
server-common/src/test/java/org/apache/kafka/timeline/TimelineObjectTest.java,90,62,3,4,5
server-common/src/test/java/org/apache/kafka/timeline/TimelineLongTest.java,91,63,3,4,5
server-common/src/test/java/org/apache/kafka/timeline/SnapshottableHashTableTest.java,315,246,15,23,15
server-common/src/test/java/org/apache/kafka/timeline/TimelineHashMapTest.java,115,87,4,5,13
server-common/src/test/java/org/apache/kafka/timeline/SnapshotRegistryTest.java,120,89,4,8,8
server-common/src/test/java/org/apache/kafka/timeline/TimelineIntegerTest.java,91,63,3,4,5
server-common/src/test/java/org/apache/kafka/timeline/TrackingSnapshotRegistry.java,56,30,4,6,3
server-common/src/test/java/org/apache/kafka/timeline/TimelineHashSetTest.java,106,79,3,5,9
server-common/src/test/java/org/apache/kafka/metadata/AssignmentsHelperTest.java,95,71,3,6,8
server-common/src/main/java/org/apache/kafka/config/BrokerReconfigurable.java,68,8,4,0,2
server-common/src/main/java/org/apache/kafka/security/CredentialProvider.java,54,32,4,5,6
server-common/src/main/java/org/apache/kafka/deferred/DeferredEvent.java,31,4,4,0,0
server-common/src/main/java/org/apache/kafka/deferred/DeferredEventQueue.java,124,69,15,7,8
server-common/src/main/java/org/apache/kafka/server/metrics/KafkaYammerMetrics.java,183,132,15,14,16
server-common/src/main/java/org/apache/kafka/server/metrics/FilteringJmxReporter.java,57,32,5,4,5
server-common/src/main/java/org/apache/kafka/server/metrics/KafkaMetricsGroup.java,174,118,7,23,12
server-common/src/main/java/org/apache/kafka/server/mutable/BoundedListTooLongException.java,33,10,3,3,0
server-common/src/main/java/org/apache/kafka/server/mutable/BoundedList.java,211,155,10,31,6
server-common/src/main/java/org/apache/kafka/server/immutable/ImmutableSet.java,60,13,5,0,2
server-common/src/main/java/org/apache/kafka/server/immutable/ImmutableNavigableSet.java,59,13,5,0,2
server-common/src/main/java/org/apache/kafka/server/immutable/ImmutableMap.java,64,13,5,0,2
server-common/src/main/java/org/apache/kafka/server/immutable/pcollections/PCollectionsImmutableSet.java,189,124,13,27,10
server-common/src/main/java/org/apache/kafka/server/immutable/pcollections/PCollectionsImmutableNavigableSet.java,276,192,6,44,10
server-common/src/main/java/org/apache/kafka/server/immutable/pcollections/PCollectionsImmutableMap.java,224,144,19,32,10
server-common/src/main/java/org/apache/kafka/server/record/BrokerCompressionType.java,57,32,3,6,6
server-common/src/main/java/org/apache/kafka/server/util/RequestAndCompletionHandler.java,51,30,3,6,3
server-common/src/main/java/org/apache/kafka/server/util/Json.java,108,47,13,9,7
server-common/src/main/java/org/apache/kafka/server/util/Scheduler.java,59,14,4,0,1
server-common/src/main/java/org/apache/kafka/server/util/CommandLineUtils.java,279,187,40,17,15
server-common/src/main/java/org/apache/kafka/server/util/ThroughputThrottler.java,138,67,19,12,0
server-common/src/main/java/org/apache/kafka/server/util/TranslatedValueMapView.java,116,76,6,15,7
server-common/src/main/java/org/apache/kafka/server/util/ShutdownableThread.java,155,93,16,20,6
server-common/src/main/java/org/apache/kafka/server/util/InterBrokerSendThread.java,258,202,20,18,20
server-common/src/main/java/org/apache/kafka/server/util/FileLock.java,102,52,12,11,7
server-common/src/main/java/org/apache/kafka/server/util/FutureUtils.java,147,76,14,5,10
server-common/src/main/java/org/apache/kafka/server/util/KafkaScheduler.java,194,137,17,24,8
server-common/src/main/java/org/apache/kafka/server/util/CommandDefaultOptions.java,41,21,3,7,3
server-common/src/main/java/org/apache/kafka/server/util/Deadline.java,72,46,6,7,4
server-common/src/main/java/org/apache/kafka/server/util/LockUtils.java,84,33,10,2,2
server-common/src/main/java/org/apache/kafka/server/util/Csv.java,55,25,6,2,4
server-common/src/main/java/org/apache/kafka/server/util/timer/SystemTimerReaper.java,84,49,5,10,1
server-common/src/main/java/org/apache/kafka/server/util/timer/TimerTaskList.java,131,93,10,12,6
server-common/src/main/java/org/apache/kafka/server/util/timer/TimerTaskEntry.java,54,28,6,5,0
server-common/src/main/java/org/apache/kafka/server/util/timer/Timer.java,41,6,3,0,0
server-common/src/main/java/org/apache/kafka/server/util/timer/TimerTask.java,54,28,6,5,0
server-common/src/main/java/org/apache/kafka/server/util/timer/TimingWheel.java,195,74,25,11,2
server-common/src/main/java/org/apache/kafka/server/util/timer/SystemTimer.java,121,84,10,15,9
server-common/src/main/java/org/apache/kafka/server/util/json/JsonArray.java,67,41,4,6,8
server-common/src/main/java/org/apache/kafka/server/util/json/JsonValue.java,128,72,11,5,5
server-common/src/main/java/org/apache/kafka/server/util/json/JsonObject.java,63,36,4,7,4
server-common/src/main/java/org/apache/kafka/server/util/json/DecodeJson.java,125,91,14,5,8
server-common/src/main/java/org/apache/kafka/server/config/ConfigType.java,40,17,3,3,0
server-common/src/main/java/org/apache/kafka/server/config/ConfigSynonym.java,77,44,8,10,4
server-common/src/main/java/org/apache/kafka/server/config/ServerConfigs.java,161,20,16,54,18
server-common/src/main/java/org/apache/kafka/server/config/ServerLogConfigs.java,163,110,14,86,4
server-common/src/main/java/org/apache/kafka/server/config/ServerTopicConfigSynonyms.java,141,86,6,12,8
server-common/src/main/java/org/apache/kafka/server/config/QuotaConfig.java,254,178,38,68,9
server-common/src/main/java/org/apache/kafka/server/network/ConnectionDisconnectListener.java,36,4,5,0,0
server-common/src/main/java/org/apache/kafka/server/network/KafkaAuthorizerServerInfo.java,108,75,8,14,7
server-common/src/main/java/org/apache/kafka/server/network/EndpointReadyFutures.java,214,152,20,10,15
server-common/src/main/java/org/apache/kafka/server/network/BrokerEndPoint.java,27,2,3,1,0
server-common/src/main/java/org/apache/kafka/server/storage/log/FetchPartitionData.java,58,38,3,10,7
server-common/src/main/java/org/apache/kafka/server/storage/log/UnexpectedAppendOffsetException.java,35,10,3,3,0
server-common/src/main/java/org/apache/kafka/server/storage/log/FetchIsolation.java,40,20,5,3,2
server-common/src/main/java/org/apache/kafka/server/storage/log/FetchParams.java,124,95,13,17,5
server-common/src/main/java/org/apache/kafka/server/common/UnitTestFeatureVersion.java,360,244,5,80,1
server-common/src/main/java/org/apache/kafka/server/common/TopicIdPartition.java,34,11,3,2,1
server-common/src/main/java/org/apache/kafka/server/common/DirectoryEventHandler.java,46,10,3,0,1
server-common/src/main/java/org/apache/kafka/server/common/TestFeatureVersion.java,58,30,3,10,1
server-common/src/main/java/org/apache/kafka/server/common/GroupVersion.java,81,49,5,12,1
server-common/src/main/java/org/apache/kafka/server/common/NodeToControllerChannelManager.java,39,14,3,0,3
server-common/src/main/java/org/apache/kafka/server/common/KRaftVersion.java,119,83,10,16,1
server-common/src/main/java/org/apache/kafka/server/common/ControllerRequestCompletionHandler.java,30,5,3,0,1
server-common/src/main/java/org/apache/kafka/server/common/FinalizedFeatures.java,64,44,5,4,3
server-common/src/main/java/org/apache/kafka/server/common/StreamsVersion.java,83,46,5,12,1
server-common/src/main/java/org/apache/kafka/server/common/OffsetAndEpoch.java,26,9,4,2,0
server-common/src/main/java/org/apache/kafka/server/common/FeatureVersion.java,57,8,6,0,1
server-common/src/main/java/org/apache/kafka/server/common/StopPartition.java,65,38,8,8,2
server-common/src/main/java/org/apache/kafka/server/common/ShareVersion.java,82,49,5,12,1
server-common/src/main/java/org/apache/kafka/server/common/RequestLocal.java,72,12,6,10,2
server-common/src/main/java/org/apache/kafka/server/common/ProducerIdsBlock.java,114,59,9,16,3
server-common/src/main/java/org/apache/kafka/server/common/ApiMessageAndVersion.java,62,33,6,8,2
server-common/src/main/java/org/apache/kafka/server/common/EligibleLeaderReplicasVersion.java,77,46,5,11,1
server-common/src/main/java/org/apache/kafka/server/common/CheckpointFile.java,213,137,15,21,16
server-common/src/main/java/org/apache/kafka/server/common/TransactionVersion.java,94,54,3,15,3
server-common/src/main/java/org/apache/kafka/server/common/MetadataVersion.java,422,241,53,39,5
server-common/src/main/java/org/apache/kafka/server/common/Feature.java,323,185,37,22,6
server-common/src/main/java/org/apache/kafka/server/common/serialization/AbstractApiMessageSerde.java,120,72,17,7,6
server-common/src/main/java/org/apache/kafka/server/common/serialization/MetadataParseException.java,36,13,3,4,0
server-common/src/main/java/org/apache/kafka/server/common/serialization/RecordSerde.java,58,9,4,0,3
server-common/src/main/java/org/apache/kafka/server/common/serialization/BytesApiMessageSerde.java,68,27,8,5,6
server-common/src/main/java/org/apache/kafka/server/quota/QuotaType.java,50,29,7,4,0
server-common/src/main/java/org/apache/kafka/server/quota/QuotaUtils.java,79,26,7,4,5
server-common/src/main/java/org/apache/kafka/server/quota/SensorAccess.java,83,35,10,4,4
server-common/src/main/java/org/apache/kafka/server/fault/LoggingFaultHandler.java,54,29,5,5,2
server-common/src/main/java/org/apache/kafka/server/fault/FaultHandlerException.java,39,12,4,2,0
server-common/src/main/java/org/apache/kafka/server/fault/FaultHandler.java,45,7,3,0,0
server-common/src/main/java/org/apache/kafka/server/fault/ProcessTerminatingFaultHandler.java,98,49,7,10,4
server-common/src/main/java/org/apache/kafka/server/purgatory/DelayedOperationPurgatory.java,423,239,48,34,16
server-common/src/main/java/org/apache/kafka/server/purgatory/DelayedOperationKey.java,25,4,4,0,0
server-common/src/main/java/org/apache/kafka/server/purgatory/TopicPartitionOperationKey.java,62,33,6,8,3
server-common/src/main/java/org/apache/kafka/server/purgatory/DelayedOperation.java,155,64,21,9,2
server-common/src/main/java/org/apache/kafka/server/share/SharePartitionKey.java,154,97,13,18,4
server-common/src/main/java/org/apache/kafka/server/share/persister/ReadShareGroupStateParameters.java,66,36,4,8,2
server-common/src/main/java/org/apache/kafka/server/share/persister/ShareCoordinatorMetadataCacheHelper.java,31,9,3,0,3
server-common/src/main/java/org/apache/kafka/server/share/persister/PersisterStateBatch.java,136,81,14,15,3
server-common/src/main/java/org/apache/kafka/server/share/persister/InitializeShareGroupStateParameters.java,65,35,4,8,1
server-common/src/main/java/org/apache/kafka/server/share/persister/PartitionFactory.java,61,31,4,12,2
server-common/src/main/java/org/apache/kafka/server/share/persister/WriteShareGroupStateResult.java,62,33,3,7,3
server-common/src/main/java/org/apache/kafka/server/share/persister/PartitionData.java,157,114,13,33,2
server-common/src/main/java/org/apache/kafka/server/share/persister/PartitionAllData.java,36,9,4,0,1
server-common/src/main/java/org/apache/kafka/server/share/persister/TopicData.java,67,36,7,8,3
server-common/src/main/java/org/apache/kafka/server/share/persister/Persister.java,73,10,4,0,1
server-common/src/main/java/org/apache/kafka/server/share/persister/PartitionErrorData.java,28,5,4,0,0
server-common/src/main/java/org/apache/kafka/server/share/persister/ReadShareGroupStateResult.java,72,42,3,7,3
server-common/src/main/java/org/apache/kafka/server/share/persister/PartitionIdLeaderEpochData.java,26,4,4,0,0
server-common/src/main/java/org/apache/kafka/server/share/persister/ReadShareGroupStateSummaryParameters.java,74,43,5,9,3
server-common/src/main/java/org/apache/kafka/server/share/persister/PersisterResult.java,24,3,4,0,0
server-common/src/main/java/org/apache/kafka/server/share/persister/PartitionInfoData.java,25,3,4,0,0
server-common/src/main/java/org/apache/kafka/server/share/persister/PartitionIdData.java,26,4,4,0,0
server-common/src/main/java/org/apache/kafka/server/share/persister/PersisterStateManager.java,1567,1192,157,133,62
server-common/src/main/java/org/apache/kafka/server/share/persister/WriteShareGroupStateParameters.java,70,40,4,8,2
server-common/src/main/java/org/apache/kafka/server/share/persister/DeleteShareGroupStateResult.java,65,35,3,8,3
server-common/src/main/java/org/apache/kafka/server/share/persister/InitializeShareGroupStateResult.java,87,56,3,9,6
server-common/src/main/java/org/apache/kafka/server/share/persister/NoOpStatePersister.java,106,70,8,7,4
server-common/src/main/java/org/apache/kafka/server/share/persister/PartitionStateErrorData.java,32,7,4,0,0
server-common/src/main/java/org/apache/kafka/server/share/persister/DeleteShareGroupStateParameters.java,80,48,5,10,4
server-common/src/main/java/org/apache/kafka/server/share/persister/PersisterParameters.java,24,3,4,0,0
server-common/src/main/java/org/apache/kafka/server/share/persister/DefaultStatePersister.java,656,488,59,16,14
server-common/src/main/java/org/apache/kafka/server/share/persister/PartitionStateSummaryData.java,34,8,4,0,0
server-common/src/main/java/org/apache/kafka/server/share/persister/ReadShareGroupStateSummaryResult.java,64,35,3,7,3
server-common/src/main/java/org/apache/kafka/server/share/persister/PartitionStateData.java,28,5,4,0,0
server-common/src/main/java/org/apache/kafka/server/share/persister/GroupTopicPartitionData.java,90,55,7,14,2
server-common/src/main/java/org/apache/kafka/server/share/persister/PartitionStateBatchData.java,34,8,4,0,1
server-common/src/main/java/org/apache/kafka/common/ClientIdAndBroker.java,38,15,4,5,0
server-common/src/main/java/org/apache/kafka/common/DirectoryId.java,144,60,23,10,5
server-common/src/main/java/org/apache/kafka/queue/EventQueue.java,228,83,19,12,2
server-common/src/main/java/org/apache/kafka/queue/KafkaEventQueue.java,554,383,64,33,16
server-common/src/main/java/org/apache/kafka/timeline/Revertable.java,37,5,4,0,0
server-common/src/main/java/org/apache/kafka/timeline/TimelineHashMap.java,405,305,23,61,7
server-common/src/main/java/org/apache/kafka/timeline/TimelineInteger.java,121,78,9,16,1
server-common/src/main/java/org/apache/kafka/timeline/TimelineLong.java,121,78,9,16,1
server-common/src/main/java/org/apache/kafka/timeline/SnapshotRegistry.java,370,199,21,25,8
server-common/src/main/java/org/apache/kafka/timeline/BaseHashTable.java,258,183,36,5,2
server-common/src/main/java/org/apache/kafka/timeline/TimelineObject.java,120,80,9,14,2
server-common/src/main/java/org/apache/kafka/timeline/Snapshot.java,102,59,9,4,3
server-common/src/main/java/org/apache/kafka/timeline/Delta.java,31,4,3,0,0
server-common/src/main/java/org/apache/kafka/timeline/TimelineHashSet.java,254,195,22,31,4
server-common/src/main/java/org/apache/kafka/timeline/SnapshottableHashTable.java,443,280,66,22,4
server-common/src/main/java/org/apache/kafka/metadata/AssignmentsHelper.java,118,80,12,4,9
trogdor/src/test/java/org/apache/kafka/trogdor/coordinator/CoordinatorClientTest.java,79,55,3,1,10
trogdor/src/test/java/org/apache/kafka/trogdor/coordinator/CoordinatorTest.java,719,615,10,21,46
trogdor/src/test/java/org/apache/kafka/trogdor/basic/BasicPlatformTest.java,64,41,3,1,9
trogdor/src/test/java/org/apache/kafka/trogdor/agent/AgentTest.java,489,414,7,20,49
trogdor/src/test/java/org/apache/kafka/trogdor/common/JsonUtilTest.java,67,41,3,2,10
trogdor/src/test/java/org/apache/kafka/trogdor/common/StringExpanderTest.java,73,45,3,2,4
trogdor/src/test/java/org/apache/kafka/trogdor/common/ExpectedTasks.java,208,168,22,23,17
trogdor/src/test/java/org/apache/kafka/trogdor/common/MiniTrogdorCluster.java,290,221,27,23,24
trogdor/src/test/java/org/apache/kafka/trogdor/common/JsonSerializationTest.java,86,63,5,2,21
trogdor/src/test/java/org/apache/kafka/trogdor/common/WorkerUtilsTest.java,331,265,4,28,23
trogdor/src/test/java/org/apache/kafka/trogdor/common/StringFormatterTest.java,60,36,3,3,7
trogdor/src/test/java/org/apache/kafka/trogdor/common/TopologyTest.java,64,41,6,1,13
trogdor/src/test/java/org/apache/kafka/trogdor/common/CapturingCommandRunner.java,59,34,4,5,8
trogdor/src/test/java/org/apache/kafka/trogdor/task/SampleTaskSpec.java,58,33,3,7,3
trogdor/src/test/java/org/apache/kafka/trogdor/task/SampleTaskWorker.java,69,44,5,6,8
trogdor/src/test/java/org/apache/kafka/trogdor/task/SampleTaskController.java,29,9,3,1,2
trogdor/src/test/java/org/apache/kafka/trogdor/task/TaskSpecTest.java,49,26,3,1,6
trogdor/src/test/java/org/apache/kafka/trogdor/workload/ThrottleTest.java,73,44,3,3,6
trogdor/src/test/java/org/apache/kafka/trogdor/workload/ExternalCommandWorkerTest.java,190,138,12,9,20
trogdor/src/test/java/org/apache/kafka/trogdor/workload/ConsumeBenchSpecTest.java,74,46,4,4,10
trogdor/src/test/java/org/apache/kafka/trogdor/workload/TopicsSpecTest.java,88,58,3,6,8
trogdor/src/test/java/org/apache/kafka/trogdor/workload/ShareConsumeBenchSpecTest.java,67,40,4,4,8
trogdor/src/test/java/org/apache/kafka/trogdor/workload/HistogramTest.java,85,57,4,4,2
trogdor/src/test/java/org/apache/kafka/trogdor/workload/TimeIntervalTransactionsGeneratorTest.java,43,21,3,1,3
trogdor/src/test/java/org/apache/kafka/trogdor/workload/PayloadGeneratorTest.java,237,192,13,11,10
trogdor/src/test/java/org/apache/kafka/trogdor/rest/RestExceptionMapperTest.java,111,78,3,11,11
trogdor/src/main/java/org/apache/kafka/trogdor/coordinator/TaskManager.java,704,479,80,50,43
trogdor/src/main/java/org/apache/kafka/trogdor/coordinator/Coordinator.java,183,121,8,17,21
trogdor/src/main/java/org/apache/kafka/trogdor/coordinator/NodeManager.java,388,237,36,31,23
trogdor/src/main/java/org/apache/kafka/trogdor/coordinator/CoordinatorRestResource.java,155,109,10,12,29
trogdor/src/main/java/org/apache/kafka/trogdor/coordinator/CoordinatorClient.java,513,453,45,26,47
trogdor/src/main/java/org/apache/kafka/trogdor/basic/BasicTopology.java,59,34,5,5,6
trogdor/src/main/java/org/apache/kafka/trogdor/basic/BasicPlatform.java,116,81,7,13,9
trogdor/src/main/java/org/apache/kafka/trogdor/basic/BasicNode.java,109,80,13,12,8
trogdor/src/main/java/org/apache/kafka/trogdor/agent/AgentClient.java,324,266,18,25,31
trogdor/src/main/java/org/apache/kafka/trogdor/agent/AgentRestResource.java,111,71,8,10,18
trogdor/src/main/java/org/apache/kafka/trogdor/agent/Agent.java,272,182,18,18,24
trogdor/src/main/java/org/apache/kafka/trogdor/agent/WorkerManager.java,698,498,67,54,31
trogdor/src/main/java/org/apache/kafka/trogdor/common/JsonUtil.java,97,50,12,4,8
trogdor/src/main/java/org/apache/kafka/trogdor/common/Node.java,68,26,8,3,3
trogdor/src/main/java/org/apache/kafka/trogdor/common/Topology.java,53,20,5,1,4
trogdor/src/main/java/org/apache/kafka/trogdor/common/WorkerUtils.java,347,218,41,10,29
trogdor/src/main/java/org/apache/kafka/trogdor/common/StringFormatter.java,111,65,14,3,6
trogdor/src/main/java/org/apache/kafka/trogdor/common/Platform.java,88,33,6,5,5
trogdor/src/main/java/org/apache/kafka/trogdor/common/StringExpander.java,56,30,7,2,3
trogdor/src/main/java/org/apache/kafka/trogdor/task/AgentWorkerStatusTracker.java,43,16,3,3,2
trogdor/src/main/java/org/apache/kafka/trogdor/task/TaskController.java,36,6,3,0,2
trogdor/src/main/java/org/apache/kafka/trogdor/task/NoOpTaskController.java,33,11,3,2,2
trogdor/src/main/java/org/apache/kafka/trogdor/task/NoOpTaskSpec.java,44,18,4,3,2
trogdor/src/main/java/org/apache/kafka/trogdor/task/TaskSpec.java,116,47,6,13,5
trogdor/src/main/java/org/apache/kafka/trogdor/task/TaskWorker.java,76,8,8,0,2
trogdor/src/main/java/org/apache/kafka/trogdor/task/WorkerStatusTracker.java,32,5,3,0,1
trogdor/src/main/java/org/apache/kafka/trogdor/task/NoOpTaskWorker.java,52,26,3,6,5
trogdor/src/main/java/org/apache/kafka/trogdor/workload/ShareConsumeBenchSpec.java,220,129,12,28,13
trogdor/src/main/java/org/apache/kafka/trogdor/workload/ShareConsumeBenchWorker.java,498,406,23,57,35
trogdor/src/main/java/org/apache/kafka/trogdor/workload/ThroughputGenerator.java,43,11,5,0,2
trogdor/src/main/java/org/apache/kafka/trogdor/workload/SustainedConnectionSpec.java,197,121,5,31,7
trogdor/src/main/java/org/apache/kafka/trogdor/workload/GaussianThroughputGenerator.java,154,75,12,16,4
trogdor/src/main/java/org/apache/kafka/trogdor/workload/ExternalCommandSpec.java,114,55,3,11,10
trogdor/src/main/java/org/apache/kafka/trogdor/workload/ShareRoundTripWorkloadSpec.java,48,26,3,2,4
trogdor/src/main/java/org/apache/kafka/trogdor/workload/PartitionsSpec.java,121,89,12,13,9
trogdor/src/main/java/org/apache/kafka/trogdor/workload/ConnectionStressWorker.java,321,258,15,33,41
trogdor/src/main/java/org/apache/kafka/trogdor/workload/RoundTripWorkerBase.java,462,370,35,38,44
trogdor/src/main/java/org/apache/kafka/trogdor/workload/TransactionGenerator.java,42,14,3,0,2
trogdor/src/main/java/org/apache/kafka/trogdor/workload/ConsumeBenchWorker.java,566,465,29,60,38
trogdor/src/main/java/org/apache/kafka/trogdor/workload/ConstantFlushGenerator.java,74,28,7,5,4
trogdor/src/main/java/org/apache/kafka/trogdor/workload/TimestampRecordProcessor.java,163,104,5,21,11
trogdor/src/main/java/org/apache/kafka/trogdor/workload/PayloadGenerator.java,51,18,3,0,2
trogdor/src/main/java/org/apache/kafka/trogdor/workload/GaussianTimestampConstantPayloadGenerator.java,126,60,5,14,6
trogdor/src/main/java/org/apache/kafka/trogdor/workload/ConfigurableProducerWorker.java,322,249,19,36,32
trogdor/src/main/java/org/apache/kafka/trogdor/workload/TimestampConstantPayloadGenerator.java,79,32,5,5,5
trogdor/src/main/java/org/apache/kafka/trogdor/workload/RandomComponentPayloadGenerator.java,114,56,9,7,5
trogdor/src/main/java/org/apache/kafka/trogdor/workload/ConsumeBenchSpec.java,248,144,18,27,16
trogdor/src/main/java/org/apache/kafka/trogdor/workload/TopicsSpec.java,88,40,5,8,7
trogdor/src/main/java/org/apache/kafka/trogdor/workload/TimeIntervalTransactionsGenerator.java,68,38,6,7,3
trogdor/src/main/java/org/apache/kafka/trogdor/workload/Throttle.java,70,46,7,9,1
trogdor/src/main/java/org/apache/kafka/trogdor/workload/RandomComponent.java,34,11,3,2,2
trogdor/src/main/java/org/apache/kafka/trogdor/workload/RoundTripWorker.java,67,41,3,3,10
trogdor/src/main/java/org/apache/kafka/trogdor/workload/FlushGenerator.java,44,12,4,0,3
trogdor/src/main/java/org/apache/kafka/trogdor/workload/UniformTransactionsGenerator.java,57,30,6,5,2
trogdor/src/main/java/org/apache/kafka/trogdor/workload/GaussianFlushGenerator.java,102,43,7,10,5
trogdor/src/main/java/org/apache/kafka/trogdor/workload/RoundTripWorkloadSpec.java,133,95,4,23,7
trogdor/src/main/java/org/apache/kafka/trogdor/workload/ConnectionStressSpec.java,104,69,4,15,8
trogdor/src/main/java/org/apache/kafka/trogdor/workload/ConstantThroughputGenerator.java,112,54,13,9,3
trogdor/src/main/java/org/apache/kafka/trogdor/workload/RecordProcessor.java,36,13,4,0,4
trogdor/src/main/java/org/apache/kafka/trogdor/workload/SequentialPayloadGenerator.java,65,34,3,7,4
trogdor/src/main/java/org/apache/kafka/trogdor/workload/SustainedConnectionWorker.java,532,395,33,69,39
trogdor/src/main/java/org/apache/kafka/trogdor/workload/ConstantPayloadGenerator.java,54,29,5,6,2
trogdor/src/main/java/org/apache/kafka/trogdor/workload/PayloadIterator.java,55,27,3,8,1
trogdor/src/main/java/org/apache/kafka/trogdor/workload/NullPayloadGenerator.java,33,11,3,2,1
trogdor/src/main/java/org/apache/kafka/trogdor/workload/ProduceBenchWorker.java,423,341,31,47,36
trogdor/src/main/java/org/apache/kafka/trogdor/workload/ProduceBenchSpec.java,195,126,4,31,8
trogdor/src/main/java/org/apache/kafka/trogdor/workload/ShareRoundTripWorker.java,105,76,6,5,23
trogdor/src/main/java/org/apache/kafka/trogdor/workload/Histogram.java,201,123,20,17,2
trogdor/src/main/java/org/apache/kafka/trogdor/workload/TimestampRandomPayloadGenerator.java,103,49,6,9,6
trogdor/src/main/java/org/apache/kafka/trogdor/workload/UniformRandomPayloadGenerator.java,89,54,7,11,3
trogdor/src/main/java/org/apache/kafka/trogdor/workload/GaussianTimestampRandomPayloadGenerator.java,128,61,5,14,6
trogdor/src/main/java/org/apache/kafka/trogdor/workload/ExternalCommandWorker.java,398,281,37,28,25
trogdor/src/main/java/org/apache/kafka/trogdor/workload/ConfigurableProducerSpec.java,216,101,7,25,8
trogdor/src/main/java/org/apache/kafka/trogdor/fault/KiboshFaultController.java,36,14,3,3,3
trogdor/src/main/java/org/apache/kafka/trogdor/fault/ProcessStopFaultController.java,36,14,3,3,3
trogdor/src/main/java/org/apache/kafka/trogdor/fault/FilesUnreadableFaultSpec.java,84,53,4,11,8
trogdor/src/main/java/org/apache/kafka/trogdor/fault/NetworkPartitionFaultSpec.java,76,47,7,6,9
trogdor/src/main/java/org/apache/kafka/trogdor/fault/DegradedNetworkFaultWorker.java,175,113,21,14,18
trogdor/src/main/java/org/apache/kafka/trogdor/fault/Kibosh.java,197,141,12,23,13
trogdor/src/main/java/org/apache/kafka/trogdor/fault/KiboshFaultWorker.java,65,37,3,8,8
trogdor/src/main/java/org/apache/kafka/trogdor/fault/NetworkPartitionFaultController.java,42,20,4,3,5
trogdor/src/main/java/org/apache/kafka/trogdor/fault/NetworkPartitionFaultWorker.java,87,58,6,8,13
trogdor/src/main/java/org/apache/kafka/trogdor/fault/DegradedNetworkFaultSpec.java,94,62,3,13,6
trogdor/src/main/java/org/apache/kafka/trogdor/fault/ProcessStopFaultSpec.java,67,38,4,7,8
trogdor/src/main/java/org/apache/kafka/trogdor/fault/ProcessStopFaultWorker.java,91,62,8,8,10
trogdor/src/main/java/org/apache/kafka/trogdor/rest/Message.java,41,19,5,3,2
trogdor/src/main/java/org/apache/kafka/trogdor/rest/RequestConflictException.java,33,10,3,3,0
trogdor/src/main/java/org/apache/kafka/trogdor/rest/UptimeResponse.java,47,21,3,5,2
trogdor/src/main/java/org/apache/kafka/trogdor/rest/TaskStateType.java,39,16,3,2,1
trogdor/src/main/java/org/apache/kafka/trogdor/rest/TaskPending.java,39,15,4,2,4
trogdor/src/main/java/org/apache/kafka/trogdor/rest/WorkerReceiving.java,42,17,3,2,5
trogdor/src/main/java/org/apache/kafka/trogdor/rest/RestExceptionMapper.java,80,56,16,4,9
trogdor/src/main/java/org/apache/kafka/trogdor/rest/DestroyWorkerRequest.java,38,14,3,3,2
trogdor/src/main/java/org/apache/kafka/trogdor/rest/WorkerRunning.java,68,33,4,6,5
trogdor/src/main/java/org/apache/kafka/trogdor/rest/TaskState.java,59,31,3,6,6
trogdor/src/main/java/org/apache/kafka/trogdor/rest/WorkerStopping.java,73,37,4,7,5
trogdor/src/main/java/org/apache/kafka/trogdor/rest/CoordinatorShutdownRequest.java,38,14,3,3,2
trogdor/src/main/java/org/apache/kafka/trogdor/rest/AgentStatusResponse.java,48,22,3,5,3
trogdor/src/main/java/org/apache/kafka/trogdor/rest/JsonRestServer.java,297,180,29,17,29
trogdor/src/main/java/org/apache/kafka/trogdor/rest/WorkerDone.java,92,47,4,10,5
trogdor/src/main/java/org/apache/kafka/trogdor/rest/StopWorkerRequest.java,38,14,3,3,2
trogdor/src/main/java/org/apache/kafka/trogdor/rest/TasksRequest.java,139,73,13,14,5
trogdor/src/main/java/org/apache/kafka/trogdor/rest/DestroyTaskRequest.java,38,14,3,3,2
trogdor/src/main/java/org/apache/kafka/trogdor/rest/TaskRequest.java,31,9,3,2,2
trogdor/src/main/java/org/apache/kafka/trogdor/rest/WorkerState.java,75,44,3,10,6
trogdor/src/main/java/org/apache/kafka/trogdor/rest/TaskStopping.java,52,23,4,4,4
trogdor/src/main/java/org/apache/kafka/trogdor/rest/CreateTaskRequest.java,48,22,3,5,3
trogdor/src/main/java/org/apache/kafka/trogdor/rest/StopTaskRequest.java,38,14,3,3,2
trogdor/src/main/java/org/apache/kafka/trogdor/rest/TaskRunning.java,52,23,4,4,4
trogdor/src/main/java/org/apache/kafka/trogdor/rest/CoordinatorStatusResponse.java,38,14,3,3,2
trogdor/src/main/java/org/apache/kafka/trogdor/rest/CreateWorkerRequest.java,56,29,3,7,3
trogdor/src/main/java/org/apache/kafka/trogdor/rest/WorkerStarting.java,41,17,3,2,5
trogdor/src/main/java/org/apache/kafka/trogdor/rest/TaskDone.java,87,44,5,10,4
trogdor/src/main/java/org/apache/kafka/trogdor/rest/ErrorResponse.java,52,26,3,5,3
trogdor/src/main/java/org/apache/kafka/trogdor/rest/TasksResponse.java,41,16,3,3,4
trogdor/src/main/java/org/apache/kafka/trogdor/rest/Empty.java,49,22,5,5,2
shell/src/test/java/org/apache/kafka/shell/MetadataShellIntegrationTest.java,128,96,9,5,18
shell/src/test/java/org/apache/kafka/shell/glob/GlobComponentTest.java,75,52,3,4,6
shell/src/test/java/org/apache/kafka/shell/glob/GlobVisitorTest.java,196,156,7,16,14
shell/src/test/java/org/apache/kafka/shell/command/CommandTest.java,68,45,3,3,5
shell/src/test/java/org/apache/kafka/shell/command/CommandUtilsTest.java,51,23,3,2,5
shell/src/test/java/org/apache/kafka/shell/command/LsCommandHandlerTest.java,96,72,3,3,11
shell/src/main/java/org/apache/kafka/shell/MetadataShell.java,250,187,16,18,27
shell/src/main/java/org/apache/kafka/shell/InteractiveShell.java,171,134,15,15,23
shell/src/main/java/org/apache/kafka/shell/state/MetadataShellPublisher.java,59,31,3,6,7
shell/src/main/java/org/apache/kafka/shell/state/MetadataShellState.java,57,28,3,8,4
shell/src/main/java/org/apache/kafka/shell/glob/GlobVisitor.java,156,122,18,13,9
shell/src/main/java/org/apache/kafka/shell/glob/GlobComponent.java,160,116,27,9,3
shell/src/main/java/org/apache/kafka/shell/command/LsCommandHandler.java,300,246,30,21,17
shell/src/main/java/org/apache/kafka/shell/command/HelpCommandHandler.java,96,59,3,11,8
shell/src/main/java/org/apache/kafka/shell/command/ManCommandHandler.java,116,79,7,13,9
shell/src/main/java/org/apache/kafka/shell/command/PwdCommandHandler.java,95,58,3,11,8
shell/src/main/java/org/apache/kafka/shell/command/NoOpCommandHandler.java,47,22,3,3,4
shell/src/main/java/org/apache/kafka/shell/command/CdCommandHandler.java,118,81,7,13,9
shell/src/main/java/org/apache/kafka/shell/command/CatCommandHandler.java,127,89,7,14,14
shell/src/main/java/org/apache/kafka/shell/command/Commands.java,163,105,16,4,17
shell/src/main/java/org/apache/kafka/shell/command/ExitCommandHandler.java,96,59,3,11,9
shell/src/main/java/org/apache/kafka/shell/command/TreeCommandHandler.java,123,85,6,14,14
shell/src/main/java/org/apache/kafka/shell/command/FindCommandHandler.java,133,95,10,14,12
shell/src/main/java/org/apache/kafka/shell/command/CommandUtils.java,153,98,22,5,6
shell/src/main/java/org/apache/kafka/shell/command/ErroneousCommandHandler.java,61,33,4,6,5
shell/src/main/java/org/apache/kafka/shell/command/HistoryCommandHandler.java,116,78,6,13,10
shell/src/main/java/org/apache/kafka/shell/node/RootShellNode.java,52,26,5,4,5
shell/src/main/java/org/apache/kafka/shell/node/LocalShellNode.java,61,25,5,5,5
shell/src/main/java/org/apache/kafka/shell/node/printer/ShellNodePrinter.java,61,31,3,7,3
streams/upgrade-system-tests-38/src/test/java/org/apache/kafka/streams/tests/SmokeTestUtil.java,131,93,9,11,12
streams/upgrade-system-tests-38/src/test/java/org/apache/kafka/streams/tests/SmokeTestClient.java,299,232,13,16,31
streams/upgrade-system-tests-38/src/test/java/org/apache/kafka/streams/tests/SmokeTestDriver.java,670,553,63,32,41
streams/upgrade-system-tests-38/src/test/java/org/apache/kafka/streams/tests/StreamsUpgradeTest.java,120,86,7,7,15
streams/upgrade-system-tests-38/src/test/java/org/apache/kafka/streams/tests/StreamsSmokeTest.java,100,60,10,1,11
streams/upgrade-system-tests-31/src/test/java/org/apache/kafka/streams/tests/SmokeTestUtil.java,131,93,9,11,12
streams/upgrade-system-tests-31/src/test/java/org/apache/kafka/streams/tests/SmokeTestClient.java,299,232,13,16,31
streams/upgrade-system-tests-31/src/test/java/org/apache/kafka/streams/tests/SmokeTestDriver.java,670,553,63,32,41
streams/upgrade-system-tests-31/src/test/java/org/apache/kafka/streams/tests/StreamsUpgradeTest.java,120,86,7,7,15
streams/upgrade-system-tests-31/src/test/java/org/apache/kafka/streams/tests/StreamsSmokeTest.java,100,60,10,1,11
streams/upgrade-system-tests-36/src/test/java/org/apache/kafka/streams/tests/SmokeTestUtil.java,131,93,9,11,12
streams/upgrade-system-tests-36/src/test/java/org/apache/kafka/streams/tests/SmokeTestClient.java,299,232,13,16,31
streams/upgrade-system-tests-36/src/test/java/org/apache/kafka/streams/tests/SmokeTestDriver.java,670,553,63,32,41
streams/upgrade-system-tests-36/src/test/java/org/apache/kafka/streams/tests/StreamsUpgradeTest.java,120,86,7,7,15
streams/upgrade-system-tests-36/src/test/java/org/apache/kafka/streams/tests/StreamsSmokeTest.java,100,60,10,1,11
streams/upgrade-system-tests-37/src/test/java/org/apache/kafka/streams/tests/SmokeTestUtil.java,131,93,9,11,12
streams/upgrade-system-tests-37/src/test/java/org/apache/kafka/streams/tests/SmokeTestClient.java,299,232,13,16,31
streams/upgrade-system-tests-37/src/test/java/org/apache/kafka/streams/tests/SmokeTestDriver.java,670,553,63,32,41
streams/upgrade-system-tests-37/src/test/java/org/apache/kafka/streams/tests/StreamsUpgradeTest.java,120,86,7,7,15
streams/upgrade-system-tests-37/src/test/java/org/apache/kafka/streams/tests/StreamsSmokeTest.java,100,60,10,1,11
streams/test-utils/src/test/java/org/apache/kafka/streams/MockProcessorContextTest.java,466,356,6,37,35
streams/test-utils/src/test/java/org/apache/kafka/streams/WindowStoreFacadeTest.java,104,70,3,10,14
streams/test-utils/src/test/java/org/apache/kafka/streams/KeyValueStoreFacadeTest.java,139,101,3,13,17
streams/test-utils/src/test/java/org/apache/kafka/streams/TopologyTestDriverTest.java,1786,1484,35,129,71
streams/test-utils/src/test/java/org/apache/kafka/streams/TopologyTestDriverEosTest.java,26,7,3,0,1
streams/test-utils/src/test/java/org/apache/kafka/streams/TestTopicsTest.java,449,381,8,38,32
streams/test-utils/src/test/java/org/apache/kafka/streams/MockTimeTest.java,58,33,3,4,3
streams/test-utils/src/test/java/org/apache/kafka/streams/TopologyTestDriverAtLeastOnceTest.java,26,7,3,0,1
streams/test-utils/src/test/java/org/apache/kafka/streams/test/MockProcessorContextStateStoreTest.java,197,163,24,2,34
streams/test-utils/src/test/java/org/apache/kafka/streams/test/MockProcessorContextAPITest.java,355,273,6,26,28
streams/test-utils/src/test/java/org/apache/kafka/streams/test/TestRecordTest.java,172,128,3,13,17
streams/test-utils/src/test/java/org/apache/kafka/streams/test/wordcount/WindowedWordCountProcessorSupplier.java,73,46,7,4,11
streams/test-utils/src/test/java/org/apache/kafka/streams/test/wordcount/WindowedWordCountProcessorTest.java,179,121,3,4,26
streams/test-utils/src/main/java/org/apache/kafka/streams/TestInputTopic.java,263,115,14,20,7
streams/test-utils/src/main/java/org/apache/kafka/streams/TopologyTestDriver.java,1361,858,106,96,100
streams/test-utils/src/main/java/org/apache/kafka/streams/TestOutputTopic.java,201,91,14,14,8
streams/test-utils/src/main/java/org/apache/kafka/streams/test/TestRecord.java,237,119,12,23,9
streams/test-utils/src/main/java/org/apache/kafka/streams/test/package-info.java,20,1,4,0,0
streams/test-utils/src/main/java/org/apache/kafka/streams/processor/MockProcessorContext.java,569,343,34,74,22
streams/test-utils/src/main/java/org/apache/kafka/streams/processor/api/MockProcessorContext.java,536,346,19,79,34
streams/upgrade-system-tests-30/src/test/java/org/apache/kafka/streams/tests/SmokeTestUtil.java,131,93,9,11,12
streams/upgrade-system-tests-30/src/test/java/org/apache/kafka/streams/tests/SmokeTestClient.java,299,232,13,16,31
streams/upgrade-system-tests-30/src/test/java/org/apache/kafka/streams/tests/SmokeTestDriver.java,668,553,63,32,41
streams/upgrade-system-tests-30/src/test/java/org/apache/kafka/streams/tests/StreamsUpgradeTest.java,120,86,7,7,15
streams/upgrade-system-tests-30/src/test/java/org/apache/kafka/streams/tests/StreamsSmokeTest.java,100,60,10,1,11
streams/upgrade-system-tests-39/src/test/java/org/apache/kafka/streams/tests/SmokeTestUtil.java,131,93,9,11,12
streams/upgrade-system-tests-39/src/test/java/org/apache/kafka/streams/tests/SmokeTestClient.java,299,232,13,16,31
streams/upgrade-system-tests-39/src/test/java/org/apache/kafka/streams/tests/SmokeTestDriver.java,670,553,63,32,41
streams/upgrade-system-tests-39/src/test/java/org/apache/kafka/streams/tests/StreamsUpgradeTest.java,120,86,7,7,15
streams/upgrade-system-tests-39/src/test/java/org/apache/kafka/streams/tests/StreamsSmokeTest.java,100,60,10,1,11
streams/upgrade-system-tests-0110/src/test/java/org/apache/kafka/streams/tests/StreamsUpgradeToCooperativeRebalanceTest.java,83,52,5,2,8
streams/upgrade-system-tests-0110/src/test/java/org/apache/kafka/streams/tests/StreamsUpgradeTest.java,97,66,5,9,10
streams/upgrade-system-tests-23/src/test/java/org/apache/kafka/streams/tests/SmokeTestUtil.java,134,96,9,12,12
streams/upgrade-system-tests-23/src/test/java/org/apache/kafka/streams/tests/SmokeTestClient.java,298,231,13,16,30
streams/upgrade-system-tests-23/src/test/java/org/apache/kafka/streams/tests/StreamsUpgradeToCooperativeRebalanceTest.java,124,90,11,3,13
streams/upgrade-system-tests-23/src/test/java/org/apache/kafka/streams/tests/SmokeTestDriver.java,622,507,63,28,40
streams/upgrade-system-tests-23/src/test/java/org/apache/kafka/streams/tests/StreamsUpgradeTest.java,86,56,5,6,9
streams/upgrade-system-tests-23/src/test/java/org/apache/kafka/streams/tests/StreamsSmokeTest.java,100,60,10,1,11
streams/upgrade-system-tests-24/src/test/java/org/apache/kafka/streams/tests/SmokeTestUtil.java,134,96,9,12,12
streams/upgrade-system-tests-24/src/test/java/org/apache/kafka/streams/tests/SmokeTestClient.java,298,231,13,16,30
streams/upgrade-system-tests-24/src/test/java/org/apache/kafka/streams/tests/SmokeTestDriver.java,667,553,63,32,41
streams/upgrade-system-tests-24/src/test/java/org/apache/kafka/streams/tests/StreamsUpgradeTest.java,118,85,7,7,14
streams/upgrade-system-tests-24/src/test/java/org/apache/kafka/streams/tests/StreamsSmokeTest.java,100,60,10,1,11
streams/integration-tests/src/test/java/org/apache/kafka/streams/integration/StreamsUpgradeTestIntegrationTest.java,133,99,6,6,22
streams/integration-tests/src/test/java/org/apache/kafka/streams/integration/KTableKTableForeignKeyInnerJoinCustomPartitionerIntegrationTest.java,345,270,11,29,51
streams/integration-tests/src/test/java/org/apache/kafka/streams/integration/KTableKTableForeignKeyInnerJoinMultiIntegrationTest.java,284,226,9,25,44
streams/integration-tests/src/test/java/org/apache/kafka/streams/integration/IQv2StoreIntegrationTest.java,2057,1748,94,92,96
streams/integration-tests/src/test/java/org/apache/kafka/streams/integration/PurgeRepartitionTopicIntegrationTest.java,229,178,15,19,37
streams/integration-tests/src/test/java/org/apache/kafka/streams/integration/StreamTableJoinIntegrationTest.java,204,169,3,6,16
streams/integration-tests/src/test/java/org/apache/kafka/streams/integration/StreamTableJoinTopologyOptimizationIntegrationTest.java,260,201,7,21,43
streams/integration-tests/src/test/java/org/apache/kafka/streams/integration/KTableKTableForeignKeyJoinIntegrationTest.java,1258,1093,76,30,51
streams/integration-tests/src/test/java/org/apache/kafka/streams/integration/StoreQuerySuite.java,48,21,3,0,8
streams/integration-tests/src/test/java/org/apache/kafka/streams/integration/StoreQueryIntegrationTest.java,677,520,34,30,67
streams/integration-tests/src/test/java/org/apache/kafka/streams/integration/InternalTopicIntegrationTest.java,277,195,8,17,49
streams/integration-tests/src/test/java/org/apache/kafka/streams/integration/MetricsIntegrationTest.java,763,682,9,176,46
streams/integration-tests/src/test/java/org/apache/kafka/streams/integration/OptimizedKTableIntegrationTest.java,225,174,9,16,49
streams/integration-tests/src/test/java/org/apache/kafka/streams/integration/RegexSourceIntegrationTest.java,502,391,15,43,57
streams/integration-tests/src/test/java/org/apache/kafka/streams/integration/StateDirectoryIntegrationTest.java,277,196,19,5,33
streams/integration-tests/src/test/java/org/apache/kafka/streams/integration/GlobalKTableIntegrationTest.java,407,341,14,27,47
streams/integration-tests/src/test/java/org/apache/kafka/streams/integration/KafkaStreamsTelemetryIntegrationTest.java,705,564,16,62,77
streams/integration-tests/src/test/java/org/apache/kafka/streams/integration/AbstractJoinIntegrationTest.java,296,233,17,6,30
streams/integration-tests/src/test/java/org/apache/kafka/streams/integration/KTableEfficientRangeQueryTest.java,233,188,19,20,31
streams/integration-tests/src/test/java/org/apache/kafka/streams/integration/IQv2VersionedStoreIntegrationTest.java,411,229,25,35,51
streams/integration-tests/src/test/java/org/apache/kafka/streams/integration/PositionRestartIntegrationTest.java,673,595,35,57,77
streams/integration-tests/src/test/java/org/apache/kafka/streams/integration/RebalanceIntegrationTest.java,221,168,9,18,42
streams/integration-tests/src/test/java/org/apache/kafka/streams/integration/ResetPartitionTimeIntegrationTest.java,186,148,3,15,39
streams/integration-tests/src/test/java/org/apache/kafka/streams/integration/DeadLetterQueueIntegrationTest.java,459,327,5,28,50
streams/integration-tests/src/test/java/org/apache/kafka/streams/integration/StandbyTaskEOSIntegrationTest.java,397,312,15,25,45
streams/integration-tests/src/test/java/org/apache/kafka/streams/integration/ForeignKeyJoinSuite.java,51,23,3,0,8
streams/integration-tests/src/test/java/org/apache/kafka/streams/integration/AdjustStreamThreadCountTest.java,502,416,24,28,56
streams/integration-tests/src/test/java/org/apache/kafka/streams/integration/KStreamKStreamIntegrationTest.java,190,142,4,18,39
streams/integration-tests/src/test/java/org/apache/kafka/streams/integration/FineGrainedAutoResetIntegrationTest.java,438,346,13,55,45
streams/integration-tests/src/test/java/org/apache/kafka/streams/integration/ProcessingExceptionHandlerIntegrationTest.java,635,517,18,22,50
streams/integration-tests/src/test/java/org/apache/kafka/streams/integration/ConsistencyVectorIntegrationTest.java,219,171,8,16,44
streams/integration-tests/src/test/java/org/apache/kafka/streams/integration/RocksDBMetricsIntegrationTest.java,314,268,5,59,41
streams/integration-tests/src/test/java/org/apache/kafka/streams/integration/MetricsReporterIntegrationTest.java,131,88,4,15,26
streams/integration-tests/src/test/java/org/apache/kafka/streams/integration/GlobalKTableEOSIntegrationTest.java,554,457,18,37,48
streams/integration-tests/src/test/java/org/apache/kafka/streams/integration/KStreamRepartitionIntegrationTest.java,890,701,6,39,65
streams/integration-tests/src/test/java/org/apache/kafka/streams/integration/TestingMetricsInterceptingAdminClient.java,518,428,4,68,156
streams/integration-tests/src/test/java/org/apache/kafka/streams/integration/LagFetchIntegrationTest.java,368,298,16,21,52
streams/integration-tests/src/test/java/org/apache/kafka/streams/integration/TimeWindowedKStreamIntegrationTest.java,495,418,14,22,58
streams/integration-tests/src/test/java/org/apache/kafka/streams/integration/KTableKTableForeignKeyJoinDistributedTest.java,240,185,6,22,36
streams/integration-tests/src/test/java/org/apache/kafka/streams/integration/StreamTableJoinWithGraceIntegrationTest.java,133,103,3,5,20
streams/integration-tests/src/test/java/org/apache/kafka/streams/integration/RelaxedNullKeyRequirementJoinTest.java,152,121,3,14,22
streams/integration-tests/src/test/java/org/apache/kafka/streams/integration/StandbyTaskEOSMultiRebalanceIntegrationTest.java,302,240,13,26,42
streams/integration-tests/src/test/java/org/apache/kafka/streams/integration/GlobalStateReprocessTest.java,203,156,5,18,40
streams/integration-tests/src/test/java/org/apache/kafka/streams/integration/KStreamAggregationIntegrationTest.java,1142,978,18,39,78
streams/integration-tests/src/test/java/org/apache/kafka/streams/integration/IQv2IntegrationTest.java,492,409,11,44,68
streams/integration-tests/src/test/java/org/apache/kafka/streams/integration/RebalanceProtocolMigrationIntegrationTest.java,219,164,6,16,35
streams/integration-tests/src/test/java/org/apache/kafka/streams/integration/HandlingSourceTopicDeletionIntegrationTest.java,132,94,5,11,24
streams/integration-tests/src/test/java/org/apache/kafka/streams/integration/JoinStoreIntegrationTest.java,183,143,5,9,37
streams/integration-tests/src/test/java/org/apache/kafka/streams/integration/TableTableJoinIntegrationTest.java,1046,953,22,28,18
streams/integration-tests/src/test/java/org/apache/kafka/streams/integration/KTableKTableForeignKeyJoinMaterializationIntegrationTest.java,183,139,10,8,32
streams/integration-tests/src/test/java/org/apache/kafka/streams/integration/EmitOnChangeIntegrationTest.java,171,140,4,10,30
streams/integration-tests/src/test/java/org/apache/kafka/streams/integration/KStreamAggregationDedupIntegrationTest.java,272,213,4,23,42
streams/integration-tests/src/test/java/org/apache/kafka/streams/integration/TestTaskAssignor.java,42,22,7,1,3
streams/integration-tests/src/test/java/org/apache/kafka/streams/integration/TaskAssignorIntegrationTest.java,166,113,4,4,36
streams/integration-tests/src/test/java/org/apache/kafka/streams/integration/StreamsUncaughtExceptionHandlerIntegrationTest.java,405,336,7,31,63
streams/integration-tests/src/test/java/org/apache/kafka/streams/integration/GlobalThreadShutDownOrderTest.java,243,177,7,26,39
streams/integration-tests/src/test/java/org/apache/kafka/streams/integration/SmokeTestDriverIntegrationTest.java,214,154,17,16,30
streams/integration-tests/src/test/java/org/apache/kafka/streams/integration/StandbyTaskCreationIntegrationTest.java,208,157,9,20,32
streams/integration-tests/src/test/java/org/apache/kafka/streams/integration/SelfJoinUpgradeIntegrationTest.java,280,218,4,15,35
streams/integration-tests/src/test/java/org/apache/kafka/streams/integration/EOSUncleanShutdownIntegrationTest.java,166,115,11,9,34
streams/integration-tests/src/test/java/org/apache/kafka/streams/integration/JoinWithIncompleteMetadataIntegrationTest.java,125,87,4,10,23
streams/integration-tests/src/test/java/org/apache/kafka/streams/integration/PauseResumeIntegrationTest.java,410,321,6,38,48
streams/integration-tests/src/test/java/org/apache/kafka/streams/integration/EosIntegrationTest.java,1388,1057,61,68,98
streams/integration-tests/src/test/java/org/apache/kafka/streams/integration/StoreUpgradeIntegrationTest.java,1059,856,39,39,40
streams/integration-tests/src/test/java/org/apache/kafka/streams/integration/KafkaStreamsCloseOptionsIntegrationTest.java,192,145,6,18,40
streams/integration-tests/src/test/java/org/apache/kafka/streams/integration/QueryableStateIntegrationTest.java,1296,1086,91,57,98
streams/integration-tests/src/test/java/org/apache/kafka/streams/integration/RangeQueryIntegrationTest.java,282,232,19,28,44
streams/integration-tests/src/test/java/org/apache/kafka/streams/integration/TaskMetadataIntegrationTest.java,202,159,9,18,36
streams/integration-tests/src/test/java/org/apache/kafka/streams/integration/KafkaStreamsWrapper.java,58,26,6,3,6
streams/integration-tests/src/test/java/org/apache/kafka/streams/integration/StreamStreamJoinIntegrationTest.java,517,461,3,9,16
streams/integration-tests/src/test/java/org/apache/kafka/streams/integration/SuppressionDurabilityIntegrationTest.java,315,247,6,22,57
streams/integration-tests/src/test/java/org/apache/kafka/streams/integration/RestoreIntegrationTest.java,974,768,33,58,96
streams/integration-tests/src/test/java/org/apache/kafka/streams/integration/KTableSourceTopicRestartIntegrationTest.java,252,186,5,25,34
streams/integration-tests/src/test/java/org/apache/kafka/streams/integration/NamedTopologyIntegrationTest.java,782,612,27,68,73
streams/integration-tests/src/test/java/org/apache/kafka/streams/integration/VersionedKeyValueStoreIntegrationTest.java,844,589,58,57,58
streams/integration-tests/src/test/java/org/apache/kafka/streams/integration/SuppressionIntegrationTest.java,542,444,5,20,61
streams/integration-tests/src/test/java/org/apache/kafka/streams/integration/SwallowUnknownTopicErrorIntegrationTest.java,193,151,6,21,38
streams/integration-tests/src/test/java/org/apache/kafka/streams/integration/HighAvailabilityTaskAssignorIntegrationTest.java,338,279,10,15,55
streams/integration-tests/src/test/java/org/apache/kafka/streams/integration/IQv2EndpointToPartitionsIntegrationTest.java,270,222,14,16,35
streams/integration-tests/src/test/java/org/apache/kafka/streams/integration/SlidingWindowedKStreamIntegrationTest.java,461,400,12,21,53
streams/integration-tests/src/test/java/org/apache/kafka/streams/integration/JoinGracePeriodDurabilityIntegrationTest.java,228,177,4,12,47
streams/integration-tests/src/test/java/org/apache/kafka/streams/integration/utils/CompositeStateListener.java,49,21,4,4,5
streams/integration-tests/src/test/java/org/apache/kafka/streams/integration/utils/EmbeddedKafkaCluster.java,496,358,45,37,60
streams/integration-tests/src/test/java/org/apache/kafka/streams/integration/utils/IntegrationTestUtils.java,1408,977,123,82,78
streams/upgrade-system-tests-41/src/test/java/org/apache/kafka/streams/tests/SmokeTestUtil.java,131,93,9,11,12
streams/upgrade-system-tests-41/src/test/java/org/apache/kafka/streams/tests/SmokeTestClient.java,299,232,13,16,31
streams/upgrade-system-tests-41/src/test/java/org/apache/kafka/streams/tests/SmokeTestDriver.java,670,553,63,32,41
streams/upgrade-system-tests-41/src/test/java/org/apache/kafka/streams/tests/StreamsUpgradeTest.java,120,86,7,7,15
streams/upgrade-system-tests-41/src/test/java/org/apache/kafka/streams/tests/StreamsSmokeTest.java,100,60,10,1,11
streams/upgrade-system-tests-25/src/test/java/org/apache/kafka/streams/tests/SmokeTestUtil.java,134,96,9,12,12
streams/upgrade-system-tests-25/src/test/java/org/apache/kafka/streams/tests/SmokeTestClient.java,298,231,13,16,30
streams/upgrade-system-tests-25/src/test/java/org/apache/kafka/streams/tests/SmokeTestDriver.java,668,553,63,32,41
streams/upgrade-system-tests-25/src/test/java/org/apache/kafka/streams/tests/StreamsUpgradeTest.java,118,85,7,7,14
streams/upgrade-system-tests-25/src/test/java/org/apache/kafka/streams/tests/StreamsSmokeTest.java,100,60,10,1,11
streams/upgrade-system-tests-22/src/test/java/org/apache/kafka/streams/tests/SmokeTestUtil.java,134,96,9,12,12
streams/upgrade-system-tests-22/src/test/java/org/apache/kafka/streams/tests/SmokeTestClient.java,298,231,13,16,30
streams/upgrade-system-tests-22/src/test/java/org/apache/kafka/streams/tests/StreamsUpgradeToCooperativeRebalanceTest.java,135,101,14,4,15
streams/upgrade-system-tests-22/src/test/java/org/apache/kafka/streams/tests/SmokeTestDriver.java,632,513,63,30,40
streams/upgrade-system-tests-22/src/test/java/org/apache/kafka/streams/tests/StreamsUpgradeTest.java,86,56,5,6,9
streams/upgrade-system-tests-22/src/test/java/org/apache/kafka/streams/tests/StreamsSmokeTest.java,100,60,10,1,11
streams/quickstart/java/src/main/resources/archetype-resources/src/main/java/LineSplit.java,72,40,5,2,9
streams/quickstart/java/src/main/resources/archetype-resources/src/main/java/Pipe.java,67,36,5,2,7
streams/quickstart/java/src/main/resources/archetype-resources/src/main/java/WordCount.java,81,49,5,2,15
streams/upgrade-system-tests-40/src/test/java/org/apache/kafka/streams/tests/SmokeTestUtil.java,131,93,9,11,12
streams/upgrade-system-tests-40/src/test/java/org/apache/kafka/streams/tests/SmokeTestClient.java,299,232,13,16,31
streams/upgrade-system-tests-40/src/test/java/org/apache/kafka/streams/tests/SmokeTestDriver.java,670,553,63,32,41
streams/upgrade-system-tests-40/src/test/java/org/apache/kafka/streams/tests/StreamsUpgradeTest.java,120,86,7,7,15
streams/upgrade-system-tests-40/src/test/java/org/apache/kafka/streams/tests/StreamsSmokeTest.java,100,60,10,1,11
streams/upgrade-system-tests-35/src/test/java/org/apache/kafka/streams/tests/SmokeTestUtil.java,131,93,9,11,12
streams/upgrade-system-tests-35/src/test/java/org/apache/kafka/streams/tests/SmokeTestClient.java,299,232,13,16,31
streams/upgrade-system-tests-35/src/test/java/org/apache/kafka/streams/tests/SmokeTestDriver.java,670,553,63,32,41
streams/upgrade-system-tests-35/src/test/java/org/apache/kafka/streams/tests/StreamsUpgradeTest.java,120,86,7,7,15
streams/upgrade-system-tests-35/src/test/java/org/apache/kafka/streams/tests/StreamsSmokeTest.java,100,60,10,1,11
streams/upgrade-system-tests-32/src/test/java/org/apache/kafka/streams/tests/SmokeTestUtil.java,131,93,9,11,12
streams/upgrade-system-tests-32/src/test/java/org/apache/kafka/streams/tests/SmokeTestClient.java,299,232,13,16,31
streams/upgrade-system-tests-32/src/test/java/org/apache/kafka/streams/tests/SmokeTestDriver.java,670,553,63,32,41
streams/upgrade-system-tests-32/src/test/java/org/apache/kafka/streams/tests/StreamsUpgradeTest.java,120,86,7,7,15
streams/upgrade-system-tests-32/src/test/java/org/apache/kafka/streams/tests/StreamsSmokeTest.java,100,60,10,1,11
streams/upgrade-system-tests-33/src/test/java/org/apache/kafka/streams/tests/SmokeTestUtil.java,131,93,9,11,12
streams/upgrade-system-tests-33/src/test/java/org/apache/kafka/streams/tests/SmokeTestClient.java,299,232,13,16,31
streams/upgrade-system-tests-33/src/test/java/org/apache/kafka/streams/tests/SmokeTestDriver.java,670,553,63,32,41
streams/upgrade-system-tests-33/src/test/java/org/apache/kafka/streams/tests/StreamsUpgradeTest.java,120,86,7,7,15
streams/upgrade-system-tests-33/src/test/java/org/apache/kafka/streams/tests/StreamsSmokeTest.java,100,60,10,1,11
streams/upgrade-system-tests-34/src/test/java/org/apache/kafka/streams/tests/SmokeTestUtil.java,131,93,9,11,12
streams/upgrade-system-tests-34/src/test/java/org/apache/kafka/streams/tests/SmokeTestClient.java,299,232,13,16,31
streams/upgrade-system-tests-34/src/test/java/org/apache/kafka/streams/tests/SmokeTestDriver.java,670,553,63,32,41
streams/upgrade-system-tests-34/src/test/java/org/apache/kafka/streams/tests/StreamsUpgradeTest.java,120,86,7,7,15
streams/upgrade-system-tests-34/src/test/java/org/apache/kafka/streams/tests/StreamsSmokeTest.java,100,60,10,1,11
streams/examples/src/test/java/org/apache/kafka/streams/examples/wordcount/WordCountDemoTest.java,127,83,3,8,24
streams/examples/src/test/java/org/apache/kafka/streams/examples/wordcount/WordCountProcessorTest.java,72,35,4,1,12
streams/examples/src/test/java/org/apache/kafka/streams/examples/wordcount/WordCountTransformerTest.java,93,56,5,4,15
streams/examples/src/test/java/org/apache/kafka/streams/examples/docs/DeveloperGuideTesting.java,184,136,5,19,25
streams/examples/src/main/java/org/apache/kafka/streams/examples/pipe/PipeDemo.java,75,36,5,2,7
streams/examples/src/main/java/org/apache/kafka/streams/examples/pageview/PageViewUntypedDemo.java,159,96,11,5,23
streams/examples/src/main/java/org/apache/kafka/streams/examples/pageview/JsonTimestampExtractor.java,46,19,6,1,3
streams/examples/src/main/java/org/apache/kafka/streams/examples/pageview/PageViewTypedDemo.java,250,157,16,21,24
streams/examples/src/main/java/org/apache/kafka/streams/examples/wordcount/WordCountProcessorDemo.java,153,96,12,6,19
streams/examples/src/main/java/org/apache/kafka/streams/examples/wordcount/WordCountTransformerDemo.java,160,104,12,7,23
streams/examples/src/main/java/org/apache/kafka/streams/examples/wordcount/WordCountDemo.java,112,66,7,4,14
streams/examples/src/main/java/org/apache/kafka/streams/examples/temperature/TemperatureDemo.java,129,62,12,4,14
streams/upgrade-system-tests-27/src/test/java/org/apache/kafka/streams/tests/SmokeTestUtil.java,134,96,9,12,12
streams/upgrade-system-tests-27/src/test/java/org/apache/kafka/streams/tests/SmokeTestClient.java,298,231,13,16,30
streams/upgrade-system-tests-27/src/test/java/org/apache/kafka/streams/tests/SmokeTestDriver.java,681,563,64,32,41
streams/upgrade-system-tests-27/src/test/java/org/apache/kafka/streams/tests/StreamsUpgradeTest.java,118,85,7,7,14
streams/upgrade-system-tests-27/src/test/java/org/apache/kafka/streams/tests/StreamsSmokeTest.java,100,60,10,1,11
streams/upgrade-system-tests-20/src/test/java/org/apache/kafka/streams/tests/StreamsUpgradeToCooperativeRebalanceTest.java,135,101,14,4,15
streams/upgrade-system-tests-20/src/test/java/org/apache/kafka/streams/tests/StreamsUpgradeTest.java,86,56,5,6,9
streams/upgrade-system-tests-11/src/test/java/org/apache/kafka/streams/tests/StreamsUpgradeToCooperativeRebalanceTest.java,135,101,14,4,15
streams/upgrade-system-tests-11/src/test/java/org/apache/kafka/streams/tests/StreamsUpgradeTest.java,97,66,5,9,10
streams/upgrade-system-tests-10/src/test/java/org/apache/kafka/streams/tests/StreamsUpgradeToCooperativeRebalanceTest.java,135,101,14,4,15
streams/upgrade-system-tests-10/src/test/java/org/apache/kafka/streams/tests/StreamsUpgradeTest.java,97,66,5,9,10
streams/upgrade-system-tests-28/src/test/java/org/apache/kafka/streams/tests/SmokeTestUtil.java,134,96,9,12,12
streams/upgrade-system-tests-28/src/test/java/org/apache/kafka/streams/tests/SmokeTestClient.java,299,232,13,16,31
streams/upgrade-system-tests-28/src/test/java/org/apache/kafka/streams/tests/SmokeTestDriver.java,668,553,63,32,41
streams/upgrade-system-tests-28/src/test/java/org/apache/kafka/streams/tests/StreamsUpgradeTest.java,118,85,7,7,14
streams/upgrade-system-tests-28/src/test/java/org/apache/kafka/streams/tests/StreamsSmokeTest.java,100,60,10,1,11
streams/upgrade-system-tests-21/src/test/java/org/apache/kafka/streams/tests/StreamsUpgradeToCooperativeRebalanceTest.java,135,101,14,4,15
streams/upgrade-system-tests-21/src/test/java/org/apache/kafka/streams/tests/StreamsUpgradeTest.java,86,56,5,6,9
streams/upgrade-system-tests-26/src/test/java/org/apache/kafka/streams/tests/SmokeTestUtil.java,134,96,9,12,12
streams/upgrade-system-tests-26/src/test/java/org/apache/kafka/streams/tests/SmokeTestClient.java,298,231,13,16,30
streams/upgrade-system-tests-26/src/test/java/org/apache/kafka/streams/tests/SmokeTestDriver.java,670,553,63,32,41
streams/upgrade-system-tests-26/src/test/java/org/apache/kafka/streams/tests/StreamsUpgradeTest.java,118,85,7,7,14
streams/upgrade-system-tests-26/src/test/java/org/apache/kafka/streams/tests/StreamsSmokeTest.java,100,60,10,1,11
streams/src/test/java/org/apache/kafka/test/MockInitializer.java,31,11,3,2,1
streams/src/test/java/org/apache/kafka/test/MockApiProcessorSupplier.java,75,40,4,10,6
streams/src/test/java/org/apache/kafka/test/MockRecordCollector.java,132,96,5,13,12
streams/src/test/java/org/apache/kafka/test/MockCachedKeyValueStore.java,42,18,3,4,2
streams/src/test/java/org/apache/kafka/test/MockMapper.java,92,61,3,12,4
streams/src/test/java/org/apache/kafka/test/MockAggregator.java,29,9,3,3,1
streams/src/test/java/org/apache/kafka/test/MockApiProcessor.java,170,122,10,25,16
streams/src/test/java/org/apache/kafka/test/MockKeyValueStore.java,148,106,3,30,13
streams/src/test/java/org/apache/kafka/test/MockRocksDbConfigSetter.java,40,17,3,4,4
streams/src/test/java/org/apache/kafka/test/MockProcessorNode.java,71,41,3,12,6
streams/src/test/java/org/apache/kafka/test/GenericInMemoryKeyValueStore.java,181,129,9,25,14
streams/src/test/java/org/apache/kafka/test/MockStateRestoreListener.java,94,66,4,16,4
streams/src/test/java/org/apache/kafka/test/MockValueJoiner.java,28,8,3,2,1
streams/src/test/java/org/apache/kafka/test/NoOpProcessorContext.java,169,128,3,24,28
streams/src/test/java/org/apache/kafka/test/MockRestoreConsumer.java,159,107,18,16,12
streams/src/test/java/org/apache/kafka/test/MockRestoreCallback.java,32,12,3,2,4
streams/src/test/java/org/apache/kafka/test/NoopValueTransformerWithKey.java,35,15,3,3,2
streams/src/test/java/org/apache/kafka/test/MockClientSupplier.java,102,70,5,16,17
streams/src/test/java/org/apache/kafka/test/MockReducer.java,63,32,3,8,1
streams/src/test/java/org/apache/kafka/test/NoOpValueTransformerWithKeySupplier.java,45,23,3,5,3
streams/src/test/java/org/apache/kafka/test/MockKeyValueStoreBuilder.java,44,21,3,4,6
streams/src/test/java/org/apache/kafka/test/StateStoreProviderStub.java,78,52,7,7,12
streams/src/test/java/org/apache/kafka/test/MockStandbyUpdateListener.java,59,32,3,10,5
streams/src/test/java/org/apache/kafka/test/MockInternalTopicManager.java,76,49,6,6,12
streams/src/test/java/org/apache/kafka/test/MockApiFixedKeyProcessorSupplier.java,75,41,4,10,6
streams/src/test/java/org/apache/kafka/test/StreamsTestUtils.java,336,274,22,31,36
streams/src/test/java/org/apache/kafka/test/KeyValueIteratorStub.java,52,25,3,6,3
streams/src/test/java/org/apache/kafka/test/GenericInMemoryTimestampedKeyValueStore.java,183,131,9,25,15
streams/src/test/java/org/apache/kafka/test/MockPredicate.java,33,13,3,2,1
streams/src/test/java/org/apache/kafka/test/MockProcessor.java,96,63,4,15,11
streams/src/test/java/org/apache/kafka/test/NoOpReadOnlyStore.java,116,80,4,20,7
streams/src/test/java/org/apache/kafka/test/MockTimestampExtractor.java,29,3,3,1,2
streams/src/test/java/org/apache/kafka/test/MockInternalProcessorContext.java,270,209,6,48,28
streams/src/test/java/org/apache/kafka/test/MockSourceNode.java,60,35,3,11,6
streams/src/test/java/org/apache/kafka/test/ReadOnlySessionStoreStub.java,218,165,24,25,14
streams/src/test/java/org/apache/kafka/test/NoopValueTransformer.java,35,15,3,3,1
streams/src/test/java/org/apache/kafka/test/MockApiFixedKeyProcessor.java,164,117,9,24,16
streams/src/test/java/org/apache/kafka/test/InternalMockProcessorContext.java,531,454,20,59,48
streams/src/test/java/org/apache/kafka/test/GlobalStateManagerStub.java,112,78,3,21,10
streams/src/test/java/org/apache/kafka/test/MockProcessorSupplier.java,74,40,4,10,5
streams/src/test/java/org/apache/kafka/streams/StreamsConfigTest.java,1714,1468,48,167,80
streams/src/test/java/org/apache/kafka/streams/TopologyWrapper.java,39,14,3,3,2
streams/src/test/java/org/apache/kafka/streams/AutoOffsetResetTest.java,88,57,6,0,6
streams/src/test/java/org/apache/kafka/streams/TopologyTestDriverWrapper.java,71,31,8,3,5
streams/src/test/java/org/apache/kafka/streams/TopologyTest.java,2488,2142,44,131,70
streams/src/test/java/org/apache/kafka/streams/KafkaStreamsTest.java,1948,1670,29,114,111
streams/src/test/java/org/apache/kafka/streams/StreamsBuilderTest.java,2943,2477,14,134,94
streams/src/test/java/org/apache/kafka/streams/EqualityCheck.java,153,104,24,5,0
streams/src/test/java/org/apache/kafka/streams/KeyValueTest.java,74,42,16,1,4
streams/src/test/java/org/apache/kafka/streams/KeyValueTimestamp.java,63,38,7,10,1
streams/src/test/java/org/apache/kafka/streams/kstream/PrintedTest.java,132,96,3,14,20
streams/src/test/java/org/apache/kafka/streams/kstream/TimeWindowedSerializerTest.java,109,79,3,11,12
streams/src/test/java/org/apache/kafka/streams/kstream/SlidingWindowsTest.java,94,65,3,9,6
streams/src/test/java/org/apache/kafka/streams/kstream/NamedTest.java,50,25,6,2,5
streams/src/test/java/org/apache/kafka/streams/kstream/TimeWindowsTest.java,179,127,7,15,10
streams/src/test/java/org/apache/kafka/streams/kstream/UnlimitedWindowsTest.java,83,52,3,8,9
streams/src/test/java/org/apache/kafka/streams/kstream/TimeWindowedDeserializerTest.java,166,130,3,18,15
streams/src/test/java/org/apache/kafka/streams/kstream/SessionWindowedSerializerTest.java,109,79,3,11,12
streams/src/test/java/org/apache/kafka/streams/kstream/WindowedSerdesTest.java,165,129,3,15,11
streams/src/test/java/org/apache/kafka/streams/kstream/RepartitionTopicNamingTest.java,716,564,16,40,20
streams/src/test/java/org/apache/kafka/streams/kstream/SuppressedTest.java,215,169,3,4,16
streams/src/test/java/org/apache/kafka/streams/kstream/WindowTest.java,89,58,3,9,4
streams/src/test/java/org/apache/kafka/streams/kstream/MaterializedTest.java,111,72,3,9,10
streams/src/test/java/org/apache/kafka/streams/kstream/SessionWindowedDeserializerTest.java,109,79,3,11,12
streams/src/test/java/org/apache/kafka/streams/kstream/JoinWindowsTest.java,219,166,6,17,12
streams/src/test/java/org/apache/kafka/streams/kstream/SessionWindowsTest.java,108,74,4,11,7
streams/src/test/java/org/apache/kafka/streams/kstream/internals/TimeWindowedCogroupedKStreamImplTest.java,325,259,3,26,32
streams/src/test/java/org/apache/kafka/streams/kstream/internals/KStreamGlobalKTableLeftJoinTest.java,352,244,9,24,33
streams/src/test/java/org/apache/kafka/streams/kstream/internals/SuppressTopologyTest.java,246,204,3,11,25
streams/src/test/java/org/apache/kafka/streams/kstream/internals/KStreamProcessorApiTest.java,132,93,5,7,24
streams/src/test/java/org/apache/kafka/streams/kstream/internals/KTableReduceTest.java,84,54,3,3,15
streams/src/test/java/org/apache/kafka/streams/kstream/internals/KTableSourceTest.java,357,286,4,9,37
streams/src/test/java/org/apache/kafka/streams/kstream/internals/KStreamGlobalKTableJoinTest.java,342,234,9,24,33
streams/src/test/java/org/apache/kafka/streams/kstream/internals/KStreamKTableLeftJoinTest.java,262,192,6,21,30
streams/src/test/java/org/apache/kafka/streams/kstream/internals/KGroupedTableImplTest.java,378,321,3,29,32
streams/src/test/java/org/apache/kafka/streams/kstream/internals/KTableMapValuesTest.java,323,246,3,11,29
streams/src/test/java/org/apache/kafka/streams/kstream/internals/KTableFilterTest.java,560,421,4,23,35
streams/src/test/java/org/apache/kafka/streams/kstream/internals/FullChangeSerdeTest.java,119,80,6,7,6
streams/src/test/java/org/apache/kafka/streams/kstream/internals/KTableKTableRightJoinTest.java,70,43,3,2,15
streams/src/test/java/org/apache/kafka/streams/kstream/internals/SlidingWindowedCogroupedKStreamImplTest.java,266,196,3,21,35
streams/src/test/java/org/apache/kafka/streams/kstream/internals/UnlimitedWindowTest.java,41,19,3,5,3
streams/src/test/java/org/apache/kafka/streams/kstream/internals/KStreamKStreamJoinTest.java,2054,1173,63,39,71
streams/src/test/java/org/apache/kafka/streams/kstream/internals/SessionCacheFlushListenerTest.java,55,33,3,1,12
streams/src/test/java/org/apache/kafka/streams/kstream/internals/ChangedSerdeTest.java,179,123,9,17,14
streams/src/test/java/org/apache/kafka/streams/kstream/internals/TimeWindowedKStreamImplTest.java,501,425,15,32,41
streams/src/test/java/org/apache/kafka/streams/kstream/internals/GlobalKTableJoinsTest.java,106,72,3,10,19
streams/src/test/java/org/apache/kafka/streams/kstream/internals/KStreamFlatMapValuesTest.java,120,81,5,4,18
streams/src/test/java/org/apache/kafka/streams/kstream/internals/TimestampedTupleForwarderTest.java,112,81,4,5,13
streams/src/test/java/org/apache/kafka/streams/kstream/internals/KTableAggregateTest.java,519,433,7,25,43
streams/src/test/java/org/apache/kafka/streams/kstream/internals/AbstractStreamTest.java,124,87,5,5,26
streams/src/test/java/org/apache/kafka/streams/kstream/internals/SuppressScenarioTest.java,883,746,24,22,50
streams/src/test/java/org/apache/kafka/streams/kstream/internals/KTableKTableOuterJoinTest.java,437,300,21,10,31
streams/src/test/java/org/apache/kafka/streams/kstream/internals/KTableKTableInnerJoinTest.java,480,325,21,16,33
streams/src/test/java/org/apache/kafka/streams/kstream/internals/TimeWindowTest.java,138,79,3,13,8
streams/src/test/java/org/apache/kafka/streams/kstream/internals/KStreamKStreamLeftJoinTest.java,1314,778,33,22,27
streams/src/test/java/org/apache/kafka/streams/kstream/internals/KStreamMapValuesTest.java,93,60,5,5,15
streams/src/test/java/org/apache/kafka/streams/kstream/internals/MaterializedInternalTest.java,156,112,3,12,28
streams/src/test/java/org/apache/kafka/streams/kstream/internals/TimestampedCacheFlushListenerTest.java,77,51,3,2,12
streams/src/test/java/org/apache/kafka/streams/kstream/internals/KStreamForeachTest.java,96,63,5,4,18
streams/src/test/java/org/apache/kafka/streams/kstream/internals/KStreamSelectKeyTest.java,84,56,5,4,18
streams/src/test/java/org/apache/kafka/streams/kstream/internals/KStreamFlatMapTest.java,99,69,6,3,23
streams/src/test/java/org/apache/kafka/streams/kstream/internals/NamedInternalTest.java,76,46,3,8,2
streams/src/test/java/org/apache/kafka/streams/kstream/internals/KStreamKStreamOuterJoinTest.java,1452,894,23,25,39
streams/src/test/java/org/apache/kafka/streams/kstream/internals/KStreamKStreamSelfJoinTest.java,339,277,3,7,21
streams/src/test/java/org/apache/kafka/streams/kstream/internals/SlidingWindowedKStreamImplTest.java,439,386,3,24,34
streams/src/test/java/org/apache/kafka/streams/kstream/internals/KStreamPrintTest.java,89,57,5,5,16
streams/src/test/java/org/apache/kafka/streams/kstream/internals/KTableImplTest.java,590,490,6,40,54
streams/src/test/java/org/apache/kafka/streams/kstream/internals/SessionWindowedKStreamImplTest.java,443,377,10,30,43
streams/src/test/java/org/apache/kafka/streams/kstream/internals/KTableTransformValuesTest.java,593,471,9,58,57
streams/src/test/java/org/apache/kafka/streams/kstream/internals/KStreamFilterTest.java,96,61,5,6,14
streams/src/test/java/org/apache/kafka/streams/kstream/internals/KTableKTableLeftJoinTest.java,535,371,23,12,44
streams/src/test/java/org/apache/kafka/streams/kstream/internals/KStreamImplTest.java,2581,2221,11,180,86
streams/src/test/java/org/apache/kafka/streams/kstream/internals/CogroupedKStreamImplTest.java,1266,1074,3,47,39
streams/src/test/java/org/apache/kafka/streams/kstream/internals/KStreamPeekTest.java,81,53,5,5,17
streams/src/test/java/org/apache/kafka/streams/kstream/internals/SessionWindowTest.java,123,69,3,11,4
streams/src/test/java/org/apache/kafka/streams/kstream/internals/KStreamSplitTest.java,151,113,6,14,23
streams/src/test/java/org/apache/kafka/streams/kstream/internals/KStreamMapTest.java,90,63,5,4,21
streams/src/test/java/org/apache/kafka/streams/kstream/internals/SessionWindowedCogroupedKStreamImplTest.java,339,274,3,28,32
streams/src/test/java/org/apache/kafka/streams/kstream/internals/WindowedStreamPartitionerTest.java,84,52,5,6,17
streams/src/test/java/org/apache/kafka/streams/kstream/internals/KStreamSlidingWindowAggregateTest.java,1851,1522,48,33,68
streams/src/test/java/org/apache/kafka/streams/kstream/internals/KTableKTableForeignKeyJoinScenarioTest.java,383,294,3,13,30
streams/src/test/java/org/apache/kafka/streams/kstream/internals/KGroupedStreamImplTest.java,803,659,3,61,43
streams/src/test/java/org/apache/kafka/streams/kstream/internals/KStreamWindowAggregateTest.java,1138,1002,38,27,68
streams/src/test/java/org/apache/kafka/streams/kstream/internals/KStreamRepartitionTest.java,173,130,4,8,43
streams/src/test/java/org/apache/kafka/streams/kstream/internals/KStreamKTableJoinTest.java,567,450,7,35,39
streams/src/test/java/org/apache/kafka/streams/kstream/internals/KStreamImplValueJoinerWithKeyTest.java,235,184,4,25,28
streams/src/test/java/org/apache/kafka/streams/kstream/internals/KTableMapKeysTest.java,79,50,5,2,17
streams/src/test/java/org/apache/kafka/streams/kstream/internals/InternalStreamsBuilderTest.java,1329,985,16,79,57
streams/src/test/java/org/apache/kafka/streams/kstream/internals/KStreamSessionWindowAggregateProcessorTest.java,628,521,16,33,53
streams/src/test/java/org/apache/kafka/streams/kstream/internals/foreignkeyjoin/SubscriptionReceiveProcessorSupplierTest.java,527,455,4,22,28
streams/src/test/java/org/apache/kafka/streams/kstream/internals/foreignkeyjoin/ResponseJoinProcessorSupplierTest.java,275,226,3,14,24
streams/src/test/java/org/apache/kafka/streams/kstream/internals/foreignkeyjoin/ForeignTableJoinProcessorSupplierTests.java,207,154,4,19,29
streams/src/test/java/org/apache/kafka/streams/kstream/internals/foreignkeyjoin/SubscriptionWrapperSerdeTest.java,263,224,3,12,10
streams/src/test/java/org/apache/kafka/streams/kstream/internals/foreignkeyjoin/SubscriptionSendProcessorSupplierTest.java,714,530,5,48,21
streams/src/test/java/org/apache/kafka/streams/kstream/internals/foreignkeyjoin/SubscriptionJoinProcessorSupplierTest.java,385,334,5,16,15
streams/src/test/java/org/apache/kafka/streams/kstream/internals/foreignkeyjoin/CombinedKeySchemaTest.java,91,62,3,5,6
streams/src/test/java/org/apache/kafka/streams/kstream/internals/foreignkeyjoin/SubscriptionResponseWrapperSerdeTest.java,163,122,3,15,13
streams/src/test/java/org/apache/kafka/streams/kstream/internals/graph/GraphNodeTest.java,127,84,3,7,6
streams/src/test/java/org/apache/kafka/streams/kstream/internals/graph/TableSourceNodeTest.java,86,59,3,7,21
streams/src/test/java/org/apache/kafka/streams/kstream/internals/graph/StreamsGraphTest.java,648,564,4,22,37
streams/src/test/java/org/apache/kafka/streams/kstream/internals/graph/GraphGraceSearchUtilTest.java,281,224,8,14,15
streams/src/test/java/org/apache/kafka/streams/kstream/internals/suppress/KTableSuppressProcessorMetricsTest.java,216,175,3,13,35
streams/src/test/java/org/apache/kafka/streams/kstream/internals/suppress/KTableSuppressProcessorTest.java,498,377,12,25,48
streams/src/test/java/org/apache/kafka/streams/kstream/internals/suppress/SuppressSuite.java,51,24,3,0,9
streams/src/test/java/org/apache/kafka/streams/processor/WallclockTimestampExtractorTest.java,63,34,4,7,6
streams/src/test/java/org/apache/kafka/streams/processor/FailOnInvalidTimestampTest.java,39,17,3,2,4
streams/src/test/java/org/apache/kafka/streams/processor/TimestampExtractorTest.java,52,28,3,0,6
streams/src/test/java/org/apache/kafka/streams/processor/ReadOnlyStoreTest.java,133,98,3,5,21
streams/src/test/java/org/apache/kafka/streams/processor/LogAndSkipOnInvalidTimestampTest.java,61,35,3,2,7
streams/src/test/java/org/apache/kafka/streams/processor/UsePartitionTimeOnInvalidTimestampTest.java,57,32,4,3,6
streams/src/test/java/org/apache/kafka/streams/processor/internals/StreamsProducerTest.java,985,751,4,90,50
streams/src/test/java/org/apache/kafka/streams/processor/internals/RepartitionTopicsTest.java,440,387,6,32,39
streams/src/test/java/org/apache/kafka/streams/processor/internals/TaskSuite.java,43,17,3,0,4
streams/src/test/java/org/apache/kafka/streams/processor/internals/ClientUtilsTest.java,278,223,4,26,38
streams/src/test/java/org/apache/kafka/streams/processor/internals/ReadOnlyTaskTest.java,226,169,18,14,18
streams/src/test/java/org/apache/kafka/streams/processor/internals/AbstractProcessorContextTest.java,282,220,5,40,35
streams/src/test/java/org/apache/kafka/streams/processor/internals/GlobalStreamThreadTest.java,430,357,7,33,51
streams/src/test/java/org/apache/kafka/streams/processor/internals/GlobalStateManagerImplTest.java,1224,1029,23,94,64
streams/src/test/java/org/apache/kafka/streams/processor/internals/InternalTopologyBuilderTest.java,1474,1223,15,99,72
streams/src/test/java/org/apache/kafka/streams/processor/internals/StreamThreadTotalBlockedTimeTest.java,115,85,3,15,17
streams/src/test/java/org/apache/kafka/streams/processor/internals/TaskExecutionMetadataTest.java,124,79,3,5,11
streams/src/test/java/org/apache/kafka/streams/processor/internals/ProcessorMetadataTest.java,164,117,3,7,9
streams/src/test/java/org/apache/kafka/streams/processor/internals/TaskExecutorTest.java,62,35,3,2,8
streams/src/test/java/org/apache/kafka/streams/processor/internals/ThreadMetadataImplTest.java,243,208,4,30,15
streams/src/test/java/org/apache/kafka/streams/processor/internals/ProcessorStateManagerTest.java,1258,1014,19,105,72
streams/src/test/java/org/apache/kafka/streams/processor/internals/StoreChangelogReaderTest.java,1399,1131,36,73,72
streams/src/test/java/org/apache/kafka/streams/processor/internals/StateConsumerTest.java,150,111,4,25,14
streams/src/test/java/org/apache/kafka/streams/processor/internals/ProcessorTopologyFactories.java,55,32,3,2,4
streams/src/test/java/org/apache/kafka/streams/processor/internals/ProcessorContextImplTest.java,957,739,5,77,59
streams/src/test/java/org/apache/kafka/streams/processor/internals/TopicPartitionMetadataTest.java,107,68,3,7,5
streams/src/test/java/org/apache/kafka/streams/processor/internals/RecordQueueTest.java,509,397,4,26,45
streams/src/test/java/org/apache/kafka/streams/processor/internals/GlobalProcessorContextImplTest.java,223,179,13,28,26
streams/src/test/java/org/apache/kafka/streams/processor/internals/StreamsMetadataStateTest.java,407,330,5,44,34
streams/src/test/java/org/apache/kafka/streams/processor/internals/StreamThreadTest.java,4427,3663,56,148,167
streams/src/test/java/org/apache/kafka/streams/processor/internals/ForwardingDisabledProcessorContextTest.java,47,23,3,4,7
streams/src/test/java/org/apache/kafka/streams/processor/internals/DefaultStreamsRebalanceListenerTest.java,220,176,4,4,22
streams/src/test/java/org/apache/kafka/streams/processor/internals/ProcessorTopologyTest.java,1324,1070,14,102,62
streams/src/test/java/org/apache/kafka/streams/processor/internals/TaskMetadataImplTest.java,156,123,5,18,15
streams/src/test/java/org/apache/kafka/streams/processor/internals/ProcessorContextTest.java,80,54,5,4,15
streams/src/test/java/org/apache/kafka/streams/processor/internals/DefaultStateUpdaterTest.java,1919,1633,32,130,63
streams/src/test/java/org/apache/kafka/streams/processor/internals/StateRestoreCallbackAdapterTest.java,155,112,4,8,18
streams/src/test/java/org/apache/kafka/streams/processor/internals/RackAwarenessStreamsPartitionAssignorTest.java,552,453,34,37,50
streams/src/test/java/org/apache/kafka/streams/processor/internals/StateManagerUtilTest.java,251,185,4,17,33
streams/src/test/java/org/apache/kafka/streams/processor/internals/ChangelogTopicsTest.java,204,165,3,19,19
streams/src/test/java/org/apache/kafka/streams/processor/internals/ActiveTaskCreatorTest.java,319,235,3,25,40
streams/src/test/java/org/apache/kafka/streams/processor/internals/KeyValueStoreMaterializerTest.java,276,214,3,25,37
streams/src/test/java/org/apache/kafka/streams/processor/internals/TaskManagerTest.java,5107,4138,58,325,114
streams/src/test/java/org/apache/kafka/streams/processor/internals/SinkNodeTest.java,120,84,9,13,20
streams/src/test/java/org/apache/kafka/streams/processor/internals/ProcessorRecordContextTest.java,113,81,3,7,5
streams/src/test/java/org/apache/kafka/streams/processor/internals/RepartitionTopicConfigTest.java,58,32,3,2,5
streams/src/test/java/org/apache/kafka/streams/processor/internals/MockStreamsMetrics.java,28,9,3,1,3
streams/src/test/java/org/apache/kafka/streams/processor/internals/CopartitionedTopicsEnforcerTest.java,211,157,3,15,18
streams/src/test/java/org/apache/kafka/streams/processor/internals/StateDirectoryTest.java,1007,523,15,78,70
streams/src/test/java/org/apache/kafka/streams/processor/internals/StreamTaskTest.java,3472,2812,21,181,127
streams/src/test/java/org/apache/kafka/streams/processor/internals/PartitionGroupTest.java,997,804,15,52,48
streams/src/test/java/org/apache/kafka/streams/processor/internals/RepartitionOptimizingTest.java,481,403,9,34,49
streams/src/test/java/org/apache/kafka/streams/processor/internals/HighAvailabilityStreamsPartitionAssignorTest.java,311,244,10,25,56
streams/src/test/java/org/apache/kafka/streams/processor/internals/StandbyTaskTest.java,609,462,14,53,68
streams/src/test/java/org/apache/kafka/streams/processor/internals/TaskAndActionTest.java,87,57,4,5,11
streams/src/test/java/org/apache/kafka/streams/processor/internals/GlobalStateTaskTest.java,369,283,6,39,32
streams/src/test/java/org/apache/kafka/streams/processor/internals/StateManagerStub.java,77,46,3,11,7
streams/src/test/java/org/apache/kafka/streams/processor/internals/PartitionGrouperTest.java,103,71,3,5,17
streams/src/test/java/org/apache/kafka/streams/processor/internals/TopologyMetadataTest.java,84,52,3,2,12
streams/src/test/java/org/apache/kafka/streams/processor/internals/StreamsRebalanceListenerTest.java,167,121,3,16,24
streams/src/test/java/org/apache/kafka/streams/processor/internals/InternalTopicConfigTest.java,141,95,3,13,8
streams/src/test/java/org/apache/kafka/streams/processor/internals/TasksTest.java,210,158,3,17,18
streams/src/test/java/org/apache/kafka/streams/processor/internals/MockChangelogReader.java,98,62,6,14,7
streams/src/test/java/org/apache/kafka/streams/processor/internals/QuickUnionTest.java,95,61,6,3,5
streams/src/test/java/org/apache/kafka/streams/processor/internals/ProcessorNodeTest.java,503,402,10,37,58
streams/src/test/java/org/apache/kafka/streams/processor/internals/RecordCollectorTest.java,2316,1978,34,130,91
streams/src/test/java/org/apache/kafka/streams/processor/internals/StreamsAssignmentScaleTest.java,311,63,13,15,55
streams/src/test/java/org/apache/kafka/streams/processor/internals/RecordDeserializerTest.java,450,386,6,25,36
streams/src/test/java/org/apache/kafka/streams/processor/internals/StreamsPartitionAssignorTest.java,2865,2328,52,120,151
streams/src/test/java/org/apache/kafka/streams/processor/internals/PunctuationQueueTest.java,156,104,3,7,8
streams/src/test/java/org/apache/kafka/streams/processor/internals/WriteConsistencyVectorTest.java,145,112,3,20,27
streams/src/test/java/org/apache/kafka/streams/processor/internals/NamedTopologyTest.java,405,336,3,34,24
streams/src/test/java/org/apache/kafka/streams/processor/internals/RepartitionWithMergeOptimizingTest.java,294,233,8,23,35
streams/src/test/java/org/apache/kafka/streams/processor/internals/SynchronizedPartitionGroupTest.java,203,138,3,19,16
streams/src/test/java/org/apache/kafka/streams/processor/internals/InternalTopicManagerTest.java,1909,1682,19,98,70
streams/src/test/java/org/apache/kafka/streams/processor/internals/SourceNodeTest.java,190,141,6,11,31
streams/src/test/java/org/apache/kafka/streams/processor/internals/metrics/StreamsMetricsImplTest.java,1385,1165,16,119,64
streams/src/test/java/org/apache/kafka/streams/processor/internals/metrics/ProcessorNodeMetricsTest.java,154,122,3,13,14
streams/src/test/java/org/apache/kafka/streams/processor/internals/metrics/ThreadMetricsTest.java,482,416,3,24,19
streams/src/test/java/org/apache/kafka/streams/processor/internals/metrics/TaskMetricsTest.java,264,223,4,13,12
streams/src/test/java/org/apache/kafka/streams/processor/internals/metrics/TopicMetricsTest.java,118,83,3,12,14
streams/src/test/java/org/apache/kafka/streams/processor/internals/tasks/DefaultTaskManagerTest.java,461,347,5,43,31
streams/src/test/java/org/apache/kafka/streams/processor/internals/tasks/DefaultTaskExecutorTest.java,272,191,5,22,27
streams/src/test/java/org/apache/kafka/streams/processor/internals/assignment/CustomStickyTaskAssignorTest.java,916,800,21,35,59
streams/src/test/java/org/apache/kafka/streams/processor/internals/assignment/GraphTest.java,521,398,11,21,14
streams/src/test/java/org/apache/kafka/streams/processor/internals/assignment/StandbyTaskAssignmentUtilsTest.java,136,101,4,10,25
streams/src/test/java/org/apache/kafka/streams/processor/internals/assignment/ClientTagAwareStandbyTaskAssignorTest.java,854,697,11,35,42
streams/src/test/java/org/apache/kafka/streams/processor/internals/assignment/StandbyTaskAssignorFactoryTest.java,103,76,8,9,16
streams/src/test/java/org/apache/kafka/streams/processor/internals/assignment/RackAwareTaskAssignorTest.java,1243,1039,11,46,99
streams/src/test/java/org/apache/kafka/streams/processor/internals/assignment/RackAwareGraphConstructorFactoryTest.java,46,24,3,2,7
streams/src/test/java/org/apache/kafka/streams/processor/internals/assignment/HighAvailabilityTaskAssignorTest.java,1751,77,17,41,73
streams/src/test/java/org/apache/kafka/streams/processor/internals/assignment/LegacyStickyTaskAssignorTest.java,1469,1241,42,54,78
streams/src/test/java/org/apache/kafka/streams/processor/internals/assignment/RackAwareGraphConstructorTest.java,296,240,32,23,24
streams/src/test/java/org/apache/kafka/streams/processor/internals/assignment/KafkaStreamsStateTest.java,92,67,3,2,17
streams/src/test/java/org/apache/kafka/streams/processor/internals/assignment/AssignmentTestUtils.java,1041,913,68,143,69
streams/src/test/java/org/apache/kafka/streams/processor/internals/assignment/ConstrainedPrioritySetTest.java,112,73,3,9,12
streams/src/test/java/org/apache/kafka/streams/processor/internals/assignment/ClientStateTest.java,572,477,6,54,42
streams/src/test/java/org/apache/kafka/streams/processor/internals/assignment/AssignmentInfoTest.java,243,198,3,25,28
streams/src/test/java/org/apache/kafka/streams/processor/internals/assignment/SubscriptionInfoTest.java,499,438,8,37,35
streams/src/test/java/org/apache/kafka/streams/processor/internals/assignment/LegacySubscriptionInfoSerde.java,282,220,25,26,14
streams/src/test/java/org/apache/kafka/streams/processor/internals/assignment/TaskAssignorConvergenceTest.java,628,525,43,38,49
streams/src/test/java/org/apache/kafka/streams/processor/internals/assignment/KafkaStreamsAssignmentTest.java,51,29,3,1,10
streams/src/test/java/org/apache/kafka/streams/processor/internals/assignment/FallbackPriorTaskAssignorTest.java,78,51,3,4,21
streams/src/test/java/org/apache/kafka/streams/processor/internals/assignment/TaskAssignmentUtilsTest.java,581,508,5,23,41
streams/src/test/java/org/apache/kafka/streams/processor/internals/assignment/TaskMovementTest.java,325,260,6,9,33
streams/src/test/java/org/apache/kafka/streams/processor/internals/assignment/AssignorConfigurationTest.java,75,47,7,4,14
streams/src/test/java/org/apache/kafka/streams/processor/internals/testutil/ConsumerRecordUtil.java,50,27,3,2,4
streams/src/test/java/org/apache/kafka/streams/processor/internals/testutil/DummyStreamsConfig.java,41,19,3,3,3
streams/src/test/java/org/apache/kafka/streams/tests/StaticMemberTestClient.java,85,52,5,2,10
streams/src/test/java/org/apache/kafka/streams/tests/SmokeTestUtil.java,131,93,10,11,12
streams/src/test/java/org/apache/kafka/streams/tests/SmokeTestClient.java,282,217,13,15,28
streams/src/test/java/org/apache/kafka/streams/tests/StreamsEosTest.java,91,58,13,1,5
streams/src/test/java/org/apache/kafka/streams/tests/StreamsStandByReplicaTest.java,170,122,13,3,23
streams/src/test/java/org/apache/kafka/streams/tests/ShutdownDeadlockTest.java,87,53,4,3,14
streams/src/test/java/org/apache/kafka/streams/tests/EosTestDriver.java,678,551,90,22,38
streams/src/test/java/org/apache/kafka/streams/tests/SmokeTestDriver.java,735,605,73,35,43
streams/src/test/java/org/apache/kafka/streams/tests/StreamsOptimizedTest.java,157,108,6,2,27
streams/src/test/java/org/apache/kafka/streams/tests/StreamsUpgradeTest.java,427,350,28,23,52
streams/src/test/java/org/apache/kafka/streams/tests/EosTestClient.java,225,170,19,15,22
streams/src/test/java/org/apache/kafka/streams/tests/StreamsBrokerDownResilienceTest.java,150,99,12,8,18
streams/src/test/java/org/apache/kafka/streams/tests/RelationalSmokeTest.java,1008,832,43,70,47
streams/src/test/java/org/apache/kafka/streams/tests/StreamsNamedRepartitionTest.java,122,80,7,1,21
streams/src/test/java/org/apache/kafka/streams/tests/BrokerCompatibilityTest.java,165,128,16,4,24
streams/src/test/java/org/apache/kafka/streams/tests/StreamsSmokeTest.java,110,70,11,1,11
streams/src/test/java/org/apache/kafka/streams/tests/SystemTestUtil.java,62,25,8,3,3
streams/src/test/java/org/apache/kafka/streams/tests/RelationalSmokeTestTest.java,109,75,5,1,13
streams/src/test/java/org/apache/kafka/streams/tests/SystemTestUtilTest.java,78,48,3,7,8
streams/src/test/java/org/apache/kafka/streams/utils/TestUtils.java,273,187,13,32,27
streams/src/test/java/org/apache/kafka/streams/utils/UniqueTopicSerdeScope.java,154,113,5,25,13
streams/src/test/java/org/apache/kafka/streams/state/StoresTest.java,327,266,3,38,23
streams/src/test/java/org/apache/kafka/streams/state/HostInfoTest.java,53,28,3,4,6
streams/src/test/java/org/apache/kafka/streams/state/StreamsMetadataTest.java,146,113,4,17,11
streams/src/test/java/org/apache/kafka/streams/state/StateSerdesTest.java,140,105,5,12,10
streams/src/test/java/org/apache/kafka/streams/state/KeyValueStoreTestDriver.java,441,199,23,25,43
streams/src/test/java/org/apache/kafka/streams/state/NoOpWindowStore.java,139,96,3,21,6
streams/src/test/java/org/apache/kafka/streams/state/internals/InMemoryLRUCacheStoreTest.java,164,113,5,5,13
streams/src/test/java/org/apache/kafka/streams/state/internals/AbstractKeyValueStoreTest.java,664,513,17,44,33
streams/src/test/java/org/apache/kafka/streams/state/internals/MeteredTimestampedKeyValueStoreTest.java,538,433,8,49,51
streams/src/test/java/org/apache/kafka/streams/state/internals/InMemoryWindowStoreTest.java,188,127,3,5,21
streams/src/test/java/org/apache/kafka/streams/state/internals/TimestampedWindowStoreBuilderTest.java,244,201,5,24,24
streams/src/test/java/org/apache/kafka/streams/state/internals/RecordConvertersTest.java,53,29,3,3,9
streams/src/test/java/org/apache/kafka/streams/state/internals/ReadOnlyWindowStoreFacadeTest.java,192,146,3,13,19
streams/src/test/java/org/apache/kafka/streams/state/internals/MeteredTimestampedWindowStoreTest.java,267,221,7,24,33
streams/src/test/java/org/apache/kafka/streams/state/internals/SessionStoreBuilderTest.java,165,127,3,15,19
streams/src/test/java/org/apache/kafka/streams/state/internals/CachingPersistentSessionStoreTest.java,904,757,12,57,56
streams/src/test/java/org/apache/kafka/streams/state/internals/CompositeReadOnlyKeyValueStoreTest.java,533,432,3,49,29
streams/src/test/java/org/apache/kafka/streams/state/internals/MergedSortedCacheWrappedWindowStoreKeyValueIteratorTest.java,268,219,6,32,20
streams/src/test/java/org/apache/kafka/streams/state/internals/RocksDBTimeOrderedKeyValueBufferTest.java,216,181,3,19,27
streams/src/test/java/org/apache/kafka/streams/state/internals/RocksDBTimeOrderedSessionSchemaWithIndexSegmentedBytesStoreTest.java,25,7,3,0,0
streams/src/test/java/org/apache/kafka/streams/state/internals/TimestampedKeyAndJoinSideSerializerTest.java,73,39,3,5,6
streams/src/test/java/org/apache/kafka/streams/state/internals/LogicalKeyValueSegmentsTest.java,241,182,5,22,24
streams/src/test/java/org/apache/kafka/streams/state/internals/MeteredWindowStoreTest.java,536,416,5,49,56
streams/src/test/java/org/apache/kafka/streams/state/internals/InMemoryKeyValueStoreTest.java,449,356,7,31,33
streams/src/test/java/org/apache/kafka/streams/state/internals/SessionKeySchemaTest.java,402,335,8,51,29
streams/src/test/java/org/apache/kafka/streams/state/internals/RocksDBRangeIteratorTest.java,437,396,3,24,17
streams/src/test/java/org/apache/kafka/streams/state/internals/RocksDBVersionedStoreSegmentValueFormatterTest.java,405,287,32,20,14
streams/src/test/java/org/apache/kafka/streams/state/internals/InMemorySessionStoreTest.java,61,30,3,1,8
streams/src/test/java/org/apache/kafka/streams/state/internals/ChangeLoggingVersionedKeyValueBytesStoreTest.java,215,160,3,22,29
streams/src/test/java/org/apache/kafka/streams/state/internals/RocksDBSessionStoreTest.java,25,7,3,0,0
streams/src/test/java/org/apache/kafka/streams/state/internals/KeyValueStoreBuilderTest.java,154,118,3,14,19
streams/src/test/java/org/apache/kafka/streams/state/internals/LogicalKeyValueSegmentTest.java,505,393,4,30,26
streams/src/test/java/org/apache/kafka/streams/state/internals/WrappingStoreProviderTest.java,109,77,4,9,17
streams/src/test/java/org/apache/kafka/streams/state/internals/LeftOrRightValueSerializerTest.java,79,44,3,6,6
streams/src/test/java/org/apache/kafka/streams/state/internals/InMemoryTimeOrderedKeyValueChangeBufferTest.java,66,39,3,4,9
streams/src/test/java/org/apache/kafka/streams/state/internals/RocksDBTimeOrderedKeyValueBytesStoreTest.java,112,80,4,11,21
streams/src/test/java/org/apache/kafka/streams/state/internals/CachingInMemoryKeyValueStoreTest.java,642,536,10,54,46
streams/src/test/java/org/apache/kafka/streams/state/internals/NamedCacheTest.java,253,197,4,20,20
streams/src/test/java/org/apache/kafka/streams/state/internals/TimestampedSegmentTest.java,135,99,3,6,24
streams/src/test/java/org/apache/kafka/streams/state/internals/ChangeLoggingSessionBytesStoreTest.java,190,142,3,23,22
streams/src/test/java/org/apache/kafka/streams/state/internals/RocksDBVersionedStoreTest.java,977,758,16,61,35
streams/src/test/java/org/apache/kafka/streams/state/internals/RocksDBTimestampedStoreTest.java,483,351,15,7,23
streams/src/test/java/org/apache/kafka/streams/state/internals/RocksDBTimestampedSegmentedBytesStoreTest.java,38,18,3,1,0
streams/src/test/java/org/apache/kafka/streams/state/internals/CacheFlushListenerStub.java,48,27,3,3,5
streams/src/test/java/org/apache/kafka/streams/state/internals/StoreSerdeInitializerTest.java,155,103,9,10,16
streams/src/test/java/org/apache/kafka/streams/state/internals/TimeOrderedWindowStoreTest.java,1309,1130,28,78,72
streams/src/test/java/org/apache/kafka/streams/state/internals/KeyValueStoreWrapperTest.java,341,240,3,41,27
streams/src/test/java/org/apache/kafka/streams/state/internals/ReadOnlyWindowStoreStub.java,437,353,44,49,20
streams/src/test/java/org/apache/kafka/streams/state/internals/KeyValueIteratorFacadeTest.java,80,50,3,7,16
streams/src/test/java/org/apache/kafka/streams/state/internals/AbstractWindowBytesStoreTest.java,1197,1029,10,37,52
streams/src/test/java/org/apache/kafka/streams/state/internals/DelegatingPeekingKeyValueIteratorTest.java,100,68,5,8,9
streams/src/test/java/org/apache/kafka/streams/state/internals/QueryableStoreProviderTest.java,134,99,6,17,14
streams/src/test/java/org/apache/kafka/streams/state/internals/StoreQueryUtilsTest.java,87,64,3,2,13
streams/src/test/java/org/apache/kafka/streams/state/internals/AbstractDualSchemaRocksDBSegmentedBytesStoreTest.java,1710,1362,54,52,71
streams/src/test/java/org/apache/kafka/streams/state/internals/ListValueStoreTest.java,209,149,4,9,23
streams/src/test/java/org/apache/kafka/streams/state/internals/ChangeLoggingTimestampedKeyValueBytesStoreTest.java,214,165,3,27,26
streams/src/test/java/org/apache/kafka/streams/state/internals/ThreadCacheTest.java,630,519,22,50,21
streams/src/test/java/org/apache/kafka/streams/state/internals/GlobalStateStoreProviderTest.java,237,203,10,14,39
streams/src/test/java/org/apache/kafka/streams/state/internals/SegmentIteratorTest.java,368,285,4,21,22
streams/src/test/java/org/apache/kafka/streams/state/internals/RocksDBWindowStoreTest.java,25,7,3,0,0
streams/src/test/java/org/apache/kafka/streams/state/internals/MergedSortedCacheWrappedWindowStoreIteratorTest.java,265,226,10,16,21
streams/src/test/java/org/apache/kafka/streams/state/internals/CachingInMemorySessionStoreTest.java,873,725,12,55,57
streams/src/test/java/org/apache/kafka/streams/state/internals/CompositeReadOnlyWindowStoreTest.java,527,446,5,40,33
streams/src/test/java/org/apache/kafka/streams/state/internals/ReadOnlyKeyValueStoreFacadeTest.java,107,75,3,9,16
streams/src/test/java/org/apache/kafka/streams/state/internals/RocksDBTimeOrderedSessionStoreWithoutIndexTest.java,25,7,3,0,0
streams/src/test/java/org/apache/kafka/streams/state/internals/OffsetCheckpointTest.java,190,132,4,8,22
streams/src/test/java/org/apache/kafka/streams/state/internals/ChangeLoggingWindowBytesStoreTest.java,151,108,3,16,23
streams/src/test/java/org/apache/kafka/streams/state/internals/CachingPersistentWindowStoreTest.java,1102,940,24,75,73
streams/src/test/java/org/apache/kafka/streams/state/internals/RocksDbVersionedKeyValueBytesStoreSupplierTest.java,53,31,3,3,3
streams/src/test/java/org/apache/kafka/streams/state/internals/WindowStoreBuilderTest.java,190,149,3,16,24
streams/src/test/java/org/apache/kafka/streams/state/internals/BlockBasedTableConfigWithAccessibleCacheTest.java,55,30,3,2,8
streams/src/test/java/org/apache/kafka/streams/state/internals/RocksDBGenericOptionsToDbOptionsColumnFamilyOptionsAdapterTest.java,360,307,47,16,52
streams/src/test/java/org/apache/kafka/streams/state/internals/RocksDBTimeOrderedWindowSchemaWithoutIndexSegmentedBytesStoreTest.java,25,7,3,0,0
streams/src/test/java/org/apache/kafka/streams/state/internals/ValueAndTimestampSerializerTest.java,99,60,3,8,10
streams/src/test/java/org/apache/kafka/streams/state/internals/ChangeLoggingKeyValueBytesStoreTest.java,276,224,4,32,46
streams/src/test/java/org/apache/kafka/streams/state/internals/RocksDBSegmentedBytesStoreTest.java,38,18,3,1,0
streams/src/test/java/org/apache/kafka/streams/state/internals/AbstractSessionBytesStoreTest.java,1025,821,21,39,55
streams/src/test/java/org/apache/kafka/streams/state/internals/MaybeTest.java,79,48,4,5,6
streams/src/test/java/org/apache/kafka/streams/state/internals/RocksDBTimeOrderedSessionSchemaWithoutIndexSegmentedBytesStoreTest.java,25,7,3,0,0
streams/src/test/java/org/apache/kafka/streams/state/internals/KeyValueSegmentsTest.java,355,289,8,31,23
streams/src/test/java/org/apache/kafka/streams/state/internals/ChangeLoggingTimestampedWindowBytesStoreTest.java,135,95,3,15,23
streams/src/test/java/org/apache/kafka/streams/state/internals/CompositeReadOnlySessionStoreTest.java,198,156,4,19,24
streams/src/test/java/org/apache/kafka/streams/state/internals/MergedSortedCacheKeyValueBytesStoreIteratorTest.java,279,230,16,18,10
streams/src/test/java/org/apache/kafka/streams/state/internals/WindowKeySchemaTest.java,567,479,16,53,30
streams/src/test/java/org/apache/kafka/streams/state/internals/RocksDBStoreTest.java,1298,1081,17,77,97
streams/src/test/java/org/apache/kafka/streams/state/internals/FilteredCacheIteratorTest.java,124,88,6,15,16
streams/src/test/java/org/apache/kafka/streams/state/internals/WindowStoreFetchTest.java,295,243,20,27,43
streams/src/test/java/org/apache/kafka/streams/state/internals/AbstractRocksDBSegmentedBytesStoreTest.java,917,718,29,38,64
streams/src/test/java/org/apache/kafka/streams/state/internals/TimestampedKeyValueStoreBuilderTest.java,190,145,3,18,18
streams/src/test/java/org/apache/kafka/streams/state/internals/RocksDbIndexedTimeOrderedWindowBytesStoreSupplierTest.java,76,50,3,6,11
streams/src/test/java/org/apache/kafka/streams/state/internals/AbstractRocksDBWindowStoreTest.java,790,653,22,10,26
streams/src/test/java/org/apache/kafka/streams/state/internals/MeteredVersionedKeyValueStoreTest.java,476,365,5,52,58
streams/src/test/java/org/apache/kafka/streams/state/internals/SerdeThatDoesntHandleNull.java,54,33,5,4,7
streams/src/test/java/org/apache/kafka/streams/state/internals/MeteredKeyValueStoreTest.java,576,461,5,58,51
streams/src/test/java/org/apache/kafka/streams/state/internals/RocksDBTimeOrderedWindowStoreWithIndexTest.java,25,7,3,0,0
streams/src/test/java/org/apache/kafka/streams/state/internals/MergedSortedCacheWrappedSessionStoreIteratorTest.java,156,115,3,23,12
streams/src/test/java/org/apache/kafka/streams/state/internals/MeteredSessionStoreTest.java,754,600,5,75,52
streams/src/test/java/org/apache/kafka/streams/state/internals/Murmur3Test.java,71,38,6,2,4
streams/src/test/java/org/apache/kafka/streams/state/internals/RocksDBTimeOrderedWindowSchemaWithIndexSegmentedBytesStoreTest.java,25,7,3,0,0
streams/src/test/java/org/apache/kafka/streams/state/internals/SegmentedCacheFunctionTest.java,179,133,3,11,9
streams/src/test/java/org/apache/kafka/streams/state/internals/TimeOrderedCachingPersistentWindowStoreTest.java,1293,1121,28,77,73
streams/src/test/java/org/apache/kafka/streams/state/internals/MonotonicProcessorRecordContext.java,45,23,4,5,2
streams/src/test/java/org/apache/kafka/streams/state/internals/SessionStoreFetchTest.java,319,261,19,30,43
streams/src/test/java/org/apache/kafka/streams/state/internals/TimeOrderedKeyValueBufferTest.java,1087,869,15,30,43
streams/src/test/java/org/apache/kafka/streams/state/internals/RocksDBTimeOrderedSessionStoreWithIndexTest.java,25,7,3,0,0
streams/src/test/java/org/apache/kafka/streams/state/internals/VersionedKeyValueStoreBuilderTest.java,164,117,3,18,18
streams/src/test/java/org/apache/kafka/streams/state/internals/BufferValueTest.java,209,162,3,16,11
streams/src/test/java/org/apache/kafka/streams/state/internals/InMemoryKeyValueLoggedStoreTest.java,43,21,3,1,6
streams/src/test/java/org/apache/kafka/streams/state/internals/ContextualRecordTest.java,79,46,4,4,7
streams/src/test/java/org/apache/kafka/streams/state/internals/KeyValueSegmentTest.java,129,93,3,6,24
streams/src/test/java/org/apache/kafka/streams/state/internals/TimestampedSegmentsTest.java,356,290,8,31,23
streams/src/test/java/org/apache/kafka/streams/state/internals/RocksDBTimeOrderedWindowStoreWithoutIndexTest.java,25,7,3,0,0
streams/src/test/java/org/apache/kafka/streams/state/internals/StreamThreadStateStoreProviderTest.java,520,463,12,30,78
streams/src/test/java/org/apache/kafka/streams/state/internals/metrics/RocksDBMetricsRecordingTriggerTest.java,91,61,3,12,12
streams/src/test/java/org/apache/kafka/streams/state/internals/metrics/StateStoreMetricsTest.java,403,344,3,28,13
streams/src/test/java/org/apache/kafka/streams/state/internals/metrics/RocksDBMetricsRecorderTest.java,604,511,12,67,37
streams/src/test/java/org/apache/kafka/streams/state/internals/metrics/NamedCacheMetricsTest.java,71,46,3,10,13
streams/src/test/java/org/apache/kafka/streams/state/internals/metrics/RocksDBMetricsTest.java,548,466,11,57,16
streams/src/test/java/org/apache/kafka/streams/state/internals/metrics/RocksDBMetricsRecorderGaugesTest.java,273,212,3,40,45
streams/src/test/java/org/apache/kafka/streams/state/internals/metrics/RocksDBBlockCacheMetricsTest.java,146,113,5,11,28
streams/src/test/java/org/apache/kafka/streams/internals/ApiUtilsTest.java,108,72,10,9,10
streams/src/test/java/org/apache/kafka/streams/internals/metrics/OpenIteratorsTest.java,73,45,3,2,14
streams/src/test/java/org/apache/kafka/streams/internals/metrics/StreamsThreadMetricsDelegatingReporterTest.java,121,84,3,14,16
streams/src/test/java/org/apache/kafka/streams/internals/metrics/ClientMetricsTest.java,203,161,3,17,15
streams/src/test/java/org/apache/kafka/streams/internals/metrics/StreamsClientMetricsDelegatingReporterTest.java,106,71,7,13,14
streams/src/test/java/org/apache/kafka/streams/errors/ExceptionHandlerUtilsTest.java,114,86,3,3,22
streams/src/test/java/org/apache/kafka/streams/query/MultiVersionedKeyQueryTest.java,32,11,3,1,3
streams/src/test/java/org/apache/kafka/streams/query/StateQueryResultTest.java,62,36,3,1,7
streams/src/test/java/org/apache/kafka/streams/query/PositionTest.java,351,267,19,13,24
streams/src/test/java/org/apache/kafka/streams/query/VersionedKeyQueryTest.java,39,18,3,2,4
streams/src/test/java/org/apache/kafka/streams/query/PositionBoundTest.java,96,63,3,8,11
streams/src/test/java/org/apache/kafka/common/metrics/SensorAccessor.java,35,11,3,3,1
streams/src/main/java/org/apache/kafka/streams/StreamsMetadata.java,104,15,10,0,3
streams/src/main/java/org/apache/kafka/streams/StreamsConfig.java,2193,700,186,226,63
streams/src/main/java/org/apache/kafka/streams/Topology.java,984,449,46,44,25
streams/src/main/java/org/apache/kafka/streams/TopologyConfig.java,381,303,27,34,51
streams/src/main/java/org/apache/kafka/streams/LagInfo.java,91,43,9,9,1
streams/src/main/java/org/apache/kafka/streams/TaskMetadata.java,87,15,8,0,5
streams/src/main/java/org/apache/kafka/streams/StreamsMetrics.java,142,24,14,0,4
streams/src/main/java/org/apache/kafka/streams/TopologyDescription.java,190,52,9,0,7
streams/src/main/java/org/apache/kafka/streams/GroupProtocol.java,43,11,3,3,1
streams/src/main/java/org/apache/kafka/streams/StreamsBuilder.java,598,175,55,24,28
streams/src/main/java/org/apache/kafka/streams/StoreQueryParameters.java,129,61,10,15,2
streams/src/main/java/org/apache/kafka/streams/ClientInstanceIds.java,53,11,4,0,2
streams/src/main/java/org/apache/kafka/streams/AutoOffsetReset.java,103,49,12,10,5
streams/src/main/java/org/apache/kafka/streams/KafkaStreams.java,2179,1414,273,117,99
streams/src/main/java/org/apache/kafka/streams/KafkaClientSupplier.java,78,16,5,0,6
streams/src/main/java/org/apache/kafka/streams/KeyQueryMetadata.java,103,48,9,11,4
streams/src/main/java/org/apache/kafka/streams/package-info.java,20,1,4,0,0
streams/src/main/java/org/apache/kafka/streams/ThreadMetadata.java,114,14,7,0,1
streams/src/main/java/org/apache/kafka/streams/KeyValue.java,83,30,7,7,1
streams/src/main/java/org/apache/kafka/streams/kstream/SessionWindowedCogroupedKStream.java,243,21,22,0,6
streams/src/main/java/org/apache/kafka/streams/kstream/Merger.java,38,5,4,0,0
streams/src/main/java/org/apache/kafka/streams/kstream/ValueTransformerSupplier.java,52,8,3,0,2
streams/src/main/java/org/apache/kafka/streams/kstream/Grouped.java,195,45,22,13,1
streams/src/main/java/org/apache/kafka/streams/kstream/Initializer.java,42,5,6,0,0
streams/src/main/java/org/apache/kafka/streams/kstream/ValueTransformerWithKeySupplier.java,51,7,3,0,2
streams/src/main/java/org/apache/kafka/streams/kstream/Printed.java,136,53,6,11,7
streams/src/main/java/org/apache/kafka/streams/kstream/TableJoined.java,135,35,22,10,2
streams/src/main/java/org/apache/kafka/streams/kstream/Window.java,140,59,15,13,2
streams/src/main/java/org/apache/kafka/streams/kstream/JoinWindows.java,271,101,28,18,6
streams/src/main/java/org/apache/kafka/streams/kstream/CogroupedKStream.java,326,25,8,0,9
streams/src/main/java/org/apache/kafka/streams/kstream/WindowedSerdes.java,90,52,11,7,4
streams/src/main/java/org/apache/kafka/streams/kstream/Aggregator.java,57,5,5,0,0
streams/src/main/java/org/apache/kafka/streams/kstream/BranchedKStream.java,182,10,26,0,2
streams/src/main/java/org/apache/kafka/streams/kstream/Transformer.java,100,14,9,0,7
streams/src/main/java/org/apache/kafka/streams/kstream/SessionWindowedKStream.java,664,40,55,0,8
streams/src/main/java/org/apache/kafka/streams/kstream/ValueMapper.java,50,6,6,0,1
streams/src/main/java/org/apache/kafka/streams/kstream/ValueJoinerWithKey.java,59,5,7,0,0
streams/src/main/java/org/apache/kafka/streams/kstream/ValueJoiner.java,54,5,7,0,0
streams/src/main/java/org/apache/kafka/streams/kstream/Produced.java,197,83,18,18,6
streams/src/main/java/org/apache/kafka/streams/kstream/StreamJoined.java,429,266,35,27,5
streams/src/main/java/org/apache/kafka/streams/kstream/Windows.java,77,11,7,6,2
streams/src/main/java/org/apache/kafka/streams/kstream/Windowed.java,83,35,6,8,0
streams/src/main/java/org/apache/kafka/streams/kstream/TimeWindows.java,204,89,17,13,9
streams/src/main/java/org/apache/kafka/streams/kstream/TimeWindowedCogroupedKStream.java,232,19,23,0,8
streams/src/main/java/org/apache/kafka/streams/kstream/KeyValueMapper.java,58,6,7,0,1
streams/src/main/java/org/apache/kafka/streams/kstream/Reducer.java,50,6,6,0,1
streams/src/main/java/org/apache/kafka/streams/kstream/Consumed.java,336,125,10,24,6
streams/src/main/java/org/apache/kafka/streams/kstream/Predicate.java,45,6,6,0,1
streams/src/main/java/org/apache/kafka/streams/kstream/NamedOperation.java,32,4,4,0,0
streams/src/main/java/org/apache/kafka/streams/kstream/ForeachAction.java,45,5,6,0,0
streams/src/main/java/org/apache/kafka/streams/kstream/KStream.java,1595,183,132,0,20
streams/src/main/java/org/apache/kafka/streams/kstream/ForeachProcessor.java,38,14,3,3,2
streams/src/main/java/org/apache/kafka/streams/kstream/GlobalKTable.java,83,12,8,0,8
streams/src/main/java/org/apache/kafka/streams/kstream/Branched.java,166,50,11,11,3
streams/src/main/java/org/apache/kafka/streams/kstream/TimeWindowedSerializer.java,118,79,15,9,10
streams/src/main/java/org/apache/kafka/streams/kstream/Repartitioned.java,171,62,14,16,5
streams/src/main/java/org/apache/kafka/streams/kstream/KGroupedTable.java,703,39,36,0,7
streams/src/main/java/org/apache/kafka/streams/kstream/UnlimitedWindows.java,131,60,11,11,8
streams/src/main/java/org/apache/kafka/streams/kstream/Named.java,88,48,14,8,2
streams/src/main/java/org/apache/kafka/streams/kstream/KGroupedStream.java,582,37,33,0,10
streams/src/main/java/org/apache/kafka/streams/kstream/TransformerSupplier.java,54,8,3,0,2
streams/src/main/java/org/apache/kafka/streams/kstream/SessionWindowedDeserializer.java,111,72,16,8,9
streams/src/main/java/org/apache/kafka/streams/kstream/Materialized.java,395,144,16,33,21
streams/src/main/java/org/apache/kafka/streams/kstream/EmitStrategy.java,113,45,10,6,7
streams/src/main/java/org/apache/kafka/streams/kstream/ValueMapperWithKey.java,52,5,6,0,0
streams/src/main/java/org/apache/kafka/streams/kstream/Suppressed.java,199,40,22,0,7
streams/src/main/java/org/apache/kafka/streams/kstream/KTable.java,2471,175,277,0,18
streams/src/main/java/org/apache/kafka/streams/kstream/TimeWindowedDeserializer.java,159,108,21,15,9
streams/src/main/java/org/apache/kafka/streams/kstream/SessionWindows.java,176,61,15,10,7
streams/src/main/java/org/apache/kafka/streams/kstream/ValueTransformerWithKey.java,108,14,8,0,8
streams/src/main/java/org/apache/kafka/streams/kstream/TimeWindowedKStream.java,679,38,57,0,10
streams/src/main/java/org/apache/kafka/streams/kstream/package-info.java,21,1,4,0,0
streams/src/main/java/org/apache/kafka/streams/kstream/ValueTransformer.java,102,16,7,0,9
streams/src/main/java/org/apache/kafka/streams/kstream/SlidingWindows.java,163,49,13,10,7
streams/src/main/java/org/apache/kafka/streams/kstream/SessionWindowedSerializer.java,117,78,16,9,10
streams/src/main/java/org/apache/kafka/streams/kstream/Joined.java,306,86,10,23,2
streams/src/main/java/org/apache/kafka/streams/kstream/internals/KTableMapValues.java,203,149,15,25,13
streams/src/main/java/org/apache/kafka/streams/kstream/internals/KTableKTableRightJoin.java,194,139,12,15,13
streams/src/main/java/org/apache/kafka/streams/kstream/internals/KStreamKTableJoin.java,64,39,3,9,9
streams/src/main/java/org/apache/kafka/streams/kstream/internals/KStreamKTableJoinProcessor.java,179,138,17,20,22
streams/src/main/java/org/apache/kafka/streams/kstream/internals/KStreamMap.java,51,27,3,4,7
streams/src/main/java/org/apache/kafka/streams/kstream/internals/KTablePassThrough.java,105,69,4,15,6
streams/src/main/java/org/apache/kafka/streams/kstream/internals/WindowStoreMaterializer.java,112,80,6,9,10
streams/src/main/java/org/apache/kafka/streams/kstream/internals/WrappingNullableSerde.java,67,41,3,8,6
streams/src/main/java/org/apache/kafka/streams/kstream/internals/KStreamFlatMapValues.java,48,26,4,3,5
streams/src/main/java/org/apache/kafka/streams/kstream/internals/WrappingNullableUtils.java,106,71,9,11,5
streams/src/main/java/org/apache/kafka/streams/kstream/internals/OuterStreamJoinStoreFactory.java,213,157,19,19,20
streams/src/main/java/org/apache/kafka/streams/kstream/internals/FullChangeSerde.java,86,52,7,7,6
streams/src/main/java/org/apache/kafka/streams/kstream/internals/KStreamImplJoin.java,281,211,20,16,24
streams/src/main/java/org/apache/kafka/streams/kstream/internals/KTableKTableLeftJoin.java,203,148,14,15,14
streams/src/main/java/org/apache/kafka/streams/kstream/internals/WrappingNullableSerializer.java,24,6,3,0,2
streams/src/main/java/org/apache/kafka/streams/kstream/internals/Change.java,60,36,7,8,1
streams/src/main/java/org/apache/kafka/streams/kstream/internals/WindowedSerializer.java,25,6,3,0,2
streams/src/main/java/org/apache/kafka/streams/kstream/internals/GroupedInternal.java,40,17,3,4,2
streams/src/main/java/org/apache/kafka/streams/kstream/internals/AbstractConfigurableStoreFactory.java,56,33,5,6,5
streams/src/main/java/org/apache/kafka/streams/kstream/internals/KTableProcessorSupplier.java,40,6,5,0,1
streams/src/main/java/org/apache/kafka/streams/kstream/internals/MaterializedStoreFactory.java,87,52,5,12,5
streams/src/main/java/org/apache/kafka/streams/kstream/internals/KStreamSessionWindowAggregate.java,403,312,30,43,34
streams/src/main/java/org/apache/kafka/streams/kstream/internals/SessionCacheFlushListener.java,47,26,3,3,6
streams/src/main/java/org/apache/kafka/streams/kstream/internals/SlidingWindowedKStreamImpl.java,212,167,8,18,20
streams/src/main/java/org/apache/kafka/streams/kstream/internals/ChangedDeserializer.java,151,111,14,10,6
streams/src/main/java/org/apache/kafka/streams/kstream/internals/KTableMaterializedValueGetterSupplier.java,62,36,3,8,3
streams/src/main/java/org/apache/kafka/streams/kstream/internals/KGroupedStreamImpl.java,263,206,10,17,21
streams/src/main/java/org/apache/kafka/streams/kstream/internals/JoinWindowsInternal.java,30,10,3,2,1
streams/src/main/java/org/apache/kafka/streams/kstream/internals/TimeWindowedCogroupedKStreamImpl.java,100,72,3,7,16
streams/src/main/java/org/apache/kafka/streams/kstream/internals/CogroupedKStreamImpl.java,150,119,3,11,21
streams/src/main/java/org/apache/kafka/streams/kstream/internals/KTableImpl.java,1441,1174,49,90,74
streams/src/main/java/org/apache/kafka/streams/kstream/internals/StreamJoinedInternal.java,94,56,6,12,6
streams/src/main/java/org/apache/kafka/streams/kstream/internals/TimeWindowedKStreamImpl.java,245,192,13,18,23
streams/src/main/java/org/apache/kafka/streams/kstream/internals/KTableValueGetterSupplier.java,24,5,3,0,0
streams/src/main/java/org/apache/kafka/streams/kstream/internals/InternalStreamsBuilder.java,718,542,88,45,48
streams/src/main/java/org/apache/kafka/streams/kstream/internals/KTableKTableAbstractJoin.java,72,43,3,7,3
streams/src/main/java/org/apache/kafka/streams/kstream/internals/InternalNameProvider.java,23,5,3,0,0
streams/src/main/java/org/apache/kafka/streams/kstream/internals/SessionStoreMaterializer.java,113,80,7,10,9
streams/src/main/java/org/apache/kafka/streams/kstream/internals/KStreamMapValues.java,45,23,3,4,5
streams/src/main/java/org/apache/kafka/streams/kstream/internals/KTableKTableJoinMerger.java,150,112,10,18,12
streams/src/main/java/org/apache/kafka/streams/kstream/internals/SlidingWindowStoreMaterializer.java,119,84,7,9,10
streams/src/main/java/org/apache/kafka/streams/kstream/internals/TimestampedCacheFlushListener.java,60,37,3,3,7
streams/src/main/java/org/apache/kafka/streams/kstream/internals/KStreamAggProcessorSupplier.java,26,6,3,0,1
streams/src/main/java/org/apache/kafka/streams/kstream/internals/ChangedSerializer.java,154,109,30,12,9
streams/src/main/java/org/apache/kafka/streams/kstream/internals/StreamJoinedStoreFactory.java,164,121,8,20,13
streams/src/main/java/org/apache/kafka/streams/kstream/internals/PassThrough.java,37,17,3,2,4
streams/src/main/java/org/apache/kafka/streams/kstream/internals/TimestampedTupleForwarder.java,65,36,6,4,6
streams/src/main/java/org/apache/kafka/streams/kstream/internals/SessionWindowedCogroupedKStreamImpl.java,109,81,3,7,17
streams/src/main/java/org/apache/kafka/streams/kstream/internals/KStreamFlatMap.java,52,29,4,3,7
streams/src/main/java/org/apache/kafka/streams/kstream/internals/KTableKTableAbstractJoinValueGetterSupplier.java,43,22,3,1,3
streams/src/main/java/org/apache/kafka/streams/kstream/internals/JoinedInternal.java,51,26,3,5,3
streams/src/main/java/org/apache/kafka/streams/kstream/internals/ForeachProcessor.java,35,14,3,3,3
streams/src/main/java/org/apache/kafka/streams/kstream/internals/BranchedInternal.java,49,25,3,2,4
streams/src/main/java/org/apache/kafka/streams/kstream/internals/KStreamKStreamJoinLeftSide.java,72,45,3,6,7
streams/src/main/java/org/apache/kafka/streams/kstream/internals/KStreamKStreamJoin.java,325,218,31,32,28
streams/src/main/java/org/apache/kafka/streams/kstream/internals/KStreamFilter.java,48,26,4,5,5
streams/src/main/java/org/apache/kafka/streams/kstream/internals/KTableSourceValueGetterSupplier.java,61,34,3,9,3
streams/src/main/java/org/apache/kafka/streams/kstream/internals/KStreamWindowAggregate.java,233,171,17,25,24
streams/src/main/java/org/apache/kafka/streams/kstream/internals/ProducedInternal.java,45,21,3,5,3
streams/src/main/java/org/apache/kafka/streams/kstream/internals/PrintedInternal.java,34,14,3,3,2
streams/src/main/java/org/apache/kafka/streams/kstream/internals/SessionWindowedKStreamImpl.java,256,205,10,20,22
streams/src/main/java/org/apache/kafka/streams/kstream/internals/AbstractKStreamTimeWindowAggregateProcessor.java,232,179,21,24,24
streams/src/main/java/org/apache/kafka/streams/kstream/internals/TimeWindow.java,68,19,11,2,1
streams/src/main/java/org/apache/kafka/streams/kstream/internals/KTableReduce.java,142,98,11,13,17
streams/src/main/java/org/apache/kafka/streams/kstream/internals/KTableRepartitionMap.java,221,150,36,21,13
streams/src/main/java/org/apache/kafka/streams/kstream/internals/WindowedStreamPartitioner.java,55,18,6,3,6
streams/src/main/java/org/apache/kafka/streams/kstream/internals/BranchedKStreamImpl.java,119,86,7,16,10
streams/src/main/java/org/apache/kafka/streams/kstream/internals/KStreamJoinWindow.java,72,41,7,6,11
streams/src/main/java/org/apache/kafka/streams/kstream/internals/KStreamKStreamSelfJoin.java,154,109,9,15,20
streams/src/main/java/org/apache/kafka/streams/kstream/internals/KeyValueStoreMaterializer.java,107,72,9,7,11
streams/src/main/java/org/apache/kafka/streams/kstream/internals/KTableAggregate.java,151,106,12,14,18
streams/src/main/java/org/apache/kafka/streams/kstream/internals/KStreamKStreamJoinRightSide.java,71,45,3,6,7
streams/src/main/java/org/apache/kafka/streams/kstream/internals/PrintForeachAction.java,67,36,6,6,6
streams/src/main/java/org/apache/kafka/streams/kstream/internals/KGroupedTableImpl.java,249,184,9,20,19
streams/src/main/java/org/apache/kafka/streams/kstream/internals/RepartitionedInternal.java,53,28,3,6,4
streams/src/main/java/org/apache/kafka/streams/kstream/internals/SubscriptionStoreFactory.java,116,83,5,16,9
streams/src/main/java/org/apache/kafka/streams/kstream/internals/SessionWindow.java,60,15,10,2,1
streams/src/main/java/org/apache/kafka/streams/kstream/internals/KTableFilter.java,229,168,19,28,13
streams/src/main/java/org/apache/kafka/streams/kstream/internals/KTableRepartitionMapSupplier.java,40,6,5,0,1
streams/src/main/java/org/apache/kafka/streams/kstream/internals/KStreamGlobalKTableJoin.java,47,25,3,5,5
streams/src/main/java/org/apache/kafka/streams/kstream/internals/ConsumedInternal.java,58,32,3,8,5
streams/src/main/java/org/apache/kafka/streams/kstream/internals/KStreamAggregate.java,185,138,8,22,22
streams/src/main/java/org/apache/kafka/streams/kstream/internals/WrappingNullableDeserializer.java,24,6,3,0,2
streams/src/main/java/org/apache/kafka/streams/kstream/internals/KTableValueGetter.java,45,12,5,0,2
streams/src/main/java/org/apache/kafka/streams/kstream/internals/FullTimeWindowedSerde.java,32,14,3,0,5
streams/src/main/java/org/apache/kafka/streams/kstream/internals/KTableKTableInnerJoin.java,194,141,13,15,13
streams/src/main/java/org/apache/kafka/streams/kstream/internals/GlobalKTableImpl.java,41,18,3,3,1
streams/src/main/java/org/apache/kafka/streams/kstream/internals/MaterializedInternal.java,133,92,16,14,11
streams/src/main/java/org/apache/kafka/streams/kstream/internals/UnlimitedWindow.java,63,15,8,2,1
streams/src/main/java/org/apache/kafka/streams/kstream/internals/KTableTransformValues.java,204,152,11,25,17
streams/src/main/java/org/apache/kafka/streams/kstream/internals/CogroupedStreamAggregateBuilder.java,287,242,12,4,23
streams/src/main/java/org/apache/kafka/streams/kstream/internals/GroupedStreamAggregateBuilder.java,174,121,8,11,12
streams/src/main/java/org/apache/kafka/streams/kstream/internals/SlidingWindowedCogroupedKStreamImpl.java,97,70,3,7,15
streams/src/main/java/org/apache/kafka/streams/kstream/internals/KStreamPeek.java,46,23,3,4,5
streams/src/main/java/org/apache/kafka/streams/kstream/internals/KTableKTableOuterJoin.java,211,156,15,15,14
streams/src/main/java/org/apache/kafka/streams/kstream/internals/KStreamImpl.java,1375,1127,27,95,56
streams/src/main/java/org/apache/kafka/streams/kstream/internals/TableJoinedInternal.java,39,17,3,3,2
streams/src/main/java/org/apache/kafka/streams/kstream/internals/KStreamBranch.java,61,34,7,4,6
streams/src/main/java/org/apache/kafka/streams/kstream/internals/AbstractStream.java,120,75,7,10,11
streams/src/main/java/org/apache/kafka/streams/kstream/internals/KStreamReduce.java,181,133,8,21,21
streams/src/main/java/org/apache/kafka/streams/kstream/internals/NamedInternal.java,96,48,10,4,1
streams/src/main/java/org/apache/kafka/streams/kstream/internals/KStreamPrint.java,52,27,4,5,4
streams/src/main/java/org/apache/kafka/streams/kstream/internals/KTableSource.java,179,138,16,18,20
streams/src/main/java/org/apache/kafka/streams/kstream/internals/StreamStreamJoinUtil.java,61,33,7,2,5
streams/src/main/java/org/apache/kafka/streams/kstream/internals/KStreamSlidingWindowAggregate.java,521,404,65,37,25
streams/src/main/java/org/apache/kafka/streams/kstream/internals/foreignkeyjoin/ForeignKeyExtractor.java,48,13,4,0,2
streams/src/main/java/org/apache/kafka/streams/kstream/internals/foreignkeyjoin/CombinedKey.java,64,40,6,7,1
streams/src/main/java/org/apache/kafka/streams/kstream/internals/foreignkeyjoin/SubscriptionJoinProcessorSupplier.java,142,96,11,7,11
streams/src/main/java/org/apache/kafka/streams/kstream/internals/foreignkeyjoin/SubscriptionResponseWrapperSerde.java,145,101,10,13,8
streams/src/main/java/org/apache/kafka/streams/kstream/internals/foreignkeyjoin/SubscriptionWrapper.java,142,94,13,19,3
streams/src/main/java/org/apache/kafka/streams/kstream/internals/foreignkeyjoin/ForeignTableJoinProcessorSupplier.java,152,112,10,14,23
streams/src/main/java/org/apache/kafka/streams/kstream/internals/foreignkeyjoin/CombinedKeySchema.java,108,68,4,11,7
streams/src/main/java/org/apache/kafka/streams/kstream/internals/foreignkeyjoin/ResponseJoinProcessorSupplier.java,134,88,8,14,18
streams/src/main/java/org/apache/kafka/streams/kstream/internals/foreignkeyjoin/SubscriptionSendProcessorSupplier.java,212,165,23,24,22
streams/src/main/java/org/apache/kafka/streams/kstream/internals/foreignkeyjoin/SubscriptionReceiveProcessorSupplier.java,143,105,9,13,21
streams/src/main/java/org/apache/kafka/streams/kstream/internals/foreignkeyjoin/SubscriptionResponseWrapper.java,99,69,9,13,3
streams/src/main/java/org/apache/kafka/streams/kstream/internals/foreignkeyjoin/SubscriptionWrapperSerde.java,239,188,35,18,13
streams/src/main/java/org/apache/kafka/streams/kstream/internals/graph/TableFilterNode.java,41,19,5,2,2
streams/src/main/java/org/apache/kafka/streams/kstream/internals/graph/TableSuppressNode.java,27,7,3,1,0
streams/src/main/java/org/apache/kafka/streams/kstream/internals/graph/StreamSourceNode.java,92,62,7,6,8
streams/src/main/java/org/apache/kafka/streams/kstream/internals/graph/ForeignJoinSubscriptionSendNode.java,40,19,5,2,2
streams/src/main/java/org/apache/kafka/streams/kstream/internals/graph/TableSourceNode.java,176,125,11,23,6
streams/src/main/java/org/apache/kafka/streams/kstream/internals/graph/ForeignTableJoinNode.java,39,18,5,2,2
streams/src/main/java/org/apache/kafka/streams/kstream/internals/graph/StreamTableJoinNode.java,82,47,9,7,3
streams/src/main/java/org/apache/kafka/streams/kstream/internals/graph/NodesWithRelaxedNullKeyJoinDownstream.java,54,32,7,6,3
streams/src/main/java/org/apache/kafka/streams/kstream/internals/graph/StreamSinkNode.java,75,46,5,5,8
streams/src/main/java/org/apache/kafka/streams/kstream/internals/graph/VersionedSemanticsGraphNode.java,33,4,4,0,0
streams/src/main/java/org/apache/kafka/streams/kstream/internals/graph/OptimizableRepartitionNode.java,111,80,3,8,5
streams/src/main/java/org/apache/kafka/streams/kstream/internals/graph/GroupedTableOperationRepartitionNode.java,120,89,3,7,8
streams/src/main/java/org/apache/kafka/streams/kstream/internals/graph/SourceGraphNode.java,76,45,3,10,8
streams/src/main/java/org/apache/kafka/streams/kstream/internals/graph/WindowedStreamProcessorNode.java,38,15,3,3,0
streams/src/main/java/org/apache/kafka/streams/kstream/internals/graph/KTableKTableJoinNode.java,220,163,6,37,7
streams/src/main/java/org/apache/kafka/streams/kstream/internals/graph/BaseRepartitionNode.java,154,114,3,30,5
streams/src/main/java/org/apache/kafka/streams/kstream/internals/graph/StreamToTableNode.java,44,18,3,4,1
streams/src/main/java/org/apache/kafka/streams/kstream/internals/graph/ProcessorParameters.java,110,67,9,10,6
streams/src/main/java/org/apache/kafka/streams/kstream/internals/graph/GracePeriodGraphNode.java,38,13,4,3,0
streams/src/main/java/org/apache/kafka/streams/kstream/internals/graph/StateStoreNode.java,46,23,3,4,3
streams/src/main/java/org/apache/kafka/streams/kstream/internals/graph/GlobalStoreNode.java,80,54,3,9,7
streams/src/main/java/org/apache/kafka/streams/kstream/internals/graph/TableRepartitionMapNode.java,41,19,5,2,2
streams/src/main/java/org/apache/kafka/streams/kstream/internals/graph/GraphNode.java,170,118,9,35,6
streams/src/main/java/org/apache/kafka/streams/kstream/internals/graph/StreamStreamJoinNode.java,169,118,4,30,2
streams/src/main/java/org/apache/kafka/streams/kstream/internals/graph/UnoptimizableRepartitionNode.java,100,71,3,5,5
streams/src/main/java/org/apache/kafka/streams/kstream/internals/graph/ProcessorGraphNode.java,54,23,3,5,1
streams/src/main/java/org/apache/kafka/streams/kstream/internals/graph/GraphGraceSearchUtil.java,64,34,11,3,1
streams/src/main/java/org/apache/kafka/streams/kstream/internals/graph/BaseJoinProcessorNode.java,86,51,3,9,1
streams/src/main/java/org/apache/kafka/streams/kstream/internals/graph/ProcessorToStateConnectorNode.java,74,33,5,5,5
streams/src/main/java/org/apache/kafka/streams/kstream/internals/emitstrategy/WindowCloseStrategy.java,31,8,3,1,1
streams/src/main/java/org/apache/kafka/streams/kstream/internals/emitstrategy/WindowUpdateStrategy.java,30,8,3,1,1
streams/src/main/java/org/apache/kafka/streams/kstream/internals/suppress/TimeDefinitions.java,63,33,3,7,2
streams/src/main/java/org/apache/kafka/streams/kstream/internals/suppress/StrictBufferConfigImpl.java,125,89,8,18,5
streams/src/main/java/org/apache/kafka/streams/kstream/internals/suppress/NamedSuppressed.java,28,5,4,0,1
streams/src/main/java/org/apache/kafka/streams/kstream/internals/suppress/KTableSuppressProcessorSupplier.java,232,183,12,34,23
streams/src/main/java/org/apache/kafka/streams/kstream/internals/suppress/EagerBufferConfigImpl.java,110,77,7,16,4
streams/src/main/java/org/apache/kafka/streams/kstream/internals/suppress/BufferConfigInternal.java,56,29,3,8,3
streams/src/main/java/org/apache/kafka/streams/kstream/internals/suppress/FinalResultsSuppressionBuilder.java,79,53,6,9,4
streams/src/main/java/org/apache/kafka/streams/kstream/internals/suppress/BufferFullStrategy.java,22,5,3,1,0
streams/src/main/java/org/apache/kafka/streams/kstream/internals/suppress/SuppressedInternal.java,118,75,12,14,4
streams/src/main/java/org/apache/kafka/streams/processor/LogAndSkipOnInvalidTimestamp.java,69,14,5,2,3
streams/src/main/java/org/apache/kafka/streams/processor/TimestampExtractor.java,52,7,7,0,2
streams/src/main/java/org/apache/kafka/streams/processor/StateRestoreCallback.java,27,5,4,0,0
streams/src/main/java/org/apache/kafka/streams/processor/CommitCallback.java,31,8,3,0,2
streams/src/main/java/org/apache/kafka/streams/processor/StateStoreContext.java,147,26,13,0,8
streams/src/main/java/org/apache/kafka/streams/processor/StandbyUpdateListener.java,85,22,11,0,1
streams/src/main/java/org/apache/kafka/streams/processor/RecordContext.java,140,12,22,0,2
streams/src/main/java/org/apache/kafka/streams/processor/BatchingStateRestoreCallback.java,45,10,4,0,2
streams/src/main/java/org/apache/kafka/streams/processor/ProcessorContext.java,326,42,30,0,14
streams/src/main/java/org/apache/kafka/streams/processor/WallclockTimestampExtractor.java,46,8,5,1,1
streams/src/main/java/org/apache/kafka/streams/processor/To.java,99,51,9,11,1
streams/src/main/java/org/apache/kafka/streams/processor/FailOnInvalidTimestamp.java,75,20,5,2,4
streams/src/main/java/org/apache/kafka/streams/processor/StateRestoreListener.java,110,19,12,0,1
streams/src/main/java/org/apache/kafka/streams/processor/Cancellable.java,33,6,3,0,1
streams/src/main/java/org/apache/kafka/streams/processor/StreamPartitioner.java,69,8,5,0,3
streams/src/main/java/org/apache/kafka/streams/processor/TopicNameExtractor.java,35,5,3,0,0
streams/src/main/java/org/apache/kafka/streams/processor/StateStore.java,140,31,14,0,9
streams/src/main/java/org/apache/kafka/streams/processor/TaskId.java,148,72,17,15,4
streams/src/main/java/org/apache/kafka/streams/processor/PunctuationType.java,37,6,5,1,1
streams/src/main/java/org/apache/kafka/streams/processor/ExtractRecordMetadataTimestamp.java,76,15,9,2,1
streams/src/main/java/org/apache/kafka/streams/processor/Punctuator.java,50,7,4,0,2
streams/src/main/java/org/apache/kafka/streams/processor/ConnectedStoreProvider.java,105,12,4,0,6
streams/src/main/java/org/apache/kafka/streams/processor/package-info.java,21,1,4,0,0
streams/src/main/java/org/apache/kafka/streams/processor/UsePartitionTimeOnInvalidTimestamp.java,67,16,10,1,2
streams/src/main/java/org/apache/kafka/streams/processor/assignment/TaskInfo.java,57,9,7,0,2
streams/src/main/java/org/apache/kafka/streams/processor/assignment/KafkaStreamsState.java,109,19,17,0,5
streams/src/main/java/org/apache/kafka/streams/processor/assignment/ProcessId.java,72,32,6,8,1
streams/src/main/java/org/apache/kafka/streams/processor/assignment/TaskAssignor.java,104,31,14,3,7
streams/src/main/java/org/apache/kafka/streams/processor/assignment/AssignmentConfigs.java,204,133,7,24,4
streams/src/main/java/org/apache/kafka/streams/processor/assignment/TaskAssignmentUtils.java,1046,780,84,43,29
streams/src/main/java/org/apache/kafka/streams/processor/assignment/ApplicationState.java,53,9,5,0,3
streams/src/main/java/org/apache/kafka/streams/processor/assignment/TaskTopicPartition.java,57,10,4,0,3
streams/src/main/java/org/apache/kafka/streams/processor/assignment/KafkaStreamsAssignment.java,178,93,11,21,9
streams/src/main/java/org/apache/kafka/streams/processor/assignment/package-info.java,21,1,3,0,0
streams/src/main/java/org/apache/kafka/streams/processor/assignment/assignors/StickyTaskAssignor.java,470,380,49,41,28
streams/src/main/java/org/apache/kafka/streams/processor/assignment/assignors/package-info.java,21,1,4,0,0
streams/src/main/java/org/apache/kafka/streams/processor/internals/StoreBuilderWrapper.java,139,97,12,17,9
streams/src/main/java/org/apache/kafka/streams/processor/internals/ChangelogRegister.java,43,9,6,0,3
streams/src/main/java/org/apache/kafka/streams/processor/internals/AbstractReadWriteDecorator.java,322,254,9,36,17
streams/src/main/java/org/apache/kafka/streams/processor/internals/StreamsMetadataState.java,583,422,72,36,28
streams/src/main/java/org/apache/kafka/streams/processor/internals/ReadOnlyTask.java,249,187,4,43,12
streams/src/main/java/org/apache/kafka/streams/processor/internals/RecordCollector.java,99,43,4,0,7
streams/src/main/java/org/apache/kafka/streams/processor/internals/ToInternal.java,45,22,3,6,1
streams/src/main/java/org/apache/kafka/streams/processor/internals/TopicPartitionMetadata.java,114,77,12,10,5
streams/src/main/java/org/apache/kafka/streams/processor/internals/GlobalStateMaintainer.java,39,12,4,0,4
streams/src/main/java/org/apache/kafka/streams/processor/internals/InternalProcessorContext.java,135,50,5,0,13
streams/src/main/java/org/apache/kafka/streams/processor/internals/ConfigurableStore.java,25,5,3,0,1
streams/src/main/java/org/apache/kafka/streams/processor/internals/ProcessorMetadata.java,145,91,16,13,6
streams/src/main/java/org/apache/kafka/streams/processor/internals/ActiveTaskCreator.java,293,234,11,24,27
streams/src/main/java/org/apache/kafka/streams/processor/internals/Tasks.java,349,262,30,39,16
streams/src/main/java/org/apache/kafka/streams/processor/internals/StandbyTask.java,369,245,51,27,21
streams/src/main/java/org/apache/kafka/streams/processor/internals/StoreChangelogReader.java,1131,789,181,73,40
streams/src/main/java/org/apache/kafka/streams/processor/internals/StateUpdater.java,247,92,19,17,9
streams/src/main/java/org/apache/kafka/streams/processor/internals/RepartitionTopics.java,293,226,40,18,24
streams/src/main/java/org/apache/kafka/streams/processor/internals/StreamsProducer.java,347,258,44,18,32
streams/src/main/java/org/apache/kafka/streams/processor/internals/ClientUtils.java,241,183,25,19,30
streams/src/main/java/org/apache/kafka/streams/processor/internals/ProcessingThread.java,28,4,4,0,1
streams/src/main/java/org/apache/kafka/streams/processor/internals/InternalTopicManager.java,897,738,119,37,44
streams/src/main/java/org/apache/kafka/streams/processor/internals/TasksRegistry.java,85,37,3,0,5
streams/src/main/java/org/apache/kafka/streams/processor/internals/NoOpProcessorWrapper.java,81,50,3,10,9
streams/src/main/java/org/apache/kafka/streams/processor/internals/TaskAndAction.java,87,58,7,13,3
streams/src/main/java/org/apache/kafka/streams/processor/internals/StreamThread.java,2141,1591,230,126,80
streams/src/main/java/org/apache/kafka/streams/processor/internals/InternalTopicConfig.java,107,64,9,8,6
streams/src/main/java/org/apache/kafka/streams/processor/internals/TaskManager.java,2262,1735,329,102,54
streams/src/main/java/org/apache/kafka/streams/processor/internals/Stamped.java,56,32,6,5,1
streams/src/main/java/org/apache/kafka/streams/processor/internals/PartitionGroup.java,396,286,64,12,17
streams/src/main/java/org/apache/kafka/streams/processor/internals/ProcessorContextUtils.java,88,52,11,6,5
streams/src/main/java/org/apache/kafka/streams/processor/internals/GlobalStreamThread.java,502,354,45,45,33
streams/src/main/java/org/apache/kafka/streams/processor/internals/InternalTopologyBuilder.java,2346,1852,253,234,49
streams/src/main/java/org/apache/kafka/streams/processor/internals/ThreadStateTransitionValidator.java,24,4,4,0,0
streams/src/main/java/org/apache/kafka/streams/processor/internals/RecordQueue.java,263,153,24,24,14
streams/src/main/java/org/apache/kafka/streams/processor/internals/TaskExecutor.java,290,218,52,8,20
streams/src/main/java/org/apache/kafka/streams/processor/internals/AbstractProcessorContext.java,280,207,11,45,17
streams/src/main/java/org/apache/kafka/streams/processor/internals/StreamsRebalanceListener.java,123,90,10,8,10
streams/src/main/java/org/apache/kafka/streams/processor/internals/ProcessorContextImpl.java,372,295,24,31,30
streams/src/main/java/org/apache/kafka/streams/processor/internals/StreamsPartitionAssignor.java,1704,1257,172,71,83
streams/src/main/java/org/apache/kafka/streams/processor/internals/StaticTopicNameExtractor.java,61,33,5,6,3
streams/src/main/java/org/apache/kafka/streams/processor/internals/ChangelogRecordDeserializationHelper.java,74,46,7,6,9
streams/src/main/java/org/apache/kafka/streams/processor/internals/GlobalProcessorContextImpl.java,159,114,6,19,17
streams/src/main/java/org/apache/kafka/streams/processor/internals/TopologyMetadata.java,692,508,68,79,41
streams/src/main/java/org/apache/kafka/streams/processor/internals/ProcessorStateManager.java,812,592,131,51,37
streams/src/main/java/org/apache/kafka/streams/processor/internals/GlobalStateManagerImpl.java,555,444,60,38,42
streams/src/main/java/org/apache/kafka/streams/processor/internals/StateDirectory.java,809,609,135,47,46
streams/src/main/java/org/apache/kafka/streams/processor/internals/QuickUnion.java,72,39,8,5,2
streams/src/main/java/org/apache/kafka/streams/processor/internals/SinkNode.java,127,83,10,10,8
streams/src/main/java/org/apache/kafka/streams/processor/internals/DefaultStreamPartitioner.java,48,22,5,3,6
streams/src/main/java/org/apache/kafka/streams/processor/internals/WindowedChangelogTopicConfig.java,104,62,13,6,5
streams/src/main/java/org/apache/kafka/streams/processor/internals/UnwindowedUnversionedChangelogTopicConfig.java,88,49,10,5,5
streams/src/main/java/org/apache/kafka/streams/processor/internals/StoreDelegatingProcessorSupplier.java,47,24,3,5,4
streams/src/main/java/org/apache/kafka/streams/processor/internals/ForwardingDisabledProcessorContext.java,158,113,4,24,16
streams/src/main/java/org/apache/kafka/streams/processor/internals/ProcessorNodePunctuator.java,26,6,3,0,2
streams/src/main/java/org/apache/kafka/streams/processor/internals/ThreadMetadataImpl.java,147,101,13,20,6
streams/src/main/java/org/apache/kafka/streams/processor/internals/DefaultKafkaClientSupplier.java,56,32,3,5,9
streams/src/main/java/org/apache/kafka/streams/processor/internals/StateManager.java,60,25,5,0,9
streams/src/main/java/org/apache/kafka/streams/processor/internals/TaskAction.java,22,5,3,0,0
streams/src/main/java/org/apache/kafka/streams/processor/internals/TaskMetadataImpl.java,106,73,6,14,8
streams/src/main/java/org/apache/kafka/streams/processor/internals/DefaultStreamsRebalanceListener.java,132,101,7,12,12
streams/src/main/java/org/apache/kafka/streams/processor/internals/GlobalStateManager.java,32,7,4,0,2
streams/src/main/java/org/apache/kafka/streams/processor/internals/ProcessorTopology.java,259,192,26,31,11
streams/src/main/java/org/apache/kafka/streams/processor/internals/AbstractTask.java,212,154,14,25,18
streams/src/main/java/org/apache/kafka/streams/processor/internals/StoreFactory.java,154,83,8,14,6
streams/src/main/java/org/apache/kafka/streams/processor/internals/VersionedChangelogTopicConfig.java,112,65,16,7,5
streams/src/main/java/org/apache/kafka/streams/processor/internals/ChangelogTopics.java,138,102,16,16,13
streams/src/main/java/org/apache/kafka/streams/processor/internals/StateRestoreCallbackAdapter.java,52,31,7,2,7
streams/src/main/java/org/apache/kafka/streams/processor/internals/PartitionGrouper.java,125,65,14,4,14
streams/src/main/java/org/apache/kafka/streams/processor/internals/AbstractReadOnlyDecorator.java,320,251,9,42,17
streams/src/main/java/org/apache/kafka/streams/processor/internals/SynchronizedPartitionGroup.java,108,72,3,2,5
streams/src/main/java/org/apache/kafka/streams/processor/internals/StreamThreadTotalBlockedTime.java,60,37,3,5,5
streams/src/main/java/org/apache/kafka/streams/processor/internals/Task.java,276,103,9,3,17
streams/src/main/java/org/apache/kafka/streams/processor/internals/StandbyTaskCreator.java,173,131,8,10,15
streams/src/main/java/org/apache/kafka/streams/processor/internals/ProcessorNode.java,300,231,32,26,24
streams/src/main/java/org/apache/kafka/streams/processor/internals/StateManagerUtil.java,194,119,32,1,19
streams/src/main/java/org/apache/kafka/streams/processor/internals/RecordBatchingStateRestoreCallback.java,32,12,3,0,4
streams/src/main/java/org/apache/kafka/streams/processor/internals/ProcessorRecordContext.java,254,200,22,23,12
streams/src/main/java/org/apache/kafka/streams/processor/internals/StampedRecord.java,94,60,3,16,3
streams/src/main/java/org/apache/kafka/streams/processor/internals/RecordCollectorImpl.java,643,513,74,29,48
streams/src/main/java/org/apache/kafka/streams/processor/internals/GlobalStateUpdateTask.java,177,135,12,18,14
streams/src/main/java/org/apache/kafka/streams/processor/internals/SourceNode.java,110,71,8,11,10
streams/src/main/java/org/apache/kafka/streams/processor/internals/RecordDeserializer.java,158,116,15,5,13
streams/src/main/java/org/apache/kafka/streams/processor/internals/CorruptedRecord.java,60,32,7,3,2
streams/src/main/java/org/apache/kafka/streams/processor/internals/InternalTopicProperties.java,42,20,3,5,1
streams/src/main/java/org/apache/kafka/streams/processor/internals/ChangelogReader.java,77,15,8,0,4
streams/src/main/java/org/apache/kafka/streams/processor/internals/DefaultStateUpdater.java,1138,957,99,119,50
streams/src/main/java/org/apache/kafka/streams/processor/internals/RepartitionTopicConfig.java,98,57,10,5,5
streams/src/main/java/org/apache/kafka/streams/processor/internals/InternalResourcesNaming.java,73,44,3,16,0
streams/src/main/java/org/apache/kafka/streams/processor/internals/PunctuationQueue.java,88,51,10,3,4
streams/src/main/java/org/apache/kafka/streams/processor/internals/StreamTask.java,1442,1044,207,101,50
streams/src/main/java/org/apache/kafka/streams/processor/internals/PunctuationSchedule.java,110,69,6,13,2
streams/src/main/java/org/apache/kafka/streams/processor/internals/AbstractPartitionGroup.java,89,35,5,0,5
streams/src/main/java/org/apache/kafka/streams/processor/internals/TaskExecutionMetadata.java,149,103,17,19,10
streams/src/main/java/org/apache/kafka/streams/processor/internals/SerdeGetter.java,51,23,3,6,4
streams/src/main/java/org/apache/kafka/streams/processor/internals/metrics/TopicMetrics.java,92,68,3,16,5
streams/src/main/java/org/apache/kafka/streams/processor/internals/metrics/ProcessorNodeMetrics.java,213,177,3,30,18
streams/src/main/java/org/apache/kafka/streams/processor/internals/metrics/ThreadMetrics.java,385,340,3,67,18
streams/src/main/java/org/apache/kafka/streams/processor/internals/metrics/StreamsMetricsImpl.java,958,833,28,144,30
streams/src/main/java/org/apache/kafka/streams/processor/internals/metrics/TaskMetrics.java,353,303,4,57,13
streams/src/main/java/org/apache/kafka/streams/processor/internals/tasks/TaskManager.java,155,28,9,0,9
streams/src/main/java/org/apache/kafka/streams/processor/internals/tasks/TaskExecutor.java,90,14,11,0,4
streams/src/main/java/org/apache/kafka/streams/processor/internals/tasks/TaskExecutorCreator.java,26,6,3,0,2
streams/src/main/java/org/apache/kafka/streams/processor/internals/tasks/DefaultTaskExecutor.java,301,244,46,25,17
streams/src/main/java/org/apache/kafka/streams/processor/internals/tasks/DefaultTaskManager.java,386,294,53,31,24
streams/src/main/java/org/apache/kafka/streams/processor/internals/assignment/AssignorConfiguration.java,217,166,29,17,17
streams/src/main/java/org/apache/kafka/streams/processor/internals/assignment/DefaultApplicationState.java,90,62,5,8,12
streams/src/main/java/org/apache/kafka/streams/processor/internals/assignment/ConstrainedPrioritySet.java,93,55,9,9,9
streams/src/main/java/org/apache/kafka/streams/processor/internals/assignment/TaskMovement.java,322,253,29,16,15
streams/src/main/java/org/apache/kafka/streams/processor/internals/assignment/ReferenceContainer.java,42,23,3,9,11
streams/src/main/java/org/apache/kafka/streams/processor/internals/assignment/CopartitionedTopicsEnforcer.java,183,135,19,9,13
streams/src/main/java/org/apache/kafka/streams/processor/internals/assignment/MinTrafficGraphConstructor.java,146,108,14,5,11
streams/src/main/java/org/apache/kafka/streams/processor/internals/assignment/RackAwareGraphConstructorFactory.java,65,42,5,2,11
streams/src/main/java/org/apache/kafka/streams/processor/internals/assignment/RackUtils.java,160,118,20,6,16
streams/src/main/java/org/apache/kafka/streams/processor/internals/assignment/RackAwareTaskAssignor.java,506,392,71,26,32
streams/src/main/java/org/apache/kafka/streams/processor/internals/assignment/Graph.java,519,406,73,31,13
streams/src/main/java/org/apache/kafka/streams/processor/internals/assignment/ConsumerProtocolUtils.java,114,77,19,5,7
streams/src/main/java/org/apache/kafka/streams/processor/internals/assignment/LegacyTaskAssignor.java,35,13,3,0,5
streams/src/main/java/org/apache/kafka/streams/processor/internals/assignment/FallbackPriorTaskAssignor.java,51,21,5,3,5
streams/src/main/java/org/apache/kafka/streams/processor/internals/assignment/StandbyTaskAssignmentUtils.java,69,44,7,1,7
streams/src/main/java/org/apache/kafka/streams/processor/internals/assignment/AssignmentInfo.java,501,417,54,43,26
streams/src/main/java/org/apache/kafka/streams/processor/internals/assignment/ClientState.java,567,433,43,68,29
streams/src/main/java/org/apache/kafka/streams/processor/internals/assignment/AssignorError.java,49,25,7,7,0
streams/src/main/java/org/apache/kafka/streams/processor/internals/assignment/DefaultTaskInfo.java,63,37,3,9,5
streams/src/main/java/org/apache/kafka/streams/processor/internals/assignment/ClientStateTask.java,45,22,3,2,3
streams/src/main/java/org/apache/kafka/streams/processor/internals/assignment/StandbyTaskAssignor.java,58,28,4,0,5
streams/src/main/java/org/apache/kafka/streams/processor/internals/assignment/SubscriptionInfo.java,376,309,33,30,26
streams/src/main/java/org/apache/kafka/streams/processor/internals/assignment/DefaultTaskTopicPartition.java,106,66,8,14,7
streams/src/main/java/org/apache/kafka/streams/processor/internals/assignment/LegacyStickyTaskAssignor.java,392,302,51,36,21
streams/src/main/java/org/apache/kafka/streams/processor/internals/assignment/StreamsAssignmentProtocolVersions.java,37,8,3,5,0
streams/src/main/java/org/apache/kafka/streams/processor/internals/assignment/DefaultStandbyTaskAssignor.java,66,34,4,2,10
streams/src/main/java/org/apache/kafka/streams/processor/internals/assignment/DefaultKafkaStreamsState.java,166,129,14,22,19
streams/src/main/java/org/apache/kafka/streams/processor/internals/assignment/ClientTagAwareStandbyTaskAssignor.java,400,256,42,15,20
streams/src/main/java/org/apache/kafka/streams/processor/internals/assignment/HighAvailabilityTaskAssignor.java,299,231,27,14,24
streams/src/main/java/org/apache/kafka/streams/processor/internals/assignment/RackAwareGraphConstructor.java,144,106,14,0,13
streams/src/main/java/org/apache/kafka/streams/processor/internals/assignment/StandbyTaskAssignorFactory.java,46,24,6,1,6
streams/src/main/java/org/apache/kafka/streams/processor/internals/assignment/BalanceSubtopologyGraphConstructor.java,249,200,23,10,14
streams/src/main/java/org/apache/kafka/streams/processor/internals/namedtopology/AddNamedTopologyResult.java,60,28,7,4,3
streams/src/main/java/org/apache/kafka/streams/processor/internals/namedtopology/RemoveNamedTopologyResult.java,115,74,9,10,7
streams/src/main/java/org/apache/kafka/streams/processor/internals/namedtopology/NamedTopologyBuilder.java,44,22,3,2,5
streams/src/main/java/org/apache/kafka/streams/processor/internals/namedtopology/KafkaStreamsNamedTopologyWrapper.java,446,265,59,26,38
streams/src/main/java/org/apache/kafka/streams/processor/internals/namedtopology/NamedTopologyStoreQueryParameters.java,85,50,6,7,3
streams/src/main/java/org/apache/kafka/streams/processor/internals/namedtopology/NamedTopology.java,53,23,3,2,4
streams/src/main/java/org/apache/kafka/streams/processor/api/WrappedProcessorSupplier.java,30,4,4,0,0
streams/src/main/java/org/apache/kafka/streams/processor/api/FixedKeyProcessor.java,63,11,3,0,4
streams/src/main/java/org/apache/kafka/streams/processor/api/RecordMetadata.java,70,8,12,0,2
streams/src/main/java/org/apache/kafka/streams/processor/api/ProcessorWrapper.java,85,28,6,0,8
streams/src/main/java/org/apache/kafka/streams/processor/api/FixedKeyProcessorSupplier.java,48,8,3,0,2
streams/src/main/java/org/apache/kafka/streams/processor/api/ProcessorContext.java,93,5,6,0,0
streams/src/main/java/org/apache/kafka/streams/processor/api/FixedKeyProcessorContext.java,94,5,6,0,0
streams/src/main/java/org/apache/kafka/streams/processor/api/Processor.java,64,11,3,0,4
streams/src/main/java/org/apache/kafka/streams/processor/api/WrappedFixedKeyProcessorSupplier.java,30,4,4,0,0
streams/src/main/java/org/apache/kafka/streams/processor/api/Record.java,193,73,17,17,4
streams/src/main/java/org/apache/kafka/streams/processor/api/ContextualProcessor.java,46,12,3,4,0
streams/src/main/java/org/apache/kafka/streams/processor/api/InternalFixedKeyRecordFactory.java,40,13,3,2,0
streams/src/main/java/org/apache/kafka/streams/processor/api/ProcessingContext.java,222,36,17,0,17
streams/src/main/java/org/apache/kafka/streams/processor/api/ProcessorSupplier.java,53,8,4,0,3
streams/src/main/java/org/apache/kafka/streams/processor/api/package-info.java,21,1,4,0,0
streams/src/main/java/org/apache/kafka/streams/processor/api/ContextualFixedKeyProcessor.java,45,12,3,4,0
streams/src/main/java/org/apache/kafka/streams/processor/api/FixedKeyRecord.java,157,67,13,14,4
streams/src/main/java/org/apache/kafka/streams/state/ReadOnlyKeyValueStore.java,136,18,19,0,2
streams/src/main/java/org/apache/kafka/streams/state/VersionedKeyValueStore.java,137,11,29,0,2
streams/src/main/java/org/apache/kafka/streams/state/SessionStore.java,132,71,9,0,6
streams/src/main/java/org/apache/kafka/streams/state/WindowStoreIterator.java,37,8,5,0,3
streams/src/main/java/org/apache/kafka/streams/state/TimestampedKeyValueStore.java,25,2,3,0,0
streams/src/main/java/org/apache/kafka/streams/state/QueryableStoreType.java,51,9,5,0,3
streams/src/main/java/org/apache/kafka/streams/state/StateSerdes.java,216,95,14,18,7
streams/src/main/java/org/apache/kafka/streams/state/Stores.java,566,213,45,22,21
streams/src/main/java/org/apache/kafka/streams/state/WindowStore.java,193,79,15,0,6
streams/src/main/java/org/apache/kafka/streams/state/DslKeyValueParams.java,73,40,7,8,1
streams/src/main/java/org/apache/kafka/streams/state/ValueAndTimestamp.java,107,49,10,11,2
streams/src/main/java/org/apache/kafka/streams/state/DslWindowParams.java,141,93,13,18,3
streams/src/main/java/org/apache/kafka/streams/state/WindowBytesStoreSupplier.java,62,8,7,0,1
streams/src/main/java/org/apache/kafka/streams/state/VersionedBytesStoreSupplier.java,46,8,5,0,4
streams/src/main/java/org/apache/kafka/streams/state/VersionedRecord.java,93,47,7,11,2
streams/src/main/java/org/apache/kafka/streams/state/ReadOnlyWindowStore.java,210,25,27,0,3
streams/src/main/java/org/apache/kafka/streams/state/StoreSupplier.java,47,7,4,0,1
streams/src/main/java/org/apache/kafka/streams/state/TimestampedWindowStore.java,34,3,4,0,1
streams/src/main/java/org/apache/kafka/streams/state/KeyValueIterator.java,44,9,4,0,3
streams/src/main/java/org/apache/kafka/streams/state/KeyValueStore.java,75,11,17,0,4
streams/src/main/java/org/apache/kafka/streams/state/KeyValueBytesStoreSupplier.java,33,4,3,0,1
streams/src/main/java/org/apache/kafka/streams/state/HostInfo.java,112,62,11,10,6
streams/src/main/java/org/apache/kafka/streams/state/StoreBuilder.java,87,13,9,0,2
streams/src/main/java/org/apache/kafka/streams/state/DslSessionParams.java,91,53,8,10,3
streams/src/main/java/org/apache/kafka/streams/state/ReadOnlySessionStore.java,420,79,31,0,2
streams/src/main/java/org/apache/kafka/streams/state/QueryableStoreTypes.java,184,99,5,12,10
streams/src/main/java/org/apache/kafka/streams/state/TimestampedBytesStore.java,34,15,4,0,2
streams/src/main/java/org/apache/kafka/streams/state/DslStoreSuppliers.java,63,12,4,0,3
streams/src/main/java/org/apache/kafka/streams/state/SessionBytesStoreSupplier.java,47,6,4,0,1
streams/src/main/java/org/apache/kafka/streams/state/RocksDBConfigSetter.java,60,10,6,0,4
streams/src/main/java/org/apache/kafka/streams/state/BuiltInDslStoreSuppliers.java,108,69,7,8,3
streams/src/main/java/org/apache/kafka/streams/state/VersionedBytesStore.java,41,7,4,0,1
streams/src/main/java/org/apache/kafka/streams/state/package-info.java,20,1,4,0,0
streams/src/main/java/org/apache/kafka/streams/state/VersionedRecordIterator.java,36,7,4,0,2
streams/src/main/java/org/apache/kafka/streams/state/internals/SegmentedBytesStore.java,228,32,11,0,5
streams/src/main/java/org/apache/kafka/streams/state/internals/SessionKeySchema.java,199,146,11,21,9
streams/src/main/java/org/apache/kafka/streams/state/internals/WrappedSessionStoreIterator.java,61,35,3,6,5
streams/src/main/java/org/apache/kafka/streams/state/internals/ValueAndTimestampSerializer.java,133,88,14,11,9
streams/src/main/java/org/apache/kafka/streams/state/internals/InMemoryTimeOrderedKeyValueChangeBuffer.java,565,431,32,61,45
streams/src/main/java/org/apache/kafka/streams/state/internals/WindowToTimestampedWindowByteStoreAdapter.java,215,165,5,24,15
streams/src/main/java/org/apache/kafka/streams/state/internals/PositionSerde.java,107,73,9,3,7
streams/src/main/java/org/apache/kafka/streams/state/internals/DelegatingPeekingKeyValueIterator.java,87,56,10,10,3
streams/src/main/java/org/apache/kafka/streams/state/internals/RocksDBTimestampedSegmentedBytesStore.java,28,10,3,0,0
streams/src/main/java/org/apache/kafka/streams/state/internals/BufferValue.java,169,120,16,10,6
streams/src/main/java/org/apache/kafka/streams/state/internals/RocksDbSessionBytesStoreSupplier.java,64,39,3,8,3
streams/src/main/java/org/apache/kafka/streams/state/internals/ChangeLoggingListValueBytesStore.java,55,25,6,2,2
streams/src/main/java/org/apache/kafka/streams/state/internals/RocksDBTimeOrderedKeyValueBuffer.java,360,283,15,51,24
streams/src/main/java/org/apache/kafka/streams/state/internals/TimeOrderedCachingWindowStore.java,725,576,61,61,36
streams/src/main/java/org/apache/kafka/streams/state/internals/CachingSessionStore.java,508,412,30,50,21
streams/src/main/java/org/apache/kafka/streams/state/internals/RocksDBTimestampedStore.java,475,391,50,41,25
streams/src/main/java/org/apache/kafka/streams/state/internals/ListValueStoreBuilder.java,63,40,5,5,6
streams/src/main/java/org/apache/kafka/streams/state/internals/RecordConverters.java,59,35,4,5,2
streams/src/main/java/org/apache/kafka/streams/state/internals/AbstractRocksDBTimeOrderedSegmentedBytesStore.java,296,200,25,16,8
streams/src/main/java/org/apache/kafka/streams/state/internals/LogicalKeyValueSegments.java,145,88,14,10,6
streams/src/main/java/org/apache/kafka/streams/state/internals/KeyValueStoreBuilder.java,64,40,5,5,6
streams/src/main/java/org/apache/kafka/streams/state/internals/ValueAndTimestampSerde.java,32,13,3,1,4
streams/src/main/java/org/apache/kafka/streams/state/internals/MeteredVersionedKeyValueStore.java,377,292,20,27,35
streams/src/main/java/org/apache/kafka/streams/state/internals/StoreSerdeInitializer.java,60,39,5,1,8
streams/src/main/java/org/apache/kafka/streams/state/internals/CompositeKeyValueIterator.java,69,41,7,7,4
streams/src/main/java/org/apache/kafka/streams/state/internals/VersionedKeyValueStoreBuilder.java,79,53,6,6,9
streams/src/main/java/org/apache/kafka/streams/state/internals/OffsetCheckpoint.java,221,133,25,13,18
streams/src/main/java/org/apache/kafka/streams/state/internals/CachedStateStore.java,45,7,7,0,0
streams/src/main/java/org/apache/kafka/streams/state/internals/RocksDBVersionedStore.java,1015,616,102,45,40
streams/src/main/java/org/apache/kafka/streams/state/internals/RocksDBTimeOrderedSessionSegmentedBytesStore.java,169,122,11,7,17
streams/src/main/java/org/apache/kafka/streams/state/internals/ChangeLoggingKeyValueBytesStore.java,134,95,7,13,10
streams/src/main/java/org/apache/kafka/streams/state/internals/ReadOnlyKeyValueStoreFacade.java,70,43,3,9,5
streams/src/main/java/org/apache/kafka/streams/state/internals/KeyValueStoreWrapper.java,158,105,15,18,13
streams/src/main/java/org/apache/kafka/streams/state/internals/Segment.java,29,8,3,0,3
streams/src/main/java/org/apache/kafka/streams/state/internals/TimestampedWindowStoreBuilder.java,218,171,14,21,19
streams/src/main/java/org/apache/kafka/streams/state/internals/Maybe.java,89,51,9,11,2
streams/src/main/java/org/apache/kafka/streams/state/internals/TimestampedKeyAndJoinSideDeserializer.java,82,49,5,8,7
streams/src/main/java/org/apache/kafka/streams/state/internals/CachingKeyValueStore.java,508,432,34,34,31
streams/src/main/java/org/apache/kafka/streams/state/internals/MeteredKeyValueStore.java,531,445,18,65,39
streams/src/main/java/org/apache/kafka/streams/state/internals/MeteredIterator.java,30,4,4,0,0
streams/src/main/java/org/apache/kafka/streams/state/internals/CachingWindowStore.java,601,475,42,50,24
streams/src/main/java/org/apache/kafka/streams/state/internals/PrefixedWindowKeySchemas.java,403,310,22,36,11
streams/src/main/java/org/apache/kafka/streams/state/internals/StateStoreProvider.java,43,8,4,0,4
streams/src/main/java/org/apache/kafka/streams/state/internals/KeyValueIteratorFacade.java,52,28,3,6,4
streams/src/main/java/org/apache/kafka/streams/state/internals/MeteredSessionStore.java,501,444,16,39,36
streams/src/main/java/org/apache/kafka/streams/state/internals/LRUCacheEntry.java,105,71,7,6,4
streams/src/main/java/org/apache/kafka/streams/state/internals/NextIteratorFunction.java,24,5,3,0,1
streams/src/main/java/org/apache/kafka/streams/state/internals/AbstractRocksDBSegmentedBytesStore.java,407,327,29,32,28
streams/src/main/java/org/apache/kafka/streams/state/internals/Murmur3.java,548,367,46,39,0
streams/src/main/java/org/apache/kafka/streams/state/internals/RocksDBVersionedStoreRestoreWriteBuffer.java,271,170,26,17,18
streams/src/main/java/org/apache/kafka/streams/state/internals/InMemorySessionBytesStoreSupplier.java,58,33,4,8,3
streams/src/main/java/org/apache/kafka/streams/state/internals/MemoryLRUCache.java,234,164,9,28,17
streams/src/main/java/org/apache/kafka/streams/state/internals/RocksDBTimeOrderedSessionStore.java,164,128,3,15,12
streams/src/main/java/org/apache/kafka/streams/state/internals/RocksDBStore.java,1019,793,69,85,66
streams/src/main/java/org/apache/kafka/streams/state/internals/InMemoryKeyValueStore.java,298,237,22,37,26
streams/src/main/java/org/apache/kafka/streams/state/internals/CompositeReadOnlyKeyValueStore.java,173,135,13,16,7
streams/src/main/java/org/apache/kafka/streams/state/internals/RocksDBTimeOrderedKeyValueBytesStore.java,89,58,10,4,12
streams/src/main/java/org/apache/kafka/streams/state/internals/FilteredCacheIterator.java,101,68,6,14,3
streams/src/main/java/org/apache/kafka/streams/state/internals/RocksDbWindowBytesStoreSupplier.java,131,102,5,17,3
streams/src/main/java/org/apache/kafka/streams/state/internals/RocksDBKeyValueBytesStoreSupplier.java,50,27,3,6,3
streams/src/main/java/org/apache/kafka/streams/state/internals/MeteredWindowedKeyValueIterator.java,107,80,3,17,10
streams/src/main/java/org/apache/kafka/streams/state/internals/RocksDBSessionStore.java,154,119,3,14,10
streams/src/main/java/org/apache/kafka/streams/state/internals/ManagedKeyValueIterator.java,31,5,3,0,1
streams/src/main/java/org/apache/kafka/streams/state/internals/AbstractDualSchemaRocksDBSegmentedBytesStore.java,332,250,25,28,26
streams/src/main/java/org/apache/kafka/streams/state/internals/ChangeLoggingVersionedKeyValueBytesStore.java,68,40,5,5,3
streams/src/main/java/org/apache/kafka/streams/state/internals/ContextualRecord.java,83,52,7,8,5
streams/src/main/java/org/apache/kafka/streams/state/internals/LeftOrRightValueSerializer.java,88,54,7,7,6
streams/src/main/java/org/apache/kafka/streams/state/internals/ChangeLoggingWindowBytesStore.java,141,100,4,15,10
streams/src/main/java/org/apache/kafka/streams/state/internals/MeteredWindowStoreIterator.java,97,71,3,15,8
streams/src/main/java/org/apache/kafka/streams/state/internals/WindowKeySchema.java,248,188,15,21,12
streams/src/main/java/org/apache/kafka/streams/state/internals/StreamsMetadataImpl.java,184,112,13,19,7
streams/src/main/java/org/apache/kafka/streams/state/internals/StreamThreadStateStoreProvider.java,121,94,18,4,15
streams/src/main/java/org/apache/kafka/streams/state/internals/PrefixedSessionKeySchemas.java,388,297,20,34,10
streams/src/main/java/org/apache/kafka/streams/state/internals/WrappingStoreProvider.java,73,46,10,4,7
streams/src/main/java/org/apache/kafka/streams/state/internals/Segments.java,44,15,3,0,2
streams/src/main/java/org/apache/kafka/streams/state/internals/MeteredTimestampedWindowStore.java,58,29,5,1,7
streams/src/main/java/org/apache/kafka/streams/state/internals/TimestampedSegment.java,81,53,4,8,8
streams/src/main/java/org/apache/kafka/streams/state/internals/AbstractMergedSortedCacheStoreIterator.java,338,142,42,12,4
streams/src/main/java/org/apache/kafka/streams/state/internals/AbstractStoreBuilder.java,90,63,3,10,7
streams/src/main/java/org/apache/kafka/streams/state/internals/RocksDbVersionedKeyValueBytesStoreSupplier.java,82,54,6,11,3
streams/src/main/java/org/apache/kafka/streams/state/internals/OrderedBytes.java,80,42,8,1,2
streams/src/main/java/org/apache/kafka/streams/state/internals/SegmentIterator.java,106,74,12,11,6
streams/src/main/java/org/apache/kafka/streams/state/internals/SessionStoreBuilder.java,68,42,5,6,6
streams/src/main/java/org/apache/kafka/streams/state/internals/LeftOrRightValueDeserializer.java,74,46,6,7,5
streams/src/main/java/org/apache/kafka/streams/state/internals/TimestampedSegments.java,70,42,5,4,3
streams/src/main/java/org/apache/kafka/streams/state/internals/InMemoryWindowStore.java,680,548,54,61,37
streams/src/main/java/org/apache/kafka/streams/state/internals/TimestampedKeyAndJoinSideSerializer.java,74,43,5,6,7
streams/src/main/java/org/apache/kafka/streams/state/internals/ChangeLoggingSessionBytesStore.java,115,77,3,14,8
streams/src/main/java/org/apache/kafka/streams/state/internals/WindowStoreIteratorWrapper.java,127,91,3,14,7
streams/src/main/java/org/apache/kafka/streams/state/internals/ExceptionUtils.java,46,26,7,1,1
streams/src/main/java/org/apache/kafka/streams/state/internals/RocksDBVersionedStoreSegmentValueFormatter.java,674,358,73,31,5
streams/src/main/java/org/apache/kafka/streams/state/internals/WindowStoreBuilder.java,90,62,8,7,9
streams/src/main/java/org/apache/kafka/streams/state/internals/MergedSortedCacheWindowStoreIterator.java,78,45,3,4,6
streams/src/main/java/org/apache/kafka/streams/state/internals/RocksDBWindowStore.java,144,107,6,17,11
streams/src/main/java/org/apache/kafka/streams/state/internals/MergedSortedCacheWindowStoreKeyValueIterator.java,102,73,3,5,6
streams/src/main/java/org/apache/kafka/streams/state/internals/KeyValueToTimestampedKeyValueByteStoreAdapter.java,238,171,12,26,21
streams/src/main/java/org/apache/kafka/streams/state/internals/CompositeReadOnlySessionStore.java,240,206,23,13,7
streams/src/main/java/org/apache/kafka/streams/state/internals/RocksDBSegmentedBytesStore.java,28,10,3,0,0
streams/src/main/java/org/apache/kafka/streams/state/internals/MemoryNavigableLRUCache.java,164,122,12,17,14
streams/src/main/java/org/apache/kafka/streams/state/internals/BatchWritingStore.java,28,9,3,0,3
streams/src/main/java/org/apache/kafka/streams/state/internals/TimeOrderedKeyValueBufferChangelogDeserializationHelper.java,158,118,8,6,8
streams/src/main/java/org/apache/kafka/streams/state/internals/KeyValueSegments.java,70,42,5,4,3
streams/src/main/java/org/apache/kafka/streams/state/internals/WrappedStateStore.java,146,106,13,16,10
streams/src/main/java/org/apache/kafka/streams/state/internals/KeyValueSegment.java,81,53,4,8,8
streams/src/main/java/org/apache/kafka/streams/state/internals/RecordConverter.java,23,5,3,0,1
streams/src/main/java/org/apache/kafka/streams/state/internals/MergedSortedCacheKeyValueBytesStoreIterator.java,61,32,3,3,3
streams/src/main/java/org/apache/kafka/streams/state/internals/InMemorySessionStore.java,585,458,46,54,33
streams/src/main/java/org/apache/kafka/streams/state/internals/KeyValueIterators.java,68,37,3,6,4
streams/src/main/java/org/apache/kafka/streams/state/internals/StoreQueryUtils.java,503,446,50,20,42
streams/src/main/java/org/apache/kafka/streams/state/internals/MeteredTimestampedKeyValueStore.java,371,314,20,21,26
streams/src/main/java/org/apache/kafka/streams/state/internals/SegmentedCacheFunction.java,88,56,4,6,3
streams/src/main/java/org/apache/kafka/streams/state/internals/InMemoryWindowBytesStoreSupplier.java,89,60,3,13,3
streams/src/main/java/org/apache/kafka/streams/state/internals/MergedSortedCacheSessionStoreIterator.java,70,40,3,4,5
streams/src/main/java/org/apache/kafka/streams/state/internals/ListValueStore.java,169,111,14,17,11
streams/src/main/java/org/apache/kafka/streams/state/internals/RocksDBTimeOrderedWindowSegmentedBytesStore.java,129,90,9,4,14
streams/src/main/java/org/apache/kafka/streams/state/internals/LeftOrRightValueSerde.java,33,15,3,1,2
streams/src/main/java/org/apache/kafka/streams/state/internals/RocksDbIterator.java,94,63,8,12,7
streams/src/main/java/org/apache/kafka/streams/state/internals/LogicalKeyValueSegment.java,371,275,16,41,24
streams/src/main/java/org/apache/kafka/streams/state/internals/CompositeReadOnlyWindowStore.java,186,152,12,13,9
streams/src/main/java/org/apache/kafka/streams/state/internals/AbstractSegments.java,242,189,27,17,18
streams/src/main/java/org/apache/kafka/streams/state/internals/RocksDBTimestampedWindowStore.java,29,9,3,0,1
streams/src/main/java/org/apache/kafka/streams/state/internals/RocksDBTimeOrderedWindowStore.java,199,156,6,22,14
streams/src/main/java/org/apache/kafka/streams/state/internals/TimestampedKeyAndJoinSide.java,100,50,13,12,2
streams/src/main/java/org/apache/kafka/streams/state/internals/CacheFunction.java,25,6,3,0,1
streams/src/main/java/org/apache/kafka/streams/state/internals/TimeOrderedKeyValueBuffer.java,99,57,8,10,8
streams/src/main/java/org/apache/kafka/streams/state/internals/RocksDBRangeIterator.java,88,61,13,5,4
streams/src/main/java/org/apache/kafka/streams/state/internals/ChangeLoggingTimestampedWindowBytesStore.java,43,22,3,0,4
streams/src/main/java/org/apache/kafka/streams/state/internals/RocksDBGenericOptionsToDbOptionsColumnFamilyOptionsAdapter.java,1799,1450,8,310,37
streams/src/main/java/org/apache/kafka/streams/state/internals/LogicalSegmentIterator.java,138,94,21,15,10
streams/src/main/java/org/apache/kafka/streams/state/internals/BlockBasedTableConfigWithAccessibleCache.java,35,14,3,3,2
streams/src/main/java/org/apache/kafka/streams/state/internals/GlobalStateStoreProvider.java,54,33,7,3,9
streams/src/main/java/org/apache/kafka/streams/state/internals/InMemoryKeyValueBytesStoreSupplier.java,45,22,3,5,3
streams/src/main/java/org/apache/kafka/streams/state/internals/ReadOnlyWindowStoreFacade.java,124,88,3,15,9
streams/src/main/java/org/apache/kafka/streams/state/internals/HasNextCondition.java,24,6,3,0,2
streams/src/main/java/org/apache/kafka/streams/state/internals/VersionedKeyValueToBytesStoreAdapter.java,183,132,5,26,22
streams/src/main/java/org/apache/kafka/streams/state/internals/ThreadCache.java,413,308,31,50,13
streams/src/main/java/org/apache/kafka/streams/state/internals/QueryableStoreProvider.java,74,33,8,6,6
streams/src/main/java/org/apache/kafka/streams/state/internals/MeteredWindowStore.java,517,458,20,40,39
streams/src/main/java/org/apache/kafka/streams/state/internals/NamedCache.java,415,329,35,31,17
streams/src/main/java/org/apache/kafka/streams/state/internals/RocksDbIndexedTimeOrderedWindowBytesStoreSupplier.java,169,134,9,18,7
streams/src/main/java/org/apache/kafka/streams/state/internals/ValueAndTimestampDeserializer.java,97,64,5,8,9
streams/src/main/java/org/apache/kafka/streams/state/internals/TimestampedKeyValueStoreBuilder.java,179,139,9,19,17
streams/src/main/java/org/apache/kafka/streams/state/internals/ChangeLoggingTimestampedKeyValueBytesStore.java,60,35,5,3,6
streams/src/main/java/org/apache/kafka/streams/state/internals/CacheFlushListener.java,33,6,3,0,2
streams/src/main/java/org/apache/kafka/streams/state/internals/LeftOrRightValue.java,98,49,10,10,1
streams/src/main/java/org/apache/kafka/streams/state/internals/TimestampedKeyAndJoinSideSerde.java,30,11,3,1,2
streams/src/main/java/org/apache/kafka/streams/state/internals/RocksDbTimeOrderedSessionBytesStoreSupplier.java,69,44,3,9,3
streams/src/main/java/org/apache/kafka/streams/state/internals/BufferKey.java,72,45,6,6,2
streams/src/main/java/org/apache/kafka/streams/state/internals/KeyValueToTimestampedKeyValueIteratorAdapter.java,59,28,3,5,4
streams/src/main/java/org/apache/kafka/streams/state/internals/MeteredMultiVersionedKeyQueryIterator.java,76,51,3,12,6
streams/src/main/java/org/apache/kafka/streams/state/internals/PeekingKeyValueIterator.java,25,6,3,0,2
streams/src/main/java/org/apache/kafka/streams/state/internals/RocksDBTimeOrderedKeyValueBytesStoreSupplier.java,41,19,3,5,0
streams/src/main/java/org/apache/kafka/streams/state/internals/metrics/RocksDBMetricsRecordingTrigger.java,64,39,8,7,3
streams/src/main/java/org/apache/kafka/streams/state/internals/metrics/NamedCacheMetrics.java,60,37,3,6,4
streams/src/main/java/org/apache/kafka/streams/state/internals/metrics/StateStoreMetrics.java,518,457,3,105,15
streams/src/main/java/org/apache/kafka/streams/state/internals/metrics/RocksDBMetrics.java,803,734,14,116,16
streams/src/main/java/org/apache/kafka/streams/state/internals/metrics/RocksDBMetricsRecorder.java,513,459,37,46,44
streams/src/main/java/org/apache/kafka/streams/internals/ClientInstanceIdsImpl.java,62,37,4,9,5
streams/src/main/java/org/apache/kafka/streams/internals/ApiUtils.java,93,44,13,8,5
streams/src/main/java/org/apache/kafka/streams/internals/AutoOffsetResetInternal.java,45,23,5,3,3
streams/src/main/java/org/apache/kafka/streams/internals/UpgradeFromValues.java,60,40,3,4,0
streams/src/main/java/org/apache/kafka/streams/internals/ConsumerWrapper.java,317,245,3,54,26
streams/src/main/java/org/apache/kafka/streams/internals/StreamsConfigUtils.java,83,51,7,7,5
streams/src/main/java/org/apache/kafka/streams/internals/metrics/ClientMetrics.java,171,134,5,33,10
streams/src/main/java/org/apache/kafka/streams/internals/metrics/StreamsClientMetricsDelegatingReporter.java,79,48,7,9,8
streams/src/main/java/org/apache/kafka/streams/internals/metrics/OpenIterators.java,81,54,6,12,10
streams/src/main/java/org/apache/kafka/streams/internals/metrics/StreamsThreadMetricsDelegatingReporter.java,95,56,10,12,9
streams/src/main/java/org/apache/kafka/streams/errors/UnknownStateStoreException.java,36,11,3,3,0
streams/src/main/java/org/apache/kafka/streams/errors/TaskCorruptedException.java,50,19,4,4,3
streams/src/main/java/org/apache/kafka/streams/errors/LogAndContinueProcessingExceptionHandler.java,58,31,4,4,6
streams/src/main/java/org/apache/kafka/streams/errors/MissingSourceTopicException.java,26,7,3,2,0
streams/src/main/java/org/apache/kafka/streams/errors/TaskMigratedException.java,36,10,3,3,0
streams/src/main/java/org/apache/kafka/streams/errors/MisconfiguredInternalTopicException.java,26,7,3,2,0
streams/src/main/java/org/apache/kafka/streams/errors/ProcessorStateException.java,39,13,3,4,0
streams/src/main/java/org/apache/kafka/streams/errors/LogAndContinueExceptionHandler.java,58,30,4,4,6
streams/src/main/java/org/apache/kafka/streams/errors/ProcessingExceptionHandler.java,221,72,13,14,5
streams/src/main/java/org/apache/kafka/streams/errors/UnknownTopologyException.java,35,11,3,3,0
streams/src/main/java/org/apache/kafka/streams/errors/MissingInternalTopicsException.java,44,13,3,4,1
streams/src/main/java/org/apache/kafka/streams/errors/DeserializationExceptionHandler.java,254,82,13,14,7
streams/src/main/java/org/apache/kafka/streams/errors/BrokerNotFoundException.java,44,15,3,4,0
streams/src/main/java/org/apache/kafka/streams/errors/ErrorHandlerContext.java,184,21,27,0,9
streams/src/main/java/org/apache/kafka/streams/errors/InternalTopicsAlreadySetupException.java,26,7,3,2,0
streams/src/main/java/org/apache/kafka/streams/errors/TaskIdFormatException.java,42,14,4,4,0
streams/src/main/java/org/apache/kafka/streams/errors/LogAndFailExceptionHandler.java,58,30,4,4,6
streams/src/main/java/org/apache/kafka/streams/errors/LockException.java,40,13,3,4,0
streams/src/main/java/org/apache/kafka/streams/errors/StateStoreNotAvailableException.java,38,11,3,3,0
streams/src/main/java/org/apache/kafka/streams/errors/InvalidStateStoreException.java,38,13,3,4,0
streams/src/main/java/org/apache/kafka/streams/errors/InvalidStateStorePartitionException.java,40,12,3,3,1
streams/src/main/java/org/apache/kafka/streams/errors/StreamsStoppedException.java,39,12,3,3,1
streams/src/main/java/org/apache/kafka/streams/errors/TopologyException.java,39,14,4,4,0
streams/src/main/java/org/apache/kafka/streams/errors/StreamsException.java,75,35,4,10,3
streams/src/main/java/org/apache/kafka/streams/errors/StreamsUncaughtExceptionHandler.java,56,12,5,2,0
streams/src/main/java/org/apache/kafka/streams/errors/StreamsRebalancingException.java,36,11,3,3,0
streams/src/main/java/org/apache/kafka/streams/errors/DefaultProductionExceptionHandler.java,59,30,5,4,5
streams/src/main/java/org/apache/kafka/streams/errors/ProductionExceptionHandler.java,371,114,25,15,4
streams/src/main/java/org/apache/kafka/streams/errors/TaskAssignmentException.java,39,13,4,4,0
streams/src/main/java/org/apache/kafka/streams/errors/StateStoreMigratedException.java,38,11,3,3,0
streams/src/main/java/org/apache/kafka/streams/errors/package-info.java,20,1,4,0,0
streams/src/main/java/org/apache/kafka/streams/errors/LogAndFailProcessingExceptionHandler.java,59,31,4,4,6
streams/src/main/java/org/apache/kafka/streams/errors/StreamsNotStartedException.java,39,13,3,3,2
streams/src/main/java/org/apache/kafka/streams/errors/internals/FailedProcessingException.java,43,17,3,5,1
streams/src/main/java/org/apache/kafka/streams/errors/internals/DefaultErrorHandlerContext.java,122,86,3,22,5
streams/src/main/java/org/apache/kafka/streams/errors/internals/ExceptionHandlerUtils.java,101,53,12,9,9
streams/src/main/java/org/apache/kafka/streams/query/RangeQuery.java,133,42,7,13,3
streams/src/main/java/org/apache/kafka/streams/query/QueryConfig.java,35,12,3,2,1
streams/src/main/java/org/apache/kafka/streams/query/MultiVersionedKeyQuery.java,138,47,12,14,5
streams/src/main/java/org/apache/kafka/streams/query/StateQueryRequest.java,223,122,15,23,3
streams/src/main/java/org/apache/kafka/streams/query/QueryResult.java,155,52,14,0,4
streams/src/main/java/org/apache/kafka/streams/query/ResultOrder.java,24,6,3,1,0
streams/src/main/java/org/apache/kafka/streams/query/VersionedKeyQuery.java,88,29,10,7,5
streams/src/main/java/org/apache/kafka/streams/query/Position.java,175,93,15,14,7
streams/src/main/java/org/apache/kafka/streams/query/TimestampedKeyQuery.java,76,27,7,7,4
streams/src/main/java/org/apache/kafka/streams/query/PositionBound.java,88,42,6,9,2
streams/src/main/java/org/apache/kafka/streams/query/FailureReason.java,70,11,5,1,1
streams/src/main/java/org/apache/kafka/streams/query/WindowKeyQuery.java,67,40,3,9,4
streams/src/main/java/org/apache/kafka/streams/query/KeyQuery.java,74,25,7,7,2
streams/src/main/java/org/apache/kafka/streams/query/StateQueryResult.java,119,57,13,9,5
streams/src/main/java/org/apache/kafka/streams/query/Query.java,35,3,5,0,0
streams/src/main/java/org/apache/kafka/streams/query/WindowRangeQuery.java,69,41,3,10,4
streams/src/main/java/org/apache/kafka/streams/query/TimestampedRangeQuery.java,136,44,7,13,5
streams/src/main/java/org/apache/kafka/streams/query/package-info.java,20,1,4,0,0
streams/src/main/java/org/apache/kafka/streams/query/internals/FailedQueryResult.java,99,40,9,9,3
streams/src/main/java/org/apache/kafka/streams/query/internals/SucceededQueryResult.java,111,47,8,8,5
streams/src/main/java/org/apache/kafka/streams/query/internals/AbstractQueryResult.java,80,29,6,8,6
streams/src/main/java/org/apache/kafka/streams/query/internals/InternalQueryResultUtil.java,51,22,4,2,2
tests/setup.py,55,30,8,3,5
tests/unit/__init__.py,14,0,8,0,0
tests/unit/directory_layout/__init__.py,14,0,8,0,0
tests/unit/directory_layout/check_project_paths.py,90,32,13,7,2
tests/unit/version/__init__.py,15,0,8,0,0
tests/unit/version/check_version.py,33,4,9,1,2
tests/bin/external_trogdor_command_example.py,41,15,10,0,3
tests/kafkatest/version.py,250,132,37,16,2
tests/kafkatest/__init__.py,25,1,10,0,0
tests/kafkatest/directory_layout/__init__.py,14,0,8,0,0
tests/kafkatest/directory_layout/kafka_path.py,143,71,22,9,4
tests/kafkatest/sanity_checks/test_bounce.py,72,9,18,3,6
tests/kafkatest/sanity_checks/__init__.py,14,0,8,0,0
tests/kafkatest/sanity_checks/test_verifiable_producer.py,153,19,19,4,8
tests/kafkatest/sanity_checks/test_console_share_consumer.py,70,26,11,2,8
tests/kafkatest/sanity_checks/test_performance_services.py,98,65,10,2,8
tests/kafkatest/sanity_checks/test_console_consumer.py,70,26,11,2,8
tests/kafkatest/tests/verifiable_share_consumer_test.py,106,26,19,15,5
tests/kafkatest/tests/kafka_test.py,47,18,14,2,3
tests/kafkatest/tests/__init__.py,14,0,8,0,0
tests/kafkatest/tests/produce_consume_validate.py,132,51,38,8,3
tests/kafkatest/tests/end_to_end.py,161,111,21,15,8
tests/kafkatest/tests/verifiable_consumer_test.py,96,29,16,12,5
tests/kafkatest/tests/tools/log_compaction_test.py,73,45,9,4,7
tests/kafkatest/tests/tools/trogdor_test.py,99,66,23,8,9
tests/kafkatest/tests/tools/__init__.py,14,0,8,0,0
tests/kafkatest/tests/tools/kibosh_test.py,85,54,14,6,8
tests/kafkatest/tests/tools/replica_verification_test.py,94,56,14,7,8
tests/kafkatest/tests/core/fetch_from_follower_test.py,138,89,18,4,10
tests/kafkatest/tests/core/transactions_test.py,263,17,31,10,10
tests/kafkatest/tests/core/transactions_mixed_versions_test.py,228,21,16,8,13
tests/kafkatest/tests/core/share_consume_bench_test.py,177,16,10,8,10
tests/kafkatest/tests/core/security_test.py,173,30,27,7,9
tests/kafkatest/tests/core/produce_bench_test.py,83,10,10,5,8
tests/kafkatest/tests/core/replica_scale_test.py,147,115,18,5,9
tests/kafkatest/tests/core/security_rolling_upgrade_test.py,189,110,20,12,11
tests/kafkatest/tests/core/replication_replica_failure_test.py,116,25,21,3,13
tests/kafkatest/tests/core/delegation_token_test.py,128,30,8,9,10
tests/kafkatest/tests/core/consumer_group_command_test.py,110,67,14,6,9
tests/kafkatest/tests/core/log_dir_failure_test.py,184,83,39,4,10
tests/kafkatest/tests/core/__init__.py,14,0,8,0,0
tests/kafkatest/tests/core/quorum_reconfiguration_test.py,205,128,31,8,16
tests/kafkatest/tests/core/throttling_test.py,176,86,18,5,11
tests/kafkatest/tests/core/round_trip_fault_test.py,126,15,15,9,12
tests/kafkatest/tests/core/consume_bench_test.py,233,22,14,10,9
tests/kafkatest/tests/core/network_degrade_test.py,146,85,30,5,8
tests/kafkatest/tests/core/authorizer_test.py,112,65,26,3,6
tests/kafkatest/tests/core/replication_test.py,181,43,33,8,8
tests/kafkatest/tests/core/compatibility_test_new_broker_test.py,90,67,9,3,10
tests/kafkatest/tests/core/controller_mutation_quota_test.py,129,70,20,5,4
tests/kafkatest/tests/core/upgrade_test.py,188,133,20,11,10
tests/kafkatest/tests/core/snapshot_test.py,259,147,44,9,12
tests/kafkatest/tests/core/group_mode_transactions_test.py,321,19,34,14,10
tests/kafkatest/tests/core/reassign_partitions_test.py,180,76,28,7,11
tests/kafkatest/tests/core/share_group_command_test.py,128,80,17,8,9
tests/kafkatest/tests/core/transactions_upgrade_test.py,255,21,21,10,13
tests/kafkatest/tests/core/get_offset_shell_test.py,252,151,23,12,7
tests/kafkatest/tests/core/eligible_leader_replicas_test.py,161,11,15,8,9
tests/kafkatest/tests/streams/streams_shutdown_deadlock_test.py,50,18,9,2,5
tests/kafkatest/tests/streams/streams_standby_replica_test.py,209,115,30,3,6
tests/kafkatest/tests/streams/base_streams_test.py,138,94,15,11,5
tests/kafkatest/tests/streams/streams_named_repartition_topic_test.py,96,57,12,4,7
tests/kafkatest/tests/streams/streams_eos_test.py,183,130,11,16,5
tests/kafkatest/tests/streams/__init__.py,14,0,8,0,0
tests/kafkatest/tests/streams/streams_broker_down_resilience_test.py,351,251,18,6,6
tests/kafkatest/tests/streams/streams_static_membership_test.py,108,69,16,4,7
tests/kafkatest/tests/streams/streams_upgrade_test.py,543,369,84,15,10
tests/kafkatest/tests/streams/streams_broker_compatibility_test.py,98,62,11,3,9
tests/kafkatest/tests/streams/streams_application_upgrade_test.py,314,226,43,12,8
tests/kafkatest/tests/streams/streams_broker_bounce_test.py,302,40,51,16,10
tests/kafkatest/tests/streams/streams_relational_smoke_test.py,139,93,15,6,9
tests/kafkatest/tests/streams/streams_optimized_test.py,148,101,17,7,9
tests/kafkatest/tests/streams/streams_smoke_test.py,111,73,9,2,5
tests/kafkatest/tests/streams/utils/util.py,43,23,7,5,1
tests/kafkatest/tests/streams/utils/__init__.py,16,1,8,0,1
tests/kafkatest/tests/connect/__init__.py,14,0,8,0,0
tests/kafkatest/tests/connect/connect_distributed_test.py,1000,670,217,33,17
tests/kafkatest/tests/connect/connect_rest_test.py,238,166,26,6,9
tests/kafkatest/tests/connect/connect_test.py,207,137,29,4,13
tests/kafkatest/tests/connect/connect_plugin_discovery_test.py,79,43,19,2,9
tests/kafkatest/tests/client/client_compatibility_features_test.py,139,36,22,5,11
tests/kafkatest/tests/client/consumer_protocol_migration_test.py,295,187,43,9,6
tests/kafkatest/tests/client/compression_test.py,88,20,14,4,9
tests/kafkatest/tests/client/__init__.py,14,0,8,0,0
tests/kafkatest/tests/client/consumer_test.py,539,328,80,15,6
tests/kafkatest/tests/client/truncation_test.py,158,97,19,5,6
tests/kafkatest/tests/client/consumer_rolling_upgrade_test.py,90,50,16,4,4
tests/kafkatest/tests/client/pluggable_test.py,56,7,13,2,5
tests/kafkatest/tests/client/share_consumer_test.py,331,216,33,17,6
tests/kafkatest/tests/client/quota_test.py,221,138,27,7,7
tests/kafkatest/tests/client/client_compatibility_produce_consume_test.py,110,15,13,4,10
tests/kafkatest/utils/transactions_utils.py,55,40,6,2,2
tests/kafkatest/utils/util.py,180,46,30,9,2
tests/kafkatest/utils/__init__.py,16,1,8,0,1
tests/kafkatest/utils/remote_account.py,58,7,15,5,0
tests/kafkatest/benchmarks/__init__.py,14,0,8,0,0
tests/kafkatest/benchmarks/core/__init__.py,14,0,8,0,0
tests/kafkatest/benchmarks/core/benchmark_test.py,403,290,36,10,11
tests/kafkatest/services/replica_verification_tool.py,91,53,14,6,4
tests/kafkatest/services/transactional_message_copier.py,210,142,30,13,8
tests/kafkatest/services/streams.py,781,65,45,59,10
tests/kafkatest/services/verifiable_client.py,337,82,71,17,6
tests/kafkatest/services/console_consumer.py,321,206,61,14,8
tests/kafkatest/services/connect.py,593,346,87,63,11
tests/kafkatest/services/log_compaction_tester.py,95,62,14,7,5
tests/kafkatest/services/consumer_property.py,21,2,8,0,0
tests/kafkatest/services/zookeeper.py,293,62,48,24,8
tests/kafkatest/services/delegation_tokens.py,108,31,11,7,2
tests/kafkatest/services/__init__.py,14,0,8,0,0
tests/kafkatest/services/verifiable_consumer.py,530,326,110,44,8
tests/kafkatest/services/console_share_consumer.py,275,172,50,11,8
tests/kafkatest/services/verifiable_producer.py,331,151,54,19,11
tests/kafkatest/services/streams_property.py,24,5,8,0,0
tests/kafkatest/services/verifiable_share_consumer.py,316,170,48,31,8
tests/kafkatest/services/monitor/__init__.py,14,0,8,0,0
tests/kafkatest/services/monitor/jmx.py,160,52,40,11,5
tests/kafkatest/services/monitor/http.py,229,134,35,14,6
tests/kafkatest/services/security/__init__.py,15,0,8,0,0
tests/kafkatest/services/security/listener_security_config.py,43,11,15,2,0
tests/kafkatest/services/security/kafka_acls.py,65,23,22,3,1
tests/kafkatest/services/security/minikdc.py,141,82,20,7,9
tests/kafkatest/services/security/security_config.py,433,287,72,31,10
tests/kafkatest/services/trogdor/files_unreadable_fault_spec.py,46,14,10,1,1
tests/kafkatest/services/trogdor/degraded_network_fault_spec.py,48,10,9,2,1
tests/kafkatest/services/trogdor/network_partition_fault_spec.py,39,6,11,1,1
tests/kafkatest/services/trogdor/produce_bench_workload.py,56,32,8,6,2
tests/kafkatest/services/trogdor/process_stop_fault_spec.py,38,7,10,1,1
tests/kafkatest/services/trogdor/__init__.py,14,0,8,0,0
tests/kafkatest/services/trogdor/consume_bench_workload.py,56,32,9,6,2
tests/kafkatest/services/trogdor/kibosh.py,156,48,23,11,4
tests/kafkatest/services/trogdor/trogdor.py,354,199,55,27,9
tests/kafkatest/services/trogdor/round_trip_workload.py,49,25,8,6,2
tests/kafkatest/services/trogdor/task_spec.py,54,19,13,3,1
tests/kafkatest/services/trogdor/share_consume_bench_workload.py,56,32,9,6,2
tests/kafkatest/services/trogdor/no_op_task_spec.py,35,5,10,1,1
tests/kafkatest/services/kafka/config_property.py,214,55,9,0,0
tests/kafkatest/services/kafka/config.py,51,17,14,2,1
tests/kafkatest/services/kafka/util.py,50,21,17,7,3
tests/kafkatest/services/kafka/__init__.py,18,3,8,0,3
tests/kafkatest/services/kafka/quorum.py,156,37,39,4,0
tests/kafkatest/services/kafka/kafka.py,2014,898,459,93,20
tests/kafkatest/services/kafka/consumer_group.py,42,12,16,2,0
tests/kafkatest/services/performance/share_consumer_performance.py,133,36,18,4,4
tests/kafkatest/services/performance/producer_performance.py,170,119,23,6,10
tests/kafkatest/services/performance/__init__.py,20,5,8,0,5
tests/kafkatest/services/performance/end_to_end_latency.py,114,79,15,4,4
tests/kafkatest/services/performance/performance.py,72,26,13,7,2
tests/kafkatest/services/performance/consumer_performance.py,148,36,22,4,4
server/src/test/java/org/apache/kafka/security/authorizer/AuthorizerUtilsTest.java,140,106,5,13,29
server/src/test/java/org/apache/kafka/network/RequestConvertToJsonTest.java,130,102,15,4,20
server/src/test/java/org/apache/kafka/network/SocketServerConfigsTest.java,101,71,4,9,9
server/src/test/java/org/apache/kafka/server/EligibleLeaderReplicasIntegrationTest.java,384,302,25,5,45
server/src/test/java/org/apache/kafka/server/BrokerFeaturesTest.java,121,87,3,8,17
server/src/test/java/org/apache/kafka/server/ClientMetricsManagerTest.java,1429,1071,34,46,50
server/src/test/java/org/apache/kafka/server/AssignmentsManagerTest.java,509,454,17,27,48
server/src/test/java/org/apache/kafka/server/AssignmentsManagerDeadlineFunctionTest.java,82,54,3,8,5
server/src/test/java/org/apache/kafka/server/LogManagerIntegrationTest.java,193,142,4,4,33
server/src/test/java/org/apache/kafka/server/MonitorablePluginsIntegrationTest.java,154,117,6,14,21
server/src/test/java/org/apache/kafka/server/BrokerRegistrationRequestTest.java,248,199,4,14,32
server/src/test/java/org/apache/kafka/server/AssignmentTest.java,128,97,3,10,14
server/src/test/java/org/apache/kafka/server/BootstrapControllersIntegrationTest.java,360,307,8,26,62
server/src/test/java/org/apache/kafka/server/metrics/ClientMetricsReceiverPluginTest.java,63,35,3,4,11
server/src/test/java/org/apache/kafka/server/metrics/ClientMetricsTestUtils.java,106,80,3,11,18
server/src/test/java/org/apache/kafka/server/metrics/ClientMetricsInstanceTest.java,90,53,3,9,6
server/src/test/java/org/apache/kafka/server/metrics/ForwardingManagerMetricsTest.java,129,100,6,0,9
server/src/test/java/org/apache/kafka/server/metrics/ClientMetricsInstanceMetadataTest.java,144,97,3,5,9
server/src/test/java/org/apache/kafka/server/metrics/LinuxIoMetricsCollectorTest.java,92,57,3,4,12
server/src/test/java/org/apache/kafka/server/metrics/BrokerServerMetricsTest.java,156,111,4,6,12
server/src/test/java/org/apache/kafka/server/metrics/NodeMetricsTest.java,81,53,4,1,12
server/src/test/java/org/apache/kafka/server/transaction/AddPartitionsToTxnManagerTest.java,540,428,16,32,55
server/src/test/java/org/apache/kafka/server/util/SchedulerTest.java,266,213,6,5,33
server/src/test/java/org/apache/kafka/server/config/MinInSyncReplicasConfigTest.java,35,14,3,1,5
server/src/test/java/org/apache/kafka/server/config/DelegationTokenManagerConfigsTest.java,78,55,3,0,15
server/src/test/java/org/apache/kafka/server/quota/ClientSensorsTest.java,103,66,4,0,9
server/src/test/java/org/apache/kafka/server/quota/ClientQuotasRequestTest.java,727,560,19,30,35
server/src/test/java/org/apache/kafka/server/quota/ThrottledChannelTest.java,56,31,4,5,4
server/src/test/java/org/apache/kafka/server/replica/ReplicaTest.java,351,287,3,20,15
server/src/test/java/org/apache/kafka/server/purgatory/DelayedFutureTest.java,115,82,7,0,16
server/src/test/java/org/apache/kafka/server/share/CachedSharePartitionTest.java,63,32,3,1,4
server/src/test/java/org/apache/kafka/server/share/fetch/ShareFetchTestUtils.java,156,79,9,7,17
server/src/test/java/org/apache/kafka/server/share/fetch/ShareFetchTest.java,251,188,4,17,26
server/src/test/java/org/apache/kafka/server/share/fetch/PartitionRotateStrategyTest.java,100,59,4,4,11
server/src/test/java/org/apache/kafka/server/share/fetch/RecordStateTest.java,64,34,3,2,3
server/src/test/java/org/apache/kafka/server/share/fetch/DelayedShareFetchKeyTest.java,59,35,4,1,7
server/src/test/java/org/apache/kafka/server/share/fetch/PartitionMaxBytesStrategyTest.java,89,56,3,3,12
server/src/test/java/org/apache/kafka/server/share/session/ShareSessionTest.java,53,27,3,2,5
server/src/test/java/org/apache/kafka/server/share/session/ShareSessionCacheTest.java,285,205,11,11,16
server/src/test/java/org/apache/kafka/server/share/session/ShareSessionKeyTest.java,44,21,3,3,3
server/src/test/java/org/apache/kafka/api/EndToEndClusterIdTest.java,231,170,7,19,32
server/src/main/java/org/apache/kafka/security/authorizer/AclEntry.java,75,52,15,7,21
server/src/main/java/org/apache/kafka/security/authorizer/AuthorizerUtils.java,37,17,3,2,6
server/src/main/java/org/apache/kafka/network/RequestConvertToJson.java,808,782,184,6,370
server/src/main/java/org/apache/kafka/network/ConnectionQuotaEntity.java,95,51,7,17,3
server/src/main/java/org/apache/kafka/network/SocketServerConfigs.java,223,181,27,52,21
server/src/main/java/org/apache/kafka/network/ConnectionThrottledException.java,33,12,4,3,2
server/src/main/java/org/apache/kafka/network/Session.java,34,14,3,4,3
server/src/main/java/org/apache/kafka/network/TooManyConnectionsException.java,33,12,3,3,2
server/src/main/java/org/apache/kafka/network/metrics/RequestChannelMetrics.java,64,40,8,5,7
server/src/main/java/org/apache/kafka/network/metrics/RequestMetrics.java,212,148,21,46,13
server/src/main/java/org/apache/kafka/server/ApiVersionManager.java,73,18,7,0,5
server/src/main/java/org/apache/kafka/server/ActionQueue.java,33,5,3,0,0
server/src/main/java/org/apache/kafka/server/ServerSocketFactory.java,62,40,5,1,7
server/src/main/java/org/apache/kafka/server/DelegationTokenManager.java,125,91,12,13,20
server/src/main/java/org/apache/kafka/server/DelayedActionQueue.java,51,25,7,4,3
server/src/main/java/org/apache/kafka/server/PartitionFetchState.java,98,64,8,9,3
server/src/main/java/org/apache/kafka/server/ConfigHelperUtils.java,90,53,6,3,9
server/src/main/java/org/apache/kafka/server/ResultWithPartitions.java,27,7,3,1,2
server/src/main/java/org/apache/kafka/server/LogReadResult.java,129,90,7,7,7
server/src/main/java/org/apache/kafka/server/ReplicaState.java,38,15,3,3,0
server/src/main/java/org/apache/kafka/server/BrokerFeatures.java,155,88,13,13,11
server/src/main/java/org/apache/kafka/server/AssignmentsManagerDeadlineFunction.java,96,41,9,6,4
server/src/main/java/org/apache/kafka/server/Assignment.java,57,21,9,0,6
server/src/main/java/org/apache/kafka/server/LeaderEndPoint.java,114,22,9,0,9
server/src/main/java/org/apache/kafka/server/DefaultApiVersionManager.java,107,67,3,11,8
server/src/main/java/org/apache/kafka/server/ReplicaFetch.java,28,8,3,1,3
server/src/main/java/org/apache/kafka/server/ClientMetricsManager.java,687,490,64,66,58
server/src/main/java/org/apache/kafka/server/AssignmentsManager.java,486,367,36,25,37
server/src/main/java/org/apache/kafka/server/SimpleApiVersionManager.java,85,49,3,10,8
server/src/main/java/org/apache/kafka/server/package-info.java,20,1,4,0,0
server/src/main/java/org/apache/kafka/server/ProcessRole.java,34,13,3,3,0
server/src/main/java/org/apache/kafka/server/DynamicThreadPool.java,68,44,14,4,7
server/src/main/java/org/apache/kafka/server/metrics/BrokerServerMetrics.java,187,135,6,32,11
server/src/main/java/org/apache/kafka/server/metrics/ClientMetricsInstance.java,141,93,9,27,5
server/src/main/java/org/apache/kafka/server/metrics/NodeMetrics.java,84,59,4,10,6
server/src/main/java/org/apache/kafka/server/metrics/ClientMetricsConfigs.java,232,132,16,27,14
server/src/main/java/org/apache/kafka/server/metrics/ClientMetricsReceiverPlugin.java,57,28,4,6,6
server/src/main/java/org/apache/kafka/server/metrics/ClientMetricsInstanceMetadata.java,66,37,5,4,6
server/src/main/java/org/apache/kafka/server/metrics/LinuxIoMetricsCollector.java,113,70,10,13,8
server/src/main/java/org/apache/kafka/server/metrics/MetricConfigs.java,83,13,4,22,11
server/src/main/java/org/apache/kafka/server/metrics/ForwardingManagerMetrics.java,138,88,7,26,8
server/src/main/java/org/apache/kafka/server/metrics/DefaultClientTelemetryPayload.java,61,33,4,8,4
server/src/main/java/org/apache/kafka/server/transaction/AddPartitionsToTxnManager.java,360,275,35,30,38
server/src/main/java/org/apache/kafka/server/logger/Log4jCoreController.java,92,62,12,5,10
server/src/main/java/org/apache/kafka/server/logger/LoggingControllerDelegate.java,28,10,3,0,1
server/src/main/java/org/apache/kafka/server/logger/LoggingController.java,103,52,9,10,5
server/src/main/java/org/apache/kafka/server/logger/NoOpController.java,37,16,3,3,1
server/src/main/java/org/apache/kafka/server/logger/LoggingControllerMBean.java,25,7,3,0,1
server/src/main/java/org/apache/kafka/server/config/KRaftConfigs.java,83,11,8,27,9
server/src/main/java/org/apache/kafka/server/config/ClientQuotaManagerConfig.java,42,12,4,3,0
server/src/main/java/org/apache/kafka/server/config/ReplicationQuotaManagerConfig.java,47,18,4,7,0
server/src/main/java/org/apache/kafka/server/config/DynamicProducerStateManagerConfig.java,69,45,6,6,8
server/src/main/java/org/apache/kafka/server/config/ReplicationConfigs.java,163,121,21,63,13
server/src/main/java/org/apache/kafka/server/config/DelegationTokenManagerConfigs.java,88,10,4,23,8
server/src/main/java/org/apache/kafka/server/config/AbstractKafkaConfig.java,209,160,15,18,27
server/src/main/java/org/apache/kafka/server/quota/ClientSensors.java,37,12,4,2,4
server/src/main/java/org/apache/kafka/server/quota/ControllerMutationQuotaManager.java,187,98,17,11,15
server/src/main/java/org/apache/kafka/server/quota/ClientQuotaManager.java,898,600,99,101,29
server/src/main/java/org/apache/kafka/server/quota/StrictControllerMutationQuota.java,66,31,10,4,6
server/src/main/java/org/apache/kafka/server/quota/ControllerMutationQuota.java,44,19,4,3,0
server/src/main/java/org/apache/kafka/server/quota/PermissiveControllerMutationQuota.java,59,25,9,4,4
server/src/main/java/org/apache/kafka/server/quota/AbstractControllerMutationQuota.java,58,24,4,6,3
server/src/main/java/org/apache/kafka/server/quota/ThrottledChannel.java,72,36,6,10,5
server/src/main/java/org/apache/kafka/server/quota/ThrottleCallback.java,22,5,3,0,0
server/src/main/java/org/apache/kafka/server/replica/ReplicaState.java,68,30,6,4,3
server/src/main/java/org/apache/kafka/server/replica/Replica.java,176,116,18,13,9
server/src/main/java/org/apache/kafka/server/purgatory/DelayedFuture.java,83,40,8,8,5
server/src/main/java/org/apache/kafka/server/purgatory/DeleteRecordsPartitionStatus.java,58,31,3,9,2
server/src/main/java/org/apache/kafka/server/purgatory/DelayedDeleteRecords.java,109,59,12,10,12
server/src/main/java/org/apache/kafka/server/purgatory/DelayedFuturePurgatory.java,69,45,4,7,7
server/src/main/java/org/apache/kafka/server/share/ShareGroupListener.java,40,6,3,0,1
server/src/main/java/org/apache/kafka/server/share/ErroneousAndValidPartitionData.java,67,39,4,7,8
server/src/main/java/org/apache/kafka/server/share/CachedSharePartition.java,158,99,17,22,8
server/src/main/java/org/apache/kafka/server/share/metrics/SharePartitionMetrics.java,166,97,16,24,9
server/src/main/java/org/apache/kafka/server/share/metrics/ShareGroupMetrics.java,145,90,15,23,11
server/src/main/java/org/apache/kafka/server/share/context/ShareSessionContext.java,240,173,24,21,22
server/src/main/java/org/apache/kafka/server/share/context/FinalContext.java,64,34,4,5,10
server/src/main/java/org/apache/kafka/server/share/context/ShareFetchContext.java,86,25,5,4,10
server/src/main/java/org/apache/kafka/server/share/acknowledge/ShareAcknowledgementBatch.java,44,16,4,2,1
server/src/main/java/org/apache/kafka/server/share/fetch/DelayedShareFetchPartitionKey.java,63,35,7,8,3
server/src/main/java/org/apache/kafka/server/share/fetch/ShareFetch.java,230,117,19,23,14
server/src/main/java/org/apache/kafka/server/share/fetch/InFlightBatch.java,257,119,39,26,5
server/src/main/java/org/apache/kafka/server/share/fetch/ShareFetchPartitionData.java,31,9,4,1,2
server/src/main/java/org/apache/kafka/server/share/fetch/PartitionMaxBytesStrategy.java,77,39,14,2,4
server/src/main/java/org/apache/kafka/server/share/fetch/AcquisitionLockTimerTask.java,77,43,4,11,3
server/src/main/java/org/apache/kafka/server/share/fetch/DelayedShareFetchKey.java,25,4,4,0,1
server/src/main/java/org/apache/kafka/server/share/fetch/InFlightState.java,289,135,48,25,4
server/src/main/java/org/apache/kafka/server/share/fetch/DelayedShareFetchGroupKey.java,67,39,7,9,3
server/src/main/java/org/apache/kafka/server/share/fetch/AcquisitionLockTimeoutHandler.java,36,5,6,0,1
server/src/main/java/org/apache/kafka/server/share/fetch/PartitionRotateStrategy.java,98,37,10,1,5
server/src/main/java/org/apache/kafka/server/share/fetch/RecordState.java,82,38,13,5,1
server/src/main/java/org/apache/kafka/server/share/fetch/DeliveryCountOps.java,25,4,3,1,0
server/src/main/java/org/apache/kafka/server/share/fetch/ShareAcquiredRecords.java,66,29,3,8,3
server/src/main/java/org/apache/kafka/server/share/session/ShareSessionCache.java,247,121,30,22,11
server/src/main/java/org/apache/kafka/server/share/session/ShareSessionKey.java,29,9,3,2,2
server/src/main/java/org/apache/kafka/server/share/session/ShareSession.java,143,89,8,16,8
release/git.py,138,74,15,21,2
release/release.py,380,237,77,12,15
release/svn.py,60,34,11,3,4
release/preferences.py,91,35,16,7,2
release/runtime.py,146,70,28,8,5
release/notes.py,174,78,44,7,2
release/templates.py,295,144,57,8,0
release/gpg.py,90,36,18,6,4
release/textfiles.py,73,30,15,5,2
test-common/test-common-util/src/test/java/org/apache/kafka/common/test/junit/KafkaPostDiscoveryFilterTest.java,206,154,3,24,11
test-common/test-common-util/src/test/java/org/apache/kafka/common/test/junit/CatalogTestFilterTest.java,75,48,3,4,10
test-common/test-common-util/src/main/java/org/apache/kafka/common/test/junit/KafkaPostDiscoveryFilter.java,152,85,16,12,7
test-common/test-common-util/src/main/java/org/apache/kafka/common/test/junit/CatalogTestFilter.java,152,102,15,11,18
test-common/test-common-util/src/main/java/org/apache/kafka/common/test/api/Flaky.java,40,13,3,1,5
test-common/test-common-internal-api/src/test/java/org/apache/kafka/common/test/api/DetectThreadLeakTest.java,67,43,4,3,3
test-common/test-common-internal-api/src/test/java/org/apache/kafka/common/test/api/ClusterConfigTest.java,121,89,3,6,18
test-common/test-common-internal-api/src/main/java/org/apache/kafka/common/test/api/ClusterTests.java,38,18,3,1,8
test-common/test-common-internal-api/src/main/java/org/apache/kafka/common/test/api/DetectThreadLeak.java,50,16,4,0,4
test-common/test-common-internal-api/src/main/java/org/apache/kafka/common/test/api/Type.java,24,4,3,1,0
test-common/test-common-internal-api/src/main/java/org/apache/kafka/common/test/api/ClusterTestDefaults.java,44,17,6,1,5
test-common/test-common-internal-api/src/main/java/org/apache/kafka/common/test/api/AutoStart.java,24,6,3,1,0
test-common/test-common-internal-api/src/main/java/org/apache/kafka/common/test/api/ClusterConfig.java,300,234,8,67,18
test-common/test-common-internal-api/src/main/java/org/apache/kafka/common/test/api/ClusterConfigProperty.java,50,14,3,1,5
test-common/test-common-internal-api/src/main/java/org/apache/kafka/common/test/api/ClusterTemplate.java,67,18,5,1,8
test-common/test-common-internal-api/src/main/java/org/apache/kafka/common/test/api/ClusterFeature.java,33,14,3,1,6
test-common/test-common-internal-api/src/main/java/org/apache/kafka/common/test/api/TestKitDefaults.java,35,12,3,7,1
test-common/test-common-internal-api/src/main/java/org/apache/kafka/common/test/api/ClusterTest.java,60,34,3,1,12
test-common/test-common-runtime/src/test/java/org/apache/kafka/common/test/TestKitNodeTest.java,60,37,4,2,7
test-common/test-common-runtime/src/test/java/org/apache/kafka/common/test/KafkaClusterTestKitTest.java,154,123,8,7,14
test-common/test-common-runtime/src/test/java/org/apache/kafka/common/test/KafkaClusterThreadFactoryTest.java,38,17,3,1,3
test-common/test-common-runtime/src/test/java/org/apache/kafka/common/test/junit/ClusterTestExtensionsUnitTest.java,79,49,3,1,9
test-common/test-common-runtime/src/test/java/org/apache/kafka/common/test/junit/ClusterTestBeforeEachTest.java,57,32,4,3,7
test-common/test-common-runtime/src/test/java/org/apache/kafka/common/test/junit/ClusterTestExtensionsTest.java,541,463,10,20,64
test-common/test-common-runtime/src/main/java/org/apache/kafka/common/test/KafkaClusterThreadFactory.java,45,23,3,5,4
test-common/test-common-runtime/src/main/java/org/apache/kafka/common/test/TestUtils.java,148,74,17,12,11
test-common/test-common-runtime/src/main/java/org/apache/kafka/common/test/PreboundSocketFactoryManager.java,184,106,18,11,10
test-common/test-common-runtime/src/main/java/org/apache/kafka/common/test/JaasUtils.java,63,39,3,9,9
test-common/test-common-runtime/src/main/java/org/apache/kafka/common/test/TestKitNodes.java,384,316,20,57,23
test-common/test-common-runtime/src/main/java/org/apache/kafka/common/test/MockController.java,548,477,32,48,62
test-common/test-common-runtime/src/main/java/org/apache/kafka/common/test/TestKitNode.java,46,21,3,0,4
test-common/test-common-runtime/src/main/java/org/apache/kafka/common/test/MockFaultHandler.java,72,41,7,9,4
test-common/test-common-runtime/src/main/java/org/apache/kafka/common/test/ClusterInstance.java,453,314,35,0,55
test-common/test-common-runtime/src/main/java/org/apache/kafka/common/test/JaasModule.java,46,24,3,3,3
test-common/test-common-runtime/src/main/java/org/apache/kafka/common/test/KafkaClusterTestKit.java,761,656,78,67,59
test-common/test-common-runtime/src/main/java/org/apache/kafka/common/test/junit/ClusterInstanceParameterResolver.java,69,31,9,3,7
test-common/test-common-runtime/src/main/java/org/apache/kafka/common/test/junit/ClusterTestExtensions.java,313,205,20,23,33
test-common/test-common-runtime/src/main/java/org/apache/kafka/common/test/junit/RaftClusterInvocationContext.java,338,258,25,32,32
storage/api/src/test/java/org/apache/kafka/server/log/remote/storage/RemoteLogSegmentMetadataTest.java,78,51,3,1,9
storage/api/src/test/java/org/apache/kafka/server/log/remote/storage/LogSegmentDataTest.java,55,32,3,1,7
storage/api/src/test/java/org/apache/kafka/server/log/remote/storage/NoOpRemoteStorageManager.java,63,38,3,7,5
storage/api/src/test/java/org/apache/kafka/server/log/remote/storage/NoOpRemoteLogMetadataManager.java,94,63,3,13,8
storage/api/src/main/java/org/apache/kafka/server/log/remote/storage/RemoteStorageMetrics.java,154,122,3,49,4
storage/api/src/main/java/org/apache/kafka/server/log/remote/storage/RemoteLogSegmentState.java,112,41,11,6,6
storage/api/src/main/java/org/apache/kafka/server/log/remote/storage/RemotePartitionDeleteMetadata.java,92,48,10,8,2
storage/api/src/main/java/org/apache/kafka/server/log/remote/storage/RemoteLogMetadataManager.java,245,38,29,0,8
storage/api/src/main/java/org/apache/kafka/server/log/remote/storage/RemoteLogSegmentMetadataUpdate.java,121,61,9,11,4
storage/api/src/main/java/org/apache/kafka/server/log/remote/storage/RemoteResourceNotFoundException.java,39,13,4,4,0
storage/api/src/main/java/org/apache/kafka/server/log/remote/storage/RemotePartitionDeleteState.java,106,39,11,6,6
storage/api/src/main/java/org/apache/kafka/server/log/remote/storage/RemoteLogMetadata.java,60,17,5,6,1
storage/api/src/main/java/org/apache/kafka/server/log/remote/storage/RemoteStorageNotReadyException.java,40,12,4,3,0
storage/api/src/main/java/org/apache/kafka/server/log/remote/storage/RemoteLogSegmentId.java,88,43,8,9,3
storage/api/src/main/java/org/apache/kafka/server/log/remote/storage/LogSegmentData.java,137,75,13,16,4
storage/api/src/main/java/org/apache/kafka/server/log/remote/storage/RemoteStorageManager.java,155,27,17,0,6
storage/api/src/main/java/org/apache/kafka/server/log/remote/storage/RemoteStorageException.java,37,13,3,4,0
storage/api/src/main/java/org/apache/kafka/server/log/remote/storage/RetriableRemoteStorageException.java,39,13,4,4,0
storage/api/src/main/java/org/apache/kafka/server/log/remote/storage/package-info.java,20,1,4,0,0
storage/api/src/main/java/org/apache/kafka/server/log/remote/storage/RemoteLogSegmentMetadata.java,417,203,31,33,8
storage/src/test/java/org/apache/kafka/tiered/storage/TieredStorageTestContext.java,368,292,14,44,50
storage/src/test/java/org/apache/kafka/tiered/storage/TieredStorageTestBuilder.java,385,330,15,41,44
storage/src/test/java/org/apache/kafka/tiered/storage/TieredStorageTestAction.java,36,15,4,0,1
storage/src/test/java/org/apache/kafka/tiered/storage/TieredStorageTestReport.java,72,46,6,7,5
storage/src/test/java/org/apache/kafka/tiered/storage/TieredStorageTestHarness.java,162,121,12,15,29
storage/src/test/java/org/apache/kafka/tiered/storage/specs/FetchableSpec.java,29,10,3,2,0
storage/src/test/java/org/apache/kafka/tiered/storage/specs/FetchCountAndOp.java,35,16,3,3,0
storage/src/test/java/org/apache/kafka/tiered/storage/specs/DeletableSpec.java,32,12,3,2,1
storage/src/test/java/org/apache/kafka/tiered/storage/specs/OffloadedSegmentSpec.java,41,12,3,2,3
storage/src/test/java/org/apache/kafka/tiered/storage/specs/ProducableSpec.java,81,52,7,12,3
storage/src/test/java/org/apache/kafka/tiered/storage/specs/ConsumableSpec.java,30,11,3,2,0
storage/src/test/java/org/apache/kafka/tiered/storage/specs/RemoteFetchCount.java,88,60,8,14,1
storage/src/test/java/org/apache/kafka/tiered/storage/specs/ExpandPartitionCountSpec.java,30,10,3,2,2
storage/src/test/java/org/apache/kafka/tiered/storage/specs/KeyValueSpec.java,75,48,7,11,1
storage/src/test/java/org/apache/kafka/tiered/storage/specs/RemoteFetchSpec.java,37,9,3,2,1
storage/src/test/java/org/apache/kafka/tiered/storage/specs/RemoteDeleteSegmentSpec.java,42,11,3,2,2
storage/src/test/java/org/apache/kafka/tiered/storage/specs/OffloadableSpec.java,35,14,3,2,2
storage/src/test/java/org/apache/kafka/tiered/storage/specs/TopicSpec.java,43,12,7,2,2
storage/src/test/java/org/apache/kafka/tiered/storage/integration/ReassignReplicaShrinkTest.java,104,59,5,3,7
storage/src/test/java/org/apache/kafka/tiered/storage/integration/DeleteTopicTest.java,75,49,3,2,8
storage/src/test/java/org/apache/kafka/tiered/storage/integration/OffloadAndTxnConsumeFromLeaderTest.java,108,61,4,5,12
storage/src/test/java/org/apache/kafka/tiered/storage/integration/EnableRemoteLogOnTopicTest.java,87,53,7,2,8
storage/src/test/java/org/apache/kafka/tiered/storage/integration/ListOffsetsTest.java,124,78,6,3,15
storage/src/test/java/org/apache/kafka/tiered/storage/integration/TransactionsWithTieredStoreTest.java,126,91,5,9,19
storage/src/test/java/org/apache/kafka/tiered/storage/integration/BaseReassignReplicaTest.java,101,54,4,6,8
storage/src/test/java/org/apache/kafka/tiered/storage/integration/BaseDeleteSegmentsTest.java,74,42,3,3,7
storage/src/test/java/org/apache/kafka/tiered/storage/integration/ReassignReplicaExpandTest.java,31,8,3,1,1
storage/src/test/java/org/apache/kafka/tiered/storage/integration/DeleteSegmentsDueToLogStartOffsetBreachTest.java,91,57,4,2,8
storage/src/test/java/org/apache/kafka/tiered/storage/integration/DeleteSegmentsByRetentionSizeTest.java,29,9,3,1,2
storage/src/test/java/org/apache/kafka/tiered/storage/integration/PartitionsExpandTest.java,106,64,8,2,7
storage/src/test/java/org/apache/kafka/tiered/storage/integration/AlterLogDirTest.java,67,38,3,2,6
storage/src/test/java/org/apache/kafka/tiered/storage/integration/DeleteSegmentsByRetentionTimeTest.java,29,9,3,1,2
storage/src/test/java/org/apache/kafka/tiered/storage/integration/FetchFromLeaderWithCorruptedCheckpointTest.java,84,52,4,2,10
storage/src/test/java/org/apache/kafka/tiered/storage/integration/OffloadAndConsumeFromLeaderTest.java,135,47,3,2,5
storage/src/test/java/org/apache/kafka/tiered/storage/integration/DisableRemoteLogOnTopicTest.java,127,80,3,3,12
storage/src/test/java/org/apache/kafka/tiered/storage/integration/RollAndOffloadActiveSegmentTest.java,74,42,3,3,7
storage/src/test/java/org/apache/kafka/tiered/storage/integration/ReassignReplicaMoveTest.java,31,8,3,1,1
storage/src/test/java/org/apache/kafka/tiered/storage/utils/DumpLocalTieredStorage.java,29,10,3,1,2
storage/src/test/java/org/apache/kafka/tiered/storage/utils/BrokerLocalStorage.java,225,162,29,19,18
storage/src/test/java/org/apache/kafka/tiered/storage/utils/RecordsKeyValueMatcher.java,178,118,17,11,15
storage/src/test/java/org/apache/kafka/tiered/storage/utils/LocalTieredStorageOutput.java,95,66,6,12,10
storage/src/test/java/org/apache/kafka/tiered/storage/utils/TieredStorageTestUtils.java,196,117,15,11,34
storage/src/test/java/org/apache/kafka/tiered/storage/actions/ExpectEmptyRemoteStorageAction.java,52,24,6,4,6
storage/src/test/java/org/apache/kafka/tiered/storage/actions/StopBrokerAction.java,41,18,3,4,3
storage/src/test/java/org/apache/kafka/tiered/storage/actions/DeleteRecordsAction.java,84,58,4,7,15
storage/src/test/java/org/apache/kafka/tiered/storage/actions/ExpectTopicIdToMatchInRemoteStorageAction.java,60,36,3,4,10
storage/src/test/java/org/apache/kafka/tiered/storage/actions/ProduceAction.java,165,102,9,11,23
storage/src/test/java/org/apache/kafka/tiered/storage/actions/StartBrokerAction.java,41,18,3,4,3
storage/src/test/java/org/apache/kafka/tiered/storage/actions/ExpectLeaderEpochCheckpointAction.java,71,48,6,7,11
storage/src/test/java/org/apache/kafka/tiered/storage/actions/ExpectListOffsetsAction.java,69,45,4,6,12
storage/src/test/java/org/apache/kafka/tiered/storage/actions/ExpectUserTopicMappedToMetadataPartitionsAction.java,73,48,3,5,16
storage/src/test/java/org/apache/kafka/tiered/storage/actions/CreatePartitionsAction.java,43,20,3,4,5
storage/src/test/java/org/apache/kafka/tiered/storage/actions/EraseBrokerStorageAction.java,54,30,3,7,5
storage/src/test/java/org/apache/kafka/tiered/storage/actions/BounceBrokerAction.java,41,18,3,4,3
storage/src/test/java/org/apache/kafka/tiered/storage/actions/ConsumeAction.java,204,149,27,11,27
storage/src/test/java/org/apache/kafka/tiered/storage/actions/ExpectBrokerInISRAction.java,58,34,5,5,8
storage/src/test/java/org/apache/kafka/tiered/storage/actions/ExpectLeaderAction.java,113,85,9,7,22
storage/src/test/java/org/apache/kafka/tiered/storage/actions/ReassignReplicaAction.java,76,51,5,5,14
storage/src/test/java/org/apache/kafka/tiered/storage/actions/UpdateBrokerConfigAction.java,53,30,3,6,7
storage/src/test/java/org/apache/kafka/tiered/storage/actions/UpdateTopicConfigAction.java,52,30,3,6,7
storage/src/test/java/org/apache/kafka/tiered/storage/actions/CreateTopicAction.java,53,28,3,4,7
storage/src/test/java/org/apache/kafka/tiered/storage/actions/DeleteTopicAction.java,85,57,6,7,13
storage/src/test/java/org/apache/kafka/tiered/storage/actions/ShrinkReplicaAction.java,82,56,7,5,15
storage/src/test/java/org/apache/kafka/tiered/storage/actions/AlterLogDirAction.java,79,50,9,5,14
storage/src/test/java/org/apache/kafka/admin/RemoteTopicCrudTest.java,664,534,20,13,44
storage/src/test/java/org/apache/kafka/server/log/LogAppendTimeTest.java,132,104,9,6,29
storage/src/test/java/org/apache/kafka/server/log/remote/storage/LocalTieredStorageTraverser.java,40,6,6,0,1
storage/src/test/java/org/apache/kafka/server/log/remote/storage/RemoteTopicPartitionDirectory.java,168,101,12,12,19
storage/src/test/java/org/apache/kafka/server/log/remote/storage/RemoteTopicPartitionDirectoryTest.java,47,25,5,1,8
storage/src/test/java/org/apache/kafka/server/log/remote/storage/RemoteLogMetadataManagerTest.java,158,100,5,10,22
storage/src/test/java/org/apache/kafka/server/log/remote/storage/RemoteLogReaderTest.java,132,90,5,4,25
storage/src/test/java/org/apache/kafka/server/log/remote/storage/RemoteLogOffsetReaderTest.java,194,154,6,13,32
storage/src/test/java/org/apache/kafka/server/log/remote/storage/RemoteLogManagerConfigTest.java,150,114,3,9,7
storage/src/test/java/org/apache/kafka/server/log/remote/storage/LocalTieredStorageTest.java,655,464,21,63,51
storage/src/test/java/org/apache/kafka/server/log/remote/storage/RemoteLogSegmentFileset.java,277,172,19,25,34
storage/src/test/java/org/apache/kafka/server/log/remote/storage/LocalTieredStorageListener.java,74,26,5,4,5
storage/src/test/java/org/apache/kafka/server/log/remote/storage/Transferer.java,33,8,3,0,3
storage/src/test/java/org/apache/kafka/server/log/remote/storage/LocalTieredStorage.java,562,354,57,37,47
storage/src/test/java/org/apache/kafka/server/log/remote/storage/LocalTieredStorageEvent.java,177,114,12,31,5
storage/src/test/java/org/apache/kafka/server/log/remote/storage/LocalTieredStorageHistory.java,115,46,5,7,14
storage/src/test/java/org/apache/kafka/server/log/remote/storage/ClassLoaderAwareRemoteStorageManagerTest.java,46,24,3,1,7
storage/src/test/java/org/apache/kafka/server/log/remote/storage/RemoteLogManagerTest.java,3872,3095,99,153,151
storage/src/test/java/org/apache/kafka/server/log/remote/storage/LocalTieredStorageCondition.java,228,104,18,14,7
storage/src/test/java/org/apache/kafka/server/log/remote/storage/LocalTieredStorageSnapshot.java,100,63,7,12,10
storage/src/test/java/org/apache/kafka/server/log/remote/quota/RLMQuotaMetricsTest.java,74,36,3,4,10
storage/src/test/java/org/apache/kafka/server/log/remote/quota/RLMQuotaManagerTest.java,119,73,6,8,15
storage/src/test/java/org/apache/kafka/server/log/remote/metadata/storage/TopicBasedRemoteLogMetadataManagerTest.java,372,275,8,17,39
storage/src/test/java/org/apache/kafka/server/log/remote/metadata/storage/RemoteLogSegmentLifecycleTest.java,356,241,20,18,30
storage/src/test/java/org/apache/kafka/server/log/remote/metadata/storage/RemoteLogLeaderEpochStateTest.java,206,154,3,1,18
storage/src/test/java/org/apache/kafka/server/log/remote/metadata/storage/TopicBasedRemoteLogMetadataManagerMultipleSubscriptionsTest.java,179,118,10,5,28
storage/src/test/java/org/apache/kafka/server/log/remote/metadata/storage/RemoteLogMetadataTransformTest.java,84,59,3,6,19
storage/src/test/java/org/apache/kafka/server/log/remote/metadata/storage/RemoteLogMetadataFormatterTest.java,79,55,3,5,17
storage/src/test/java/org/apache/kafka/server/log/remote/metadata/storage/TopicBasedRemoteLogMetadataManagerConfigTest.java,195,140,14,6,21
storage/src/test/java/org/apache/kafka/server/log/remote/metadata/storage/ConsumerTaskTest.java,479,381,20,36,46
storage/src/test/java/org/apache/kafka/server/log/remote/metadata/storage/RemoteLogMetadataManagerTestUtils.java,97,65,3,14,14
storage/src/test/java/org/apache/kafka/server/log/remote/metadata/storage/ClassLoaderAwareRemoteLogMetadataManagerTest.java,51,28,3,1,10
storage/src/test/java/org/apache/kafka/server/log/remote/metadata/storage/RemoteLogMetadataSerdeTest.java,119,80,4,13,20
storage/src/test/java/org/apache/kafka/server/log/remote/metadata/storage/RemoteLogMetadataCacheTest.java,183,139,14,12,24
storage/src/test/java/org/apache/kafka/server/log/remote/metadata/storage/TopicBasedRemoteLogMetadataManagerRestartTest.java,121,82,5,5,16
storage/src/test/java/org/apache/kafka/server/log/remote/metadata/storage/serialization/RemoteLogSegmentMetadataUpdateTransformTest.java,63,40,3,1,14
storage/src/test/java/org/apache/kafka/server/log/remote/metadata/storage/serialization/RemoteLogSegmentMetadataTransformTest.java,63,40,3,1,14
storage/src/test/java/org/apache/kafka/server/log/remote/metadata/storage/serialization/RemoteLogSegmentMetadataSnapshotTransformTest.java,62,39,3,1,12
storage/src/test/java/org/apache/kafka/server/purgatory/DelayedRemoteListOffsetsTest.java,261,213,5,9,24
storage/src/test/java/org/apache/kafka/storage/internals/checkpoint/OffsetCheckpointFileWithFailureHandlerTest.java,165,103,3,7,16
storage/src/test/java/org/apache/kafka/storage/internals/checkpoint/LeaderEpochCheckpointFileWithFailureHandlerTest.java,81,39,3,2,8
storage/src/test/java/org/apache/kafka/storage/internals/checkpoint/CleanShutdownFileHandlerTest.java,81,55,3,3,14
storage/src/test/java/org/apache/kafka/storage/internals/checkpoint/PartitionMetadataFileTest.java,98,64,3,7,13
storage/src/test/java/org/apache/kafka/storage/internals/utils/ThrottlerTest.java,116,70,3,2,5
storage/src/test/java/org/apache/kafka/storage/internals/log/BrokerCompressionTest.java,111,37,4,7,24
storage/src/test/java/org/apache/kafka/storage/internals/log/UnifiedLogTest.java,37,14,3,2,4
storage/src/test/java/org/apache/kafka/storage/internals/log/OffsetMapTest.java,108,80,10,8,7
storage/src/test/java/org/apache/kafka/storage/internals/log/LocalLogTest.java,753,603,31,59,33
storage/src/test/java/org/apache/kafka/storage/internals/log/LogTestUtils.java,36,14,3,1,4
storage/src/test/java/org/apache/kafka/storage/internals/log/LogConcurrencyTest.java,208,163,13,15,26
storage/src/test/java/org/apache/kafka/storage/internals/log/LogSegmentsTest.java,298,28,4,13,24
storage/src/test/java/org/apache/kafka/storage/internals/log/ProducerStateManagerTest.java,1481,1119,22,89,46
storage/src/test/java/org/apache/kafka/storage/internals/log/LogSegmentTest.java,930,413,36,45,57
storage/src/test/java/org/apache/kafka/storage/internals/log/LogManagerTest.java,175,142,10,13,23
storage/src/test/java/org/apache/kafka/storage/internals/log/LogValidatorTest.java,2055,1784,31,76,52
storage/src/test/java/org/apache/kafka/storage/internals/log/TransactionIndexTest.java,223,170,3,17,13
storage/src/test/java/org/apache/kafka/storage/internals/log/LogOffsetMetadataTest.java,83,55,3,0,7
storage/src/test/java/org/apache/kafka/storage/internals/log/TimeIndexTest.java,205,147,8,22,13
storage/src/test/java/org/apache/kafka/storage/internals/log/AbstractIndexTest.java,89,56,3,10,11
storage/src/test/java/org/apache/kafka/storage/internals/log/RemoteIndexCacheTest.java,1314,969,118,69,75
storage/src/test/java/org/apache/kafka/storage/internals/log/OffsetIndexTest.java,269,211,16,19,20
storage/src/test/java/org/apache/kafka/storage/internals/log/VerificationGuardTest.java,53,29,3,2,5
storage/src/main/java/org/apache/kafka/server/log/remote/TopicPartitionLog.java,40,8,4,0,3
storage/src/main/java/org/apache/kafka/server/log/remote/storage/RemoteLogOffsetReader.java,77,53,6,10,10
storage/src/main/java/org/apache/kafka/server/log/remote/storage/RemoteLogReader.java,82,59,8,9,12
storage/src/main/java/org/apache/kafka/server/log/remote/storage/RemoteLogManagerConfig.java,555,440,26,121,13
storage/src/main/java/org/apache/kafka/server/log/remote/storage/RemoteLogManager.java,2243,1473,273,145,115
storage/src/main/java/org/apache/kafka/server/log/remote/storage/CustomMetadataSizeLimitExceededException.java,20,3,3,0,0
storage/src/main/java/org/apache/kafka/server/log/remote/storage/ClassLoaderAwareRemoteStorageManager.java,99,64,3,12,6
storage/src/main/java/org/apache/kafka/server/log/remote/quota/RLMQuotaManager.java,114,83,7,16,17
storage/src/main/java/org/apache/kafka/server/log/remote/quota/RLMQuotaManagerConfig.java,28,4,4,2,0
storage/src/main/java/org/apache/kafka/server/log/remote/quota/RLMQuotaMetrics.java,59,36,3,9,6
storage/src/main/java/org/apache/kafka/server/log/remote/metadata/storage/TopicBasedRemoteLogMetadataManager.java,512,405,53,36,42
storage/src/main/java/org/apache/kafka/server/log/remote/metadata/storage/ProducerManager.java,99,59,9,7,13
storage/src/main/java/org/apache/kafka/server/log/remote/metadata/storage/RemotePartitionMetadataStore.java,184,133,22,13,19
storage/src/main/java/org/apache/kafka/server/log/remote/metadata/storage/RemoteLogLeaderEpochState.java,190,88,23,4,13
storage/src/main/java/org/apache/kafka/server/log/remote/metadata/storage/RemoteLogSegmentMetadataSnapshot.java,245,118,19,24,12
storage/src/main/java/org/apache/kafka/server/log/remote/metadata/storage/ConsumerManager.java,146,90,21,8,13
storage/src/main/java/org/apache/kafka/server/log/remote/metadata/storage/ConsumerTask.java,483,350,65,41,25
storage/src/main/java/org/apache/kafka/server/log/remote/metadata/storage/ClassLoaderAwareRemoteLogMetadataManager.java,145,105,3,18,13
storage/src/main/java/org/apache/kafka/server/log/remote/metadata/storage/TopicBasedRemoteLogMetadataManagerConfig.java,241,191,13,54,17
storage/src/main/java/org/apache/kafka/server/log/remote/metadata/storage/RemoteLogMetadataCache.java,354,188,41,11,17
storage/src/main/java/org/apache/kafka/server/log/remote/metadata/storage/RemoteLogMetadataTopicPartitioner.java,60,33,4,6,5
storage/src/main/java/org/apache/kafka/server/log/remote/metadata/storage/RemotePartitionMetadataEventHandler.java,52,26,6,8,5
storage/src/main/java/org/apache/kafka/server/log/remote/metadata/storage/serialization/RemoteLogMetadataTransform.java,52,7,3,0,2
storage/src/main/java/org/apache/kafka/server/log/remote/metadata/storage/serialization/RemoteLogSegmentMetadataTransform.java,103,74,4,5,13
storage/src/main/java/org/apache/kafka/server/log/remote/metadata/storage/serialization/RemotePartitionDeleteMetadataTransform.java,54,32,3,3,6
storage/src/main/java/org/apache/kafka/server/log/remote/metadata/storage/serialization/RemoteLogMetadataSerde.java,120,84,15,16,16
storage/src/main/java/org/apache/kafka/server/log/remote/metadata/storage/serialization/RemoteLogSegmentMetadataUpdateTransform.java,64,39,3,3,9
storage/src/main/java/org/apache/kafka/server/log/remote/metadata/storage/serialization/RemoteLogSegmentMetadataSnapshotTransform.java,79,54,4,3,9
storage/src/main/java/org/apache/kafka/server/purgatory/DelayedRemoteListOffsets.java,194,146,21,12,22
storage/src/main/java/org/apache/kafka/server/purgatory/ListOffsetsPartitionStatus.java,122,84,3,24,5
storage/src/main/java/org/apache/kafka/storage/internals/checkpoint/PartitionMetadataFile.java,141,101,10,16,16
storage/src/main/java/org/apache/kafka/storage/internals/checkpoint/OffsetCheckpoints.java,25,6,3,0,2
storage/src/main/java/org/apache/kafka/storage/internals/checkpoint/OffsetCheckpointFile.java,98,55,5,10,11
storage/src/main/java/org/apache/kafka/storage/internals/checkpoint/CheckpointFileWithFailureHandler.java,82,55,11,9,11
storage/src/main/java/org/apache/kafka/storage/internals/checkpoint/PartitionMetadata.java,27,7,3,2,1
storage/src/main/java/org/apache/kafka/storage/internals/checkpoint/LeaderEpochCheckpointFile.java,85,41,6,12,9
storage/src/main/java/org/apache/kafka/storage/internals/checkpoint/CleanShutdownFileHandler.java,114,69,5,13,12
storage/src/main/java/org/apache/kafka/storage/internals/checkpoint/PartitionMetadataReadBuffer.java,85,53,9,6,4
storage/src/main/java/org/apache/kafka/storage/internals/checkpoint/LazyOffsetCheckpoints.java,61,33,7,5,4
storage/src/main/java/org/apache/kafka/storage/internals/epoch/LeaderEpochFileCache.java,536,341,45,38,20
storage/src/main/java/org/apache/kafka/storage/internals/utils/Throttler.java,105,59,10,14,6
storage/src/main/java/org/apache/kafka/storage/internals/log/ProducerStateEntry.java,180,124,11,31,8
storage/src/main/java/org/apache/kafka/storage/internals/log/OffsetsOutOfOrderException.java,27,6,3,1,0
storage/src/main/java/org/apache/kafka/storage/internals/log/EpochEntry.java,29,10,3,2,0
storage/src/main/java/org/apache/kafka/storage/internals/log/OffsetIndex.java,235,110,30,20,7
storage/src/main/java/org/apache/kafka/storage/internals/log/LogOffsetsListener.java,36,5,3,0,0
storage/src/main/java/org/apache/kafka/storage/internals/log/StorageAction.java,28,5,4,0,0
storage/src/main/java/org/apache/kafka/storage/internals/log/LocalLog.java,1066,660,125,76,39
storage/src/main/java/org/apache/kafka/storage/internals/log/LogConfig.java,660,538,41,97,41
storage/src/main/java/org/apache/kafka/storage/internals/log/RecordValidationException.java,42,20,3,5,4
storage/src/main/java/org/apache/kafka/storage/internals/log/OffsetResultHolder.java,114,76,7,21,4
storage/src/main/java/org/apache/kafka/storage/internals/log/AppendOrigin.java,45,7,4,1,0
storage/src/main/java/org/apache/kafka/storage/internals/log/RemoteIndexCache.java,700,513,84,45,37
storage/src/main/java/org/apache/kafka/storage/internals/log/LogAppendInfo.java,257,152,14,38,6
storage/src/main/java/org/apache/kafka/storage/internals/log/TransactionIndex.java,265,173,30,26,16
storage/src/main/java/org/apache/kafka/storage/internals/log/Cleaner.java,766,462,118,31,25
storage/src/main/java/org/apache/kafka/storage/internals/log/ThrottledReplicaListValidator.java,49,26,6,5,3
storage/src/main/java/org/apache/kafka/storage/internals/log/LogCleaningState.java,72,41,5,8,1
storage/src/main/java/org/apache/kafka/storage/internals/log/CleanerStats.java,137,82,15,26,1
storage/src/main/java/org/apache/kafka/storage/internals/log/LogSegments.java,348,134,30,34,13
storage/src/main/java/org/apache/kafka/storage/internals/log/LazyIndex.java,244,174,13,31,8
storage/src/main/java/org/apache/kafka/storage/internals/log/LogManager.java,96,52,13,6,11
storage/src/main/java/org/apache/kafka/storage/internals/log/LeaderHwChange.java,23,6,3,1,0
storage/src/main/java/org/apache/kafka/storage/internals/log/LogMetricNames.java,29,9,3,5,1
storage/src/main/java/org/apache/kafka/storage/internals/log/LogCleaner.java,654,350,65,59,27
storage/src/main/java/org/apache/kafka/storage/internals/log/LogSegment.java,902,491,110,74,31
storage/src/main/java/org/apache/kafka/storage/internals/log/RemoteStorageFetchInfo.java,36,17,3,2,3
storage/src/main/java/org/apache/kafka/storage/internals/log/CompletedTxn.java,30,3,3,1,0
storage/src/main/java/org/apache/kafka/storage/internals/log/IndexOffsetOverflowException.java,30,7,3,1,1
storage/src/main/java/org/apache/kafka/storage/internals/log/LogStartOffsetIncrementReason.java,37,15,3,3,0
storage/src/main/java/org/apache/kafka/storage/internals/log/CorruptSnapshotException.java,27,7,3,1,1
storage/src/main/java/org/apache/kafka/storage/internals/log/PreCleanStats.java,54,27,6,9,0
storage/src/main/java/org/apache/kafka/storage/internals/log/SnapshotFile.java,80,51,4,10,7
storage/src/main/java/org/apache/kafka/storage/internals/log/LogValidator.java,604,441,78,28,28
storage/src/main/java/org/apache/kafka/storage/internals/log/LogFileUtils.java,214,58,11,26,2
storage/src/main/java/org/apache/kafka/storage/internals/log/LastRecord.java,38,15,5,3,2
storage/src/main/java/org/apache/kafka/storage/internals/log/IndexEntry.java,22,5,3,0,0
storage/src/main/java/org/apache/kafka/storage/internals/log/TimestampOffset.java,46,18,3,5,0
storage/src/main/java/org/apache/kafka/storage/internals/log/ProducerAppendInfo.java,251,179,33,21,17
storage/src/main/java/org/apache/kafka/storage/internals/log/TxnMetadata.java,51,30,3,7,2
storage/src/main/java/org/apache/kafka/storage/internals/log/VerificationGuard.java,62,34,5,10,1
storage/src/main/java/org/apache/kafka/storage/internals/log/RemoteLogReadResult.java,22,4,3,1,1
storage/src/main/java/org/apache/kafka/storage/internals/log/RemoteStorageThreadPool.java,64,40,5,5,10
storage/src/main/java/org/apache/kafka/storage/internals/log/SkimpyOffsetMap.java,222,105,20,21,7
storage/src/main/java/org/apache/kafka/storage/internals/log/FetchDataInfo.java,60,37,3,9,5
storage/src/main/java/org/apache/kafka/storage/internals/log/VerificationStateEntry.java,90,38,13,12,0
storage/src/main/java/org/apache/kafka/storage/internals/log/BatchMetadata.java,41,20,3,4,1
storage/src/main/java/org/apache/kafka/storage/internals/log/LogTruncation.java,38,16,3,3,3
storage/src/main/java/org/apache/kafka/storage/internals/log/TxnIndexSearchResult.java,27,9,3,2,2
storage/src/main/java/org/apache/kafka/storage/internals/log/AsyncOffsetReadFutureHolder.java,30,5,3,1,2
storage/src/main/java/org/apache/kafka/storage/internals/log/LogReadInfo.java,40,17,4,2,2
storage/src/main/java/org/apache/kafka/storage/internals/log/LogCleaningException.java,34,9,3,2,1
storage/src/main/java/org/apache/kafka/storage/internals/log/LogLoader.java,557,349,76,26,23
storage/src/main/java/org/apache/kafka/storage/internals/log/AbstractIndex.java,563,272,53,58,17
storage/src/main/java/org/apache/kafka/storage/internals/log/IndexSearchType.java,21,4,3,1,0
storage/src/main/java/org/apache/kafka/storage/internals/log/LogSegmentOffsetOverflowException.java,36,11,3,3,1
storage/src/main/java/org/apache/kafka/storage/internals/log/ProducerStateManager.java,710,444,73,70,32
storage/src/main/java/org/apache/kafka/storage/internals/log/RollParams.java,37,15,3,2,0
storage/src/main/java/org/apache/kafka/storage/internals/log/ProducerStateManagerConfig.java,43,21,3,7,0
storage/src/main/java/org/apache/kafka/storage/internals/log/LogDirFailureChannel.java,77,29,8,7,7
storage/src/main/java/org/apache/kafka/storage/internals/log/SegmentDeletionReason.java,24,6,3,0,2
storage/src/main/java/org/apache/kafka/storage/internals/log/LogCleanerManager.java,798,502,95,49,26
storage/src/main/java/org/apache/kafka/storage/internals/log/AbortedTxn.java,117,81,5,13,3
storage/src/main/java/org/apache/kafka/storage/internals/log/OffsetMap.java,33,15,3,0,2
storage/src/main/java/org/apache/kafka/storage/internals/log/LogCleaningAbortedException.java,23,3,3,0,0
storage/src/main/java/org/apache/kafka/storage/internals/log/CleanerConfig.java,156,110,21,43,12
storage/src/main/java/org/apache/kafka/storage/internals/log/TimeIndex.java,275,152,26,21,8
storage/src/main/java/org/apache/kafka/storage/internals/log/ThreadShutdownException.java,23,3,3,0,0
storage/src/main/java/org/apache/kafka/storage/internals/log/LogToClean.java,136,96,14,22,3
storage/src/main/java/org/apache/kafka/storage/internals/log/LoadedLogOffsets.java,38,19,3,3,1
storage/src/main/java/org/apache/kafka/storage/internals/log/LogOffsetMetadata.java,101,59,16,14,1
storage/src/main/java/org/apache/kafka/storage/internals/log/AsyncOffsetReader.java,54,17,6,0,5
storage/src/main/java/org/apache/kafka/storage/internals/log/UnifiedLog.java,2722,1682,326,188,70
storage/src/main/java/org/apache/kafka/storage/internals/log/CorruptIndexException.java,23,6,3,1,0
storage/src/main/java/org/apache/kafka/storage/internals/log/CleanedTransactionMetadata.java,164,88,19,10,13
storage/src/main/java/org/apache/kafka/storage/internals/log/OffsetPosition.java,43,18,3,4,0
storage/src/main/java/org/apache/kafka/storage/internals/log/LogOffsetSnapshot.java,36,13,4,2,0
storage/src/main/java/org/apache/kafka/storage/log/metrics/BrokerTopicStats.java,260,187,23,39,5
storage/src/main/java/org/apache/kafka/storage/log/metrics/BrokerTopicMetrics.java,428,327,23,94,10
share-coordinator/src/test/java/org/apache/kafka/coordinator/share/ShareCoordinatorServiceTest.java,2274,1943,3,39,66
share-coordinator/src/test/java/org/apache/kafka/coordinator/share/ShareCoordinatorRecordSerdeTest.java,233,181,5,15,18
share-coordinator/src/test/java/org/apache/kafka/coordinator/share/ShareCoordinatorShardTest.java,1766,1424,6,60,61
share-coordinator/src/test/java/org/apache/kafka/coordinator/share/ShareCoordinatorTestConfig.java,71,45,3,6,8
share-coordinator/src/test/java/org/apache/kafka/coordinator/share/ShareCoordinatorOffsetsManagerTest.java,275,217,6,14,13
share-coordinator/src/test/java/org/apache/kafka/coordinator/share/ShareCoordinatorRecordHelpersTest.java,141,112,4,3,11
share-coordinator/src/test/java/org/apache/kafka/coordinator/share/PersisterStateBatchCombinerTest.java,444,382,7,10,7
share-coordinator/src/test/java/org/apache/kafka/coordinator/share/metrics/ShareCoordinatorMetricsTest.java,122,87,4,5,15
share-coordinator/src/main/java/org/apache/kafka/coordinator/share/ShareCoordinatorRecordHelpers.java,85,63,4,3,7
share-coordinator/src/main/java/org/apache/kafka/coordinator/share/ShareCoordinatorRecordSerde.java,43,23,5,2,4
share-coordinator/src/main/java/org/apache/kafka/coordinator/share/ShareCoordinatorShard.java,1031,746,88,63,52
share-coordinator/src/main/java/org/apache/kafka/coordinator/share/PersisterStateBatchCombiner.java,402,235,40,27,7
share-coordinator/src/main/java/org/apache/kafka/coordinator/share/ShareGroupOffset.java,254,200,11,45,8
share-coordinator/src/main/java/org/apache/kafka/coordinator/share/ShareCoordinatorOffsetsManager.java,129,49,18,6,6
share-coordinator/src/main/java/org/apache/kafka/coordinator/share/ShareCoordinator.java,147,42,5,0,23
share-coordinator/src/main/java/org/apache/kafka/coordinator/share/ShareCoordinatorService.java,1141,915,104,57,61
share-coordinator/src/main/java/org/apache/kafka/coordinator/share/ShareCoordinatorConfig.java,180,133,12,63,11
share-coordinator/src/main/java/org/apache/kafka/coordinator/share/metrics/ShareCoordinatorMetricsShard.java,64,37,5,8,5
share-coordinator/src/main/java/org/apache/kafka/coordinator/share/metrics/ShareCoordinatorRuntimeMetrics.java,31,9,3,2,2
share-coordinator/src/main/java/org/apache/kafka/coordinator/share/metrics/ShareCoordinatorMetrics.java,187,126,12,20,17
generator/src/test/java/org/apache/kafka/message/StructSpecTest.java,69,46,3,2,6
generator/src/test/java/org/apache/kafka/message/VersionConditionalTest.java,243,209,12,12,5
generator/src/test/java/org/apache/kafka/message/VersionsTest.java,108,81,5,7,6
generator/src/test/java/org/apache/kafka/message/StructRegistryTest.java,171,142,5,5,9
generator/src/test/java/org/apache/kafka/message/EntityTypeTest.java,83,59,4,4,3
generator/src/test/java/org/apache/kafka/message/IsNullConditionalTest.java,120,96,6,5,2
generator/src/test/java/org/apache/kafka/message/MessageDataGeneratorTest.java,330,286,5,16,6
generator/src/test/java/org/apache/kafka/message/MessageGeneratorTest.java,146,113,3,7,13
generator/src/test/java/org/apache/kafka/message/CodeBufferTest.java,72,48,3,3,7
generator/src/test/java/org/apache/kafka/message/checker/EvolutionVerifierTest.java,202,170,4,10,8
generator/src/test/java/org/apache/kafka/message/checker/MetadataSchemaCheckerToolTest.java,79,54,5,3,8
generator/src/test/java/org/apache/kafka/message/checker/FieldDomainTest.java,59,35,3,4,4
generator/src/test/java/org/apache/kafka/message/checker/CheckerTestUtils.java,154,127,3,0,7
generator/src/test/java/org/apache/kafka/message/checker/CheckerUtilsTest.java,90,60,3,10,7
generator/src/test/java/org/apache/kafka/message/checker/UnifierTest.java,224,180,20,20,11
generator/src/main/java/org/apache/kafka/message/MessageSpec.java,187,136,27,22,6
generator/src/main/java/org/apache/kafka/message/MessageClassGenerator.java,36,6,3,0,1
generator/src/main/java/org/apache/kafka/message/JsonConverterGenerator.java,448,405,43,15,2
generator/src/main/java/org/apache/kafka/message/VersionConditional.java,220,159,39,12,0
generator/src/main/java/org/apache/kafka/message/HeaderGenerator.java,94,63,9,10,4
generator/src/main/java/org/apache/kafka/message/MessageSpecType.java,58,18,3,1,1
generator/src/main/java/org/apache/kafka/message/RequestListenerType.java,28,8,3,1,1
generator/src/main/java/org/apache/kafka/message/CoordinatorRecordJsonConvertersGenerator.java,209,173,17,11,4
generator/src/main/java/org/apache/kafka/message/ApiMessageTypeGenerator.java,447,399,41,22,13
generator/src/main/java/org/apache/kafka/message/EntityType.java,62,35,6,3,1
generator/src/main/java/org/apache/kafka/message/FieldType.java,514,375,29,71,1
generator/src/main/java/org/apache/kafka/message/ClauseGenerator.java,25,4,3,0,0
generator/src/main/java/org/apache/kafka/message/IsNullConditional.java,128,94,13,9,0
generator/src/main/java/org/apache/kafka/message/MessageGenerator.java,404,294,34,6,23
generator/src/main/java/org/apache/kafka/message/CoordinatorRecordTypeGenerator.java,258,220,18,18,5
generator/src/main/java/org/apache/kafka/message/StructSpec.java,113,78,11,11,7
generator/src/main/java/org/apache/kafka/message/MessageDataGenerator.java,1723,1611,236,54,8
generator/src/main/java/org/apache/kafka/message/SchemaGenerator.java,374,283,64,11,4
generator/src/main/java/org/apache/kafka/message/Versions.java,199,120,27,18,1
generator/src/main/java/org/apache/kafka/message/FieldSpec.java,666,546,152,38,10
generator/src/main/java/org/apache/kafka/message/CodeBuffer.java,77,49,7,11,3
generator/src/main/java/org/apache/kafka/message/MetadataRecordTypeGenerator.java,190,158,11,16,5
generator/src/main/java/org/apache/kafka/message/Target.java,93,67,4,10,2
generator/src/main/java/org/apache/kafka/message/MetadataJsonConvertersGenerator.java,123,95,10,9,4
generator/src/main/java/org/apache/kafka/message/TypeClassGenerator.java,43,8,3,0,2
generator/src/main/java/org/apache/kafka/message/StructRegistry.java,194,129,24,15,6
generator/src/main/java/org/apache/kafka/message/checker/EvolutionVerifier.java,119,94,18,4,3
generator/src/main/java/org/apache/kafka/message/checker/CheckerUtils.java,170,95,18,0,20
generator/src/main/java/org/apache/kafka/message/checker/MetadataSchemaCheckerTool.java,109,87,9,2,8
generator/src/main/java/org/apache/kafka/message/checker/UnificationException.java,30,10,3,3,0
generator/src/main/java/org/apache/kafka/message/checker/Unifier.java,205,149,33,4,11
generator/src/main/java/org/apache/kafka/message/checker/EvolutionException.java,31,9,3,2,0
generator/src/main/java/org/apache/kafka/message/checker/FieldSpecPair.java,48,25,3,3,1
generator/src/main/java/org/apache/kafka/message/checker/FieldDomain.java,105,77,18,0,2
generator/src/main/java/org/apache/kafka/message/checker/FieldSpecPairIterator.java,112,89,20,7,4
jmh-benchmarks/src/main/java/org/apache/kafka/jmh/metrics/HistogramBenchmark.java,122,70,6,8,20
jmh-benchmarks/src/main/java/org/apache/kafka/jmh/producer/ProducerResponseBenchmark.java,83,55,3,8,19
jmh-benchmarks/src/main/java/org/apache/kafka/jmh/producer/ProducerRequestBenchmark.java,86,60,3,8,21
jmh-benchmarks/src/main/java/org/apache/kafka/jmh/producer/ProducerRecordBenchmark.java,48,25,3,1,11
jmh-benchmarks/src/main/java/org/apache/kafka/jmh/coordinator/RegexResolutionBenchmark.java,132,102,5,10,29
jmh-benchmarks/src/main/java/org/apache/kafka/jmh/coordinator/GroupCoordinatorShardLoadingBenchmark.java,355,286,12,34,61
jmh-benchmarks/src/main/java/org/apache/kafka/jmh/coordinator/MockLog.java,74,48,3,6,15
jmh-benchmarks/src/main/java/org/apache/kafka/jmh/coordinator/TransactionalOffsetFetchBenchmark.java,142,52,5,9,36
jmh-benchmarks/src/main/java/org/apache/kafka/jmh/core/TestPurgatoryPerformance.java,459,360,19,57,26
jmh-benchmarks/src/main/java/org/apache/kafka/jmh/record/UncompressedRecordBatchValidationBenchmark.java,56,35,3,1,16
jmh-benchmarks/src/main/java/org/apache/kafka/jmh/record/BaseRecordBatchBenchmark.java,160,110,11,14,22
jmh-benchmarks/src/main/java/org/apache/kafka/jmh/record/CompressedRecordBatchValidationBenchmark.java,61,39,3,2,17
jmh-benchmarks/src/main/java/org/apache/kafka/jmh/record/RecordBatchIterationBenchmark.java,88,64,11,4,16
jmh-benchmarks/src/main/java/org/apache/kafka/jmh/cache/LRUCacheBenchmark.java,86,47,4,10,12
jmh-benchmarks/src/main/java/org/apache/kafka/jmh/util/Crc32CBenchmark.java,74,45,5,7,13
jmh-benchmarks/src/main/java/org/apache/kafka/jmh/util/ConcurrentMapBenchmark.java,211,161,25,17,22
jmh-benchmarks/src/main/java/org/apache/kafka/jmh/util/ByteUtilsBenchmark.java,583,452,79,36,20
jmh-benchmarks/src/main/java/org/apache/kafka/jmh/fetcher/ReplicaFetcherThreadBenchmark.java,344,290,6,28,76
jmh-benchmarks/src/main/java/org/apache/kafka/jmh/server/PartitionCreationBench.java,205,169,7,18,50
jmh-benchmarks/src/main/java/org/apache/kafka/jmh/server/CheckpointBench.java,178,137,7,16,45
jmh-benchmarks/src/main/java/org/apache/kafka/jmh/storage/ProducerStateManagerBench.java,99,73,4,4,26
jmh-benchmarks/src/main/java/org/apache/kafka/jmh/common/TopicBenchmark.java,54,31,3,2,12
jmh-benchmarks/src/main/java/org/apache/kafka/jmh/common/ListOffsetRequestBenchmark.java,81,54,5,4,22
jmh-benchmarks/src/main/java/org/apache/kafka/jmh/common/FetchRequestBenchmark.java,140,102,5,9,27
jmh-benchmarks/src/main/java/org/apache/kafka/jmh/common/ProduceRequestBenchmark.java,65,40,3,4,17
jmh-benchmarks/src/main/java/org/apache/kafka/jmh/common/FetchResponseBenchmark.java,129,95,5,6,33
jmh-benchmarks/src/main/java/org/apache/kafka/jmh/common/ImplicitLinkedHashCollectionBenchmark.java,121,83,5,17,16
jmh-benchmarks/src/main/java/org/apache/kafka/jmh/common/MetadataResponseBenchmark.java,86,59,4,6,24
jmh-benchmarks/src/main/java/org/apache/kafka/jmh/fetchsession/FetchSessionBenchmark.java,127,93,8,9,29
jmh-benchmarks/src/main/java/org/apache/kafka/jmh/log/TestLinearWriteSpeed.java,341,285,17,11,41
jmh-benchmarks/src/main/java/org/apache/kafka/jmh/log/StressTestLog.java,215,173,17,15,31
jmh-benchmarks/src/main/java/org/apache/kafka/jmh/consumer/SubscriptionStateBenchmark.java,96,69,3,4,23
jmh-benchmarks/src/main/java/org/apache/kafka/jmh/partition/UpdateFollowerFetchStateBenchmark.java,178,141,3,17,43
jmh-benchmarks/src/main/java/org/apache/kafka/jmh/partition/PartitionMakeFollowerBenchmark.java,164,134,5,12,49
jmh-benchmarks/src/main/java/org/apache/kafka/jmh/connect/ValuesBenchmark.java,297,252,24,40,25
jmh-benchmarks/src/main/java/org/apache/kafka/jmh/connect/ReplaceFieldBenchmark.java,82,51,3,6,19
jmh-benchmarks/src/main/java/org/apache/kafka/jmh/connect/JsonConverterBenchmark.java,443,389,3,14,20
jmh-benchmarks/src/main/java/org/apache/kafka/jmh/timeline/TimelineHashMapBenchmark.java,91,66,7,4,15
jmh-benchmarks/src/main/java/org/apache/kafka/jmh/assignor/TargetAssignmentBuilderBenchmark.java,194,54,6,22,34
jmh-benchmarks/src/main/java/org/apache/kafka/jmh/assignor/StreamsStickyAssignorBenchmark.java,180,127,6,15,32
jmh-benchmarks/src/main/java/org/apache/kafka/jmh/assignor/StreamsAssignorBenchmarkUtils.java,135,77,9,3,13
jmh-benchmarks/src/main/java/org/apache/kafka/jmh/assignor/ShareGroupAssignorBenchmark.java,220,72,9,22,38
jmh-benchmarks/src/main/java/org/apache/kafka/jmh/assignor/AssignorBenchmarkUtils.java,341,199,25,9,26
jmh-benchmarks/src/main/java/org/apache/kafka/jmh/assignor/ServerSideAssignorBenchmark.java,238,77,9,26,39
jmh-benchmarks/src/main/java/org/apache/kafka/jmh/assignor/ClientSideAssignorBenchmark.java,291,199,22,28,31
jmh-benchmarks/src/main/java/org/apache/kafka/jmh/metadata/TopicsImageSingleRecordChangeBenchmark.java,91,63,3,7,20
jmh-benchmarks/src/main/java/org/apache/kafka/jmh/metadata/KRaftMetadataRequestBenchmark.java,241,208,3,33,68
jmh-benchmarks/src/main/java/org/apache/kafka/jmh/metadata/TopicsImageSnapshotLoadBenchmark.java,113,83,3,7,22
jmh-benchmarks/src/main/java/org/apache/kafka/jmh/metadata/TopicsImageZonalOutageBenchmark.java,98,68,5,7,21
jmh-benchmarks/src/main/java/org/apache/kafka/jmh/acl/StandardAuthorizerUpdateBenchmark.java,131,100,4,14,31
jmh-benchmarks/src/main/java/org/apache/kafka/jmh/acl/AuthorizerBenchmark.java,219,165,14,22,43
examples/src/main/java/kafka/examples/KafkaProperties.java,23,5,3,2,0
examples/src/main/java/kafka/examples/Utils.java,106,75,12,8,15
examples/src/main/java/kafka/examples/Consumer.java,170,115,16,16,21
examples/src/main/java/kafka/examples/Producer.java,185,128,22,19,19
examples/src/main/java/kafka/examples/KafkaConsumerProducerDemo.java,73,35,8,3,3
examples/src/main/java/kafka/examples/ExactlyOnceMessageProcessor.java,271,198,24,20,27
examples/src/main/java/kafka/examples/KafkaExactlyOnceDemo.java,126,76,14,4,6
examples/src/main/java/kafka/examples/TransactionalClientDemo.java,216,154,20,14,28
.github/scripts/pr-format.py,218,145,42,6,11
.github/scripts/format-test-catalog.py,67,41,13,1,6
.github/scripts/checkstyle.py,98,67,23,2,7
.github/scripts/junit.py,461,343,87,10,15
.github/scripts/rat.py,93,57,16,2,5
.github/scripts/develocity_reports.py,1300,636,236,32,14
coordinator-common/src/test/java/org/apache/kafka/coordinator/common/runtime/MockPartitionWriter.java,89,55,7,11,8
coordinator-common/src/test/java/org/apache/kafka/coordinator/common/runtime/MockCoordinatorExecutor.java,106,78,6,13,7
coordinator-common/src/test/java/org/apache/kafka/coordinator/common/runtime/ThrowingSerializer.java,50,25,4,6,1
coordinator-common/src/test/java/org/apache/kafka/coordinator/common/runtime/DirectEventProcessor.java,46,22,5,3,1
coordinator-common/src/test/java/org/apache/kafka/coordinator/common/runtime/KafkaMetricHistogramTest.java,55,32,3,1,8
coordinator-common/src/test/java/org/apache/kafka/coordinator/common/runtime/MetadataImageBuilder.java,86,50,7,9,8
coordinator-common/src/test/java/org/apache/kafka/coordinator/common/runtime/EventAccumulatorTest.java,269,184,8,9,16
coordinator-common/src/test/java/org/apache/kafka/coordinator/common/runtime/CoordinatorExecutorImplTest.java,317,256,3,9,20
coordinator-common/src/test/java/org/apache/kafka/coordinator/common/runtime/MockCoordinatorShardBuilderSupplier.java,27,7,3,1,0
coordinator-common/src/test/java/org/apache/kafka/coordinator/common/runtime/CoordinatorRuntimeTest.java,4611,3291,23,83,70
coordinator-common/src/test/java/org/apache/kafka/coordinator/common/runtime/CoordinatorLoaderImplTest.java,750,620,5,4,43
coordinator-common/src/test/java/org/apache/kafka/coordinator/common/runtime/MockCoordinatorShard.java,140,107,7,8,9
coordinator-common/src/test/java/org/apache/kafka/coordinator/common/runtime/MockCoordinatorLoader.java,58,32,3,7,3
coordinator-common/src/test/java/org/apache/kafka/coordinator/common/runtime/SnapshottableCoordinatorTest.java,145,111,3,6,9
coordinator-common/src/test/java/org/apache/kafka/coordinator/common/runtime/StringSerializer.java,34,12,4,2,1
coordinator-common/src/test/java/org/apache/kafka/coordinator/common/runtime/KRaftCoordinatorMetadataDeltaTest.java,132,90,3,3,14
coordinator-common/src/test/java/org/apache/kafka/coordinator/common/runtime/TestUtil.java,202,165,5,7,23
coordinator-common/src/test/java/org/apache/kafka/coordinator/common/runtime/HdrHistogramTest.java,225,183,22,13,18
coordinator-common/src/test/java/org/apache/kafka/coordinator/common/runtime/MockCoordinatorTimer.java,155,90,9,14,8
coordinator-common/src/test/java/org/apache/kafka/coordinator/common/runtime/MockCoordinatorShardBuilder.java,92,62,3,11,5
coordinator-common/src/test/java/org/apache/kafka/coordinator/common/runtime/ManualEventProcessor.java,59,30,5,6,3
coordinator-common/src/test/java/org/apache/kafka/coordinator/common/runtime/MultiThreadedEventProcessorTest.java,520,365,7,26,28
coordinator-common/src/test/java/org/apache/kafka/coordinator/common/runtime/InMemoryPartitionWriter.java,177,140,4,18,14
coordinator-common/src/test/java/org/apache/kafka/coordinator/common/runtime/KRaftCoordinatorMetadataImageTest.java,143,105,6,2,10
coordinator-common/src/test/java/org/apache/kafka/coordinator/common/runtime/CoordinatorRecordTest.java,60,37,3,4,7
coordinator-common/src/test/java/org/apache/kafka/coordinator/common/runtime/CoordinatorResultTest.java,45,23,3,3,4
coordinator-common/src/test/java/org/apache/kafka/coordinator/common/runtime/CoordinatorRuntimeMetricsImplTest.java,351,279,14,17,22
coordinator-common/src/main/java/org/apache/kafka/coordinator/common/runtime/CoordinatorRecord.java,114,58,11,10,3
coordinator-common/src/main/java/org/apache/kafka/coordinator/common/runtime/CoordinatorOperationExceptionHelper.java,72,31,9,1,4
coordinator-common/src/main/java/org/apache/kafka/coordinator/common/runtime/CoordinatorResult.java,217,100,9,19,3
coordinator-common/src/main/java/org/apache/kafka/coordinator/common/runtime/KafkaMetricHistogram.java,130,60,9,10,10
coordinator-common/src/main/java/org/apache/kafka/coordinator/common/runtime/CoordinatorEventProcessor.java,41,6,3,0,1
coordinator-common/src/main/java/org/apache/kafka/coordinator/common/runtime/KRaftCoordinatorMetadataDelta.java,81,50,7,8,4
coordinator-common/src/main/java/org/apache/kafka/coordinator/common/runtime/CoordinatorShardBuilderSupplier.java,30,4,3,0,0
coordinator-common/src/main/java/org/apache/kafka/coordinator/common/runtime/PartitionWriter.java,121,42,6,0,6
coordinator-common/src/main/java/org/apache/kafka/coordinator/common/runtime/Deserializer.java,71,30,6,8,1
coordinator-common/src/main/java/org/apache/kafka/coordinator/common/runtime/CoordinatorMetadataImage.java,99,53,3,8,4
coordinator-common/src/main/java/org/apache/kafka/coordinator/common/runtime/HdrHistogram.java,138,54,8,13,3
coordinator-common/src/main/java/org/apache/kafka/coordinator/common/runtime/CoordinatorLoaderImpl.java,351,250,37,23,23
coordinator-common/src/main/java/org/apache/kafka/coordinator/common/runtime/CoordinatorExecutorImpl.java,136,92,14,13,11
coordinator-common/src/main/java/org/apache/kafka/coordinator/common/runtime/CoordinatorRuntimeMetricsImpl.java,311,187,14,31,13
coordinator-common/src/main/java/org/apache/kafka/coordinator/common/runtime/EventAccumulator.java,283,149,22,19,14
coordinator-common/src/main/java/org/apache/kafka/coordinator/common/runtime/CoordinatorRecordSerde.java,126,65,9,7,6
coordinator-common/src/main/java/org/apache/kafka/coordinator/common/runtime/CoordinatorMetrics.java,81,16,4,6,5
coordinator-common/src/main/java/org/apache/kafka/coordinator/common/runtime/CoordinatorLoader.java,48,10,3,0,2
coordinator-common/src/main/java/org/apache/kafka/coordinator/common/runtime/KRaftCoordinatorMetadataImage.java,149,105,11,19,12
coordinator-common/src/main/java/org/apache/kafka/coordinator/common/runtime/CoordinatorMetricsShard.java,55,8,3,0,1
coordinator-common/src/main/java/org/apache/kafka/coordinator/common/runtime/CoordinatorMetadataDelta.java,67,31,3,5,3
coordinator-common/src/main/java/org/apache/kafka/coordinator/common/runtime/CoordinatorShard.java,78,18,4,0,1
coordinator-common/src/main/java/org/apache/kafka/coordinator/common/runtime/CoordinatorRuntime.java,2571,1476,194,131,50
coordinator-common/src/main/java/org/apache/kafka/coordinator/common/runtime/CoordinatorPlayback.java,73,17,5,0,1
coordinator-common/src/main/java/org/apache/kafka/coordinator/common/runtime/MultiThreadedEventProcessor.java,248,140,15,17,10
coordinator-common/src/main/java/org/apache/kafka/coordinator/common/runtime/CoordinatorShardBuilder.java,115,29,3,0,4
coordinator-common/src/main/java/org/apache/kafka/coordinator/common/runtime/CoordinatorExecutor.java,84,20,6,0,1
coordinator-common/src/main/java/org/apache/kafka/coordinator/common/runtime/CoordinatorTimer.java,87,12,4,0,2
coordinator-common/src/main/java/org/apache/kafka/coordinator/common/runtime/CoordinatorEvent.java,43,7,4,0,1
coordinator-common/src/main/java/org/apache/kafka/coordinator/common/runtime/Serializer.java,34,5,3,0,0
coordinator-common/src/main/java/org/apache/kafka/coordinator/common/runtime/SnapshottableCoordinator.java,235,104,10,11,6
coordinator-common/src/main/java/org/apache/kafka/coordinator/common/runtime/CoordinatorRuntimeMetrics.java,82,13,3,0,2
raft/src/test/java/org/apache/kafka/snapshot/FileRawSnapshotTest.java,358,265,17,14,25
raft/src/test/java/org/apache/kafka/snapshot/SnapshotWriterReaderTest.java,297,223,14,12,27
raft/src/test/java/org/apache/kafka/snapshot/NotifyingRawSnapshotWriterTest.java,126,86,3,8,10
raft/src/test/java/org/apache/kafka/snapshot/MockRawSnapshotReader.java,63,38,3,8,6
raft/src/test/java/org/apache/kafka/snapshot/RecordsSnapshotWriterTest.java,234,171,6,1,23
raft/src/test/java/org/apache/kafka/snapshot/MockRawSnapshotWriter.java,105,72,5,16,6
raft/src/test/java/org/apache/kafka/snapshot/SnapshotsTest.java,127,84,5,5,14
raft/src/test/java/org/apache/kafka/raft/KafkaRaftClientTest.java,4613,3555,50,123,54
raft/src/test/java/org/apache/kafka/raft/ValidOffsetAndEpochTest.java,55,27,3,0,3
raft/src/test/java/org/apache/kafka/raft/LeaderAndEpochTest.java,51,25,3,0,5
raft/src/test/java/org/apache/kafka/raft/ElectionStateTest.java,110,84,5,0,11
raft/src/test/java/org/apache/kafka/raft/DynamicVotersTest.java,118,90,3,8,7
raft/src/test/java/org/apache/kafka/raft/MockMessageQueue.java,67,40,4,9,5
raft/src/test/java/org/apache/kafka/raft/VoterSetTest.java,428,341,3,9,23
raft/src/test/java/org/apache/kafka/raft/KafkaRaftClientReconfigTest.java,2979,2294,32,23,57
raft/src/test/java/org/apache/kafka/raft/ReplicatedCounter.java,203,161,16,16,10
raft/src/test/java/org/apache/kafka/raft/MockExpirationService.java,78,52,6,10,5
raft/src/test/java/org/apache/kafka/raft/MockLogTest.java,1077,836,20,56,39
raft/src/test/java/org/apache/kafka/raft/EpochElectionTest.java,139,101,3,7,8
raft/src/test/java/org/apache/kafka/raft/ResignedStateTest.java,132,94,3,5,15
raft/src/test/java/org/apache/kafka/raft/RequestManagerTest.java,321,232,3,15,12
raft/src/test/java/org/apache/kafka/raft/MockQuorumStateStore.java,50,27,3,5,5
raft/src/test/java/org/apache/kafka/raft/ControlRecordTest.java,57,30,4,0,11
raft/src/test/java/org/apache/kafka/raft/RaftClientTestContext.java,2408,2057,92,86,91
raft/src/test/java/org/apache/kafka/raft/MockExpirationServiceTest.java,56,29,3,3,6
raft/src/test/java/org/apache/kafka/raft/FollowerStateTest.java,152,113,3,15,16
raft/src/test/java/org/apache/kafka/raft/KafkaRaftClientPreVoteTest.java,1158,902,29,24,19
raft/src/test/java/org/apache/kafka/raft/FileQuorumStateStoreTest.java,231,170,8,3,24
raft/src/test/java/org/apache/kafka/raft/RaftEventSimulationTest.java,1469,1142,71,58,53
raft/src/test/java/org/apache/kafka/raft/QuorumConfigTest.java,57,32,3,2,5
raft/src/test/java/org/apache/kafka/raft/ProspectiveStateTest.java,478,397,7,32,19
raft/src/test/java/org/apache/kafka/raft/KafkaRaftClientFetchTest.java,479,389,8,1,22
raft/src/test/java/org/apache/kafka/raft/LeaderStateTest.java,876,701,6,38,27
raft/src/test/java/org/apache/kafka/raft/KafkaRaftClientSnapshotTest.java,2301,1850,17,56,37
raft/src/test/java/org/apache/kafka/raft/CandidateStateTest.java,288,242,3,23,15
raft/src/test/java/org/apache/kafka/raft/RaftUtilTest.java,694,615,10,39,54
raft/src/test/java/org/apache/kafka/raft/QuorumStateTest.java,2679,2319,7,117,29
raft/src/test/java/org/apache/kafka/raft/KafkaRaftClientAutoJoinTest.java,323,240,3,10,10
raft/src/test/java/org/apache/kafka/raft/KafkaRaftClientDriverTest.java,97,64,3,2,11
raft/src/test/java/org/apache/kafka/raft/DynamicVoterTest.java,183,145,3,18,8
raft/src/test/java/org/apache/kafka/raft/EndpointsTest.java,362,266,3,2,19
raft/src/test/java/org/apache/kafka/raft/MockLog.java,686,544,59,54,35
raft/src/test/java/org/apache/kafka/raft/KafkaRaftClientClusterAuthTest.java,148,105,3,0,14
raft/src/test/java/org/apache/kafka/raft/MockableRandom.java,51,25,5,5,3
raft/src/test/java/org/apache/kafka/raft/KafkaNetworkChannelTest.java,421,351,43,27,48
raft/src/test/java/org/apache/kafka/raft/UnattachedStateTest.java,217,161,9,12,13
raft/src/test/java/org/apache/kafka/raft/MockNetworkChannel.java,89,60,7,13,9
raft/src/test/java/org/apache/kafka/raft/internals/TimeRatioTest.java,68,37,3,2,4
raft/src/test/java/org/apache/kafka/raft/internals/BatchMemoryPoolTest.java,140,92,3,6,10
raft/src/test/java/org/apache/kafka/raft/internals/RecordsIteratorTest.java,505,403,26,16,61
raft/src/test/java/org/apache/kafka/raft/internals/VoterSetHistoryTest.java,253,174,3,1,10
raft/src/test/java/org/apache/kafka/raft/internals/KafkaRaftMetricsTest.java,531,399,16,22,26
raft/src/test/java/org/apache/kafka/raft/internals/BatchAccumulatorTest.java,764,617,5,22,25
raft/src/test/java/org/apache/kafka/raft/internals/ThresholdPurgatoryTest.java,163,121,3,8,10
raft/src/test/java/org/apache/kafka/raft/internals/TreeMapLogHistoryTest.java,110,76,3,0,4
raft/src/test/java/org/apache/kafka/raft/internals/RecordsBatchReaderTest.java,151,114,4,6,26
raft/src/test/java/org/apache/kafka/raft/internals/MemoryBatchReaderTest.java,71,41,3,1,9
raft/src/test/java/org/apache/kafka/raft/internals/BlockingMessageQueueTest.java,60,34,3,2,7
raft/src/test/java/org/apache/kafka/raft/internals/KRaftControlRecordStateMachineTest.java,464,350,6,4,21
raft/src/test/java/org/apache/kafka/raft/internals/BatchBuilderTest.java,124,90,4,3,16
raft/src/main/java/org/apache/kafka/snapshot/SnapshotReader.java,64,11,6,0,3
raft/src/main/java/org/apache/kafka/snapshot/RecordsSnapshotReader.java,158,114,10,14,11
raft/src/main/java/org/apache/kafka/snapshot/NotifyingRawSnapshotWriter.java,87,46,4,11,4
raft/src/main/java/org/apache/kafka/snapshot/SnapshotWriter.java,86,13,8,0,3
raft/src/main/java/org/apache/kafka/snapshot/SnapshotPath.java,24,4,3,1,2
raft/src/main/java/org/apache/kafka/snapshot/RecordsSnapshotWriter.java,262,207,10,30,18
raft/src/main/java/org/apache/kafka/snapshot/FileRawSnapshotWriter.java,194,151,16,14,10
raft/src/main/java/org/apache/kafka/snapshot/Snapshots.java,184,134,16,17,15
raft/src/main/java/org/apache/kafka/snapshot/FileRawSnapshotReader.java,94,61,8,9,7
raft/src/main/java/org/apache/kafka/snapshot/RawSnapshotReader.java,52,10,7,0,3
raft/src/main/java/org/apache/kafka/snapshot/RawSnapshotWriter.java,77,13,7,0,3
raft/src/main/java/org/apache/kafka/raft/Endpoints.java,302,250,14,26,19
raft/src/main/java/org/apache/kafka/raft/QuorumState.java,934,706,72,71,13
raft/src/main/java/org/apache/kafka/raft/KafkaRaftClientDriver.java,127,79,9,10,8
raft/src/main/java/org/apache/kafka/raft/RaftManager.java,54,17,3,0,5
raft/src/main/java/org/apache/kafka/raft/LeaderState.java,1130,874,87,86,35
raft/src/main/java/org/apache/kafka/raft/RaftUtil.java,766,661,65,26,34
raft/src/main/java/org/apache/kafka/raft/NetworkChannel.java,47,8,4,0,1
raft/src/main/java/org/apache/kafka/raft/EpochState.java,69,15,8,0,2
raft/src/main/java/org/apache/kafka/raft/UnattachedState.java,152,105,7,21,8
raft/src/main/java/org/apache/kafka/raft/QuorumConfig.java,325,247,26,61,20
raft/src/main/java/org/apache/kafka/raft/LogAppendInfo.java,22,2,4,1,0
raft/src/main/java/org/apache/kafka/raft/RaftMessage.java,25,6,3,0,1
raft/src/main/java/org/apache/kafka/raft/RequestManager.java,384,241,45,31,9
raft/src/main/java/org/apache/kafka/raft/ExpirationService.java,32,5,4,0,1
raft/src/main/java/org/apache/kafka/raft/RaftMessageQueue.java,58,7,9,0,0
raft/src/main/java/org/apache/kafka/raft/Isolation.java,22,5,3,1,0
raft/src/main/java/org/apache/kafka/raft/RaftClient.java,268,42,39,0,14
raft/src/main/java/org/apache/kafka/raft/QuorumStateStore.java,55,10,5,0,3
raft/src/main/java/org/apache/kafka/raft/ResignedState.java,179,106,6,22,8
raft/src/main/java/org/apache/kafka/raft/ReplicaKey.java,82,52,7,11,3
raft/src/main/java/org/apache/kafka/raft/Batch.java,224,144,14,21,3
raft/src/main/java/org/apache/kafka/raft/LeaderAndEpoch.java,32,12,4,4,2
raft/src/main/java/org/apache/kafka/raft/DynamicVoter.java,133,93,17,4,5
raft/src/main/java/org/apache/kafka/raft/MetadataLogConfig.java,155,113,8,49,10
raft/src/main/java/org/apache/kafka/raft/ExternalKRaftMetrics.java,26,4,3,0,0
raft/src/main/java/org/apache/kafka/raft/KafkaNetworkChannel.java,209,164,21,18,37
raft/src/main/java/org/apache/kafka/raft/VoterSet.java,518,281,57,41,19
raft/src/main/java/org/apache/kafka/raft/ProspectiveState.java,174,128,7,26,8
raft/src/main/java/org/apache/kafka/raft/KafkaRaftClient.java,4053,3177,403,208,105
raft/src/main/java/org/apache/kafka/raft/NomineeState.java,53,9,6,0,1
raft/src/main/java/org/apache/kafka/raft/ReplicatedLog.java,321,77,38,0,7
raft/src/main/java/org/apache/kafka/raft/SegmentPosition.java,25,7,3,2,0
raft/src/main/java/org/apache/kafka/raft/ElectionState.java,217,152,23,24,7
raft/src/main/java/org/apache/kafka/raft/LogFetchInfo.java,33,10,3,3,1
raft/src/main/java/org/apache/kafka/raft/TimingWheelExpirationService.java,80,49,4,9,5
raft/src/main/java/org/apache/kafka/raft/CandidateState.java,182,136,8,22,7
raft/src/main/java/org/apache/kafka/raft/FileQuorumStateStore.java,220,143,15,13,22
raft/src/main/java/org/apache/kafka/raft/BatchReader.java,60,9,4,0,2
raft/src/main/java/org/apache/kafka/raft/RaftRequest.java,115,81,3,19,4
raft/src/main/java/org/apache/kafka/raft/RaftResponse.java,78,51,3,11,2
raft/src/main/java/org/apache/kafka/raft/ValidOffsetAndEpoch.java,82,52,6,13,2
raft/src/main/java/org/apache/kafka/raft/OffsetMetadata.java,21,3,3,0,0
raft/src/main/java/org/apache/kafka/raft/DynamicVoters.java,116,66,11,8,8
raft/src/main/java/org/apache/kafka/raft/LogOffsetMetadata.java,66,38,6,9,2
raft/src/main/java/org/apache/kafka/raft/ControlRecord.java,99,70,17,10,10
raft/src/main/java/org/apache/kafka/raft/FollowerState.java,287,215,19,37,10
raft/src/main/java/org/apache/kafka/raft/internals/RequestSendResult.java,30,6,4,2,0
raft/src/main/java/org/apache/kafka/raft/internals/CloseListener.java,22,5,3,0,0
raft/src/main/java/org/apache/kafka/raft/internals/VoterSetHistory.java,147,54,12,11,5
raft/src/main/java/org/apache/kafka/raft/internals/StringSerde.java,47,24,3,4,5
raft/src/main/java/org/apache/kafka/raft/internals/BatchAccumulator.java,646,451,47,53,26
raft/src/main/java/org/apache/kafka/raft/internals/IdentitySerde.java,43,21,3,4,5
raft/src/main/java/org/apache/kafka/raft/internals/RecordsBatchReader.java,129,93,9,15,9
raft/src/main/java/org/apache/kafka/raft/internals/KRaftVersionUpgrade.java,65,30,6,6,3
raft/src/main/java/org/apache/kafka/raft/internals/RemoveVoterHandler.java,188,133,20,8,15
raft/src/main/java/org/apache/kafka/raft/internals/RequestSender.java,53,14,9,0,5
raft/src/main/java/org/apache/kafka/raft/internals/KafkaRaftMetrics.java,288,223,19,42,16
raft/src/main/java/org/apache/kafka/raft/internals/RecordsIterator.java,372,280,40,24,25
raft/src/main/java/org/apache/kafka/raft/internals/AddVoterHandlerState.java,93,62,6,14,6
raft/src/main/java/org/apache/kafka/raft/internals/EpochElection.java,189,98,13,22,6
raft/src/main/java/org/apache/kafka/raft/internals/DefaultRequestSender.java,110,79,8,7,15
raft/src/main/java/org/apache/kafka/raft/internals/MemoryBatchReader.java,99,71,4,12,6
raft/src/main/java/org/apache/kafka/raft/internals/BatchMemoryPool.java,148,80,15,12,5
raft/src/main/java/org/apache/kafka/raft/internals/KRaftControlRecordStateMachine.java,336,220,19,28,19
raft/src/main/java/org/apache/kafka/raft/internals/FuturePurgatory.java,91,9,10,0,1
raft/src/main/java/org/apache/kafka/raft/internals/BlockingMessageQueue.java,76,50,5,9,8
raft/src/main/java/org/apache/kafka/raft/internals/RemoveVoterHandlerState.java,46,23,3,6,3
raft/src/main/java/org/apache/kafka/raft/internals/BatchBuilder.java,352,221,23,30,19
raft/src/main/java/org/apache/kafka/raft/internals/TimeRatio.java,82,43,9,7,2
raft/src/main/java/org/apache/kafka/raft/internals/AddVoterHandler.java,359,273,37,10,20
raft/src/main/java/org/apache/kafka/raft/internals/TreeMapLogHistory.java,77,46,8,7,4
raft/src/main/java/org/apache/kafka/raft/internals/ThresholdPurgatory.java,87,59,7,11,6
raft/src/main/java/org/apache/kafka/raft/internals/LogHistory.java,79,11,7,0,1
raft/src/main/java/org/apache/kafka/raft/internals/UpdateVoterHandler.java,305,242,19,9,18
raft/src/main/java/org/apache/kafka/raft/errors/BufferAllocationException.java,29,7,4,2,0
raft/src/main/java/org/apache/kafka/raft/errors/RaftException.java,39,14,3,4,1
raft/src/main/java/org/apache/kafka/raft/errors/NotLeaderException.java,38,13,3,4,0
transaction-coordinator/src/test/java/org/apache/kafka/coordinator/transaction/TransactionLogTest.java,283,222,5,4,36
transaction-coordinator/src/test/java/org/apache/kafka/coordinator/transaction/TransactionStateManagerConfigTest.java,77,48,3,0,11
transaction-coordinator/src/test/java/org/apache/kafka/coordinator/transaction/TransactionLogConfigTest.java,94,64,3,0,13
transaction-coordinator/src/test/java/org/apache/kafka/coordinator/transaction/TransactionCoordinatorRecordSerdeTest.java,217,159,4,12,14
transaction-coordinator/src/test/java/org/apache/kafka/coordinator/transaction/ProducerIdManagerTest.java,215,170,10,17,29
transaction-coordinator/src/main/java/org/apache/kafka/coordinator/transaction/TransactionMetadata.java,667,461,89,64,15
transaction-coordinator/src/main/java/org/apache/kafka/coordinator/transaction/TransactionCoordinatorRecordSerde.java,43,23,5,2,4
transaction-coordinator/src/main/java/org/apache/kafka/coordinator/transaction/TransactionLogConfig.java,130,89,12,42,8
transaction-coordinator/src/main/java/org/apache/kafka/coordinator/transaction/TransactionStateManagerConfig.java,97,64,5,29,8
transaction-coordinator/src/main/java/org/apache/kafka/coordinator/transaction/ProducerIdManager.java,42,13,3,0,3
transaction-coordinator/src/main/java/org/apache/kafka/coordinator/transaction/AddPartitionsToTxnConfig.java,56,32,6,12,5
transaction-coordinator/src/main/java/org/apache/kafka/coordinator/transaction/TransactionState.java,164,63,7,14,7
transaction-coordinator/src/main/java/org/apache/kafka/coordinator/transaction/RPCProducerIdManager.java,182,135,23,20,16
transaction-coordinator/src/main/java/org/apache/kafka/coordinator/transaction/TxnTransitMetadata.java,41,17,3,1,3
connect/test-plugins/src/main/java/org/apache/kafka/connect/tools/MockSinkTask.java,85,48,9,9,7
connect/test-plugins/src/main/java/org/apache/kafka/connect/tools/VerifiableSinkTask.java,118,83,10,11,12
connect/test-plugins/src/main/java/org/apache/kafka/connect/tools/VerifiableSourceConnector.java,70,41,5,7,8
connect/test-plugins/src/main/java/org/apache/kafka/connect/tools/MockSinkConnector.java,84,51,3,11,7
connect/test-plugins/src/main/java/org/apache/kafka/connect/tools/MockSourceTask.java,76,44,8,8,7
connect/test-plugins/src/main/java/org/apache/kafka/connect/tools/MockSourceConnector.java,84,51,3,11,7
connect/test-plugins/src/main/java/org/apache/kafka/connect/tools/SchemaSourceTask.java,171,133,9,26,11
connect/test-plugins/src/main/java/org/apache/kafka/connect/tools/VerifiableSinkConnector.java,70,41,5,7,8
connect/test-plugins/src/main/java/org/apache/kafka/connect/tools/MockConnector.java,115,67,10,14,11
connect/test-plugins/src/main/java/org/apache/kafka/connect/tools/VerifiableSourceTask.java,172,125,11,24,16
connect/test-plugins/src/main/java/org/apache/kafka/connect/tools/SchemaSourceConnector.java,71,41,4,7,8
connect/test-plugins/src/main/java/org/apache/kafka/connect/tools/package-info.java,20,1,4,0,0
connect/file/src/test/java/org/apache/kafka/connect/file/FileStreamSourceTaskTest.java,233,177,7,17,21
connect/file/src/test/java/org/apache/kafka/connect/file/FileStreamSinkConnectorTest.java,100,67,5,10,11
connect/file/src/test/java/org/apache/kafka/connect/file/FileStreamSinkTaskTest.java,116,83,4,7,18
connect/file/src/test/java/org/apache/kafka/connect/file/FileStreamSourceConnectorTest.java,245,188,5,23,21
connect/file/src/test/java/org/apache/kafka/connect/file/integration/FileStreamSourceConnectorIntegrationTest.java,214,140,13,15,22
connect/file/src/test/java/org/apache/kafka/connect/file/integration/FileStreamSinkConnectorIntegrationTest.java,193,129,6,15,22
connect/file/src/main/java/org/apache/kafka/connect/file/FileStreamSourceTask.java,252,36,39,21,19
connect/file/src/main/java/org/apache/kafka/connect/file/FileStreamSinkConnector.java,91,56,5,10,13
connect/file/src/main/java/org/apache/kafka/connect/file/FileStreamSinkTask.java,102,69,10,11,16
connect/file/src/main/java/org/apache/kafka/connect/file/FileStreamSourceConnector.java,155,100,20,14,16
connect/runtime/src/test/resources/test-plugins/versioned-transformation/test/plugins/VersionedTransformation.java,63,29,4,5,6
connect/runtime/src/test/resources/test-plugins/sampling-converter/test/plugins/SamplingConverter.java,94,58,5,12,9
connect/runtime/src/test/resources/test-plugins/sampling-configurable/test/plugins/SamplingConfigurable.java,97,60,5,13,10
connect/runtime/src/test/resources/test-plugins/versioned-header-converter/test/plugins/VersionedHeaderConverter.java,69,36,4,7,6
connect/runtime/src/test/resources/test-plugins/subclass-of-classpath/test/plugins/SubclassOfClasspathOverridePolicy.java,29,5,4,0,2
connect/runtime/src/test/resources/test-plugins/subclass-of-classpath/test/plugins/SubclassOfClasspathConverter.java,28,4,4,0,1
connect/runtime/src/test/resources/test-plugins/versioned-source-connector/test/plugins/VersionedSourceConnector.java,96,58,5,11,9
connect/runtime/src/test/resources/test-plugins/non-migrated/test/plugins/NonMigratedSourceConnector.java,61,30,4,6,5
connect/runtime/src/test/resources/test-plugins/non-migrated/test/plugins/NonMigratedHeaderConverter.java,57,27,4,5,6
connect/runtime/src/test/resources/test-plugins/non-migrated/test/plugins/NonMigratedPredicate.java,51,21,4,4,4
connect/runtime/src/test/resources/test-plugins/non-migrated/test/plugins/NonMigratedSinkConnector.java,61,30,4,6,5
connect/runtime/src/test/resources/test-plugins/non-migrated/test/plugins/NonMigratedConverter.java,46,18,4,3,4
connect/runtime/src/test/resources/test-plugins/non-migrated/test/plugins/NonMigratedTransformation.java,50,21,4,4,4
connect/runtime/src/test/resources/test-plugins/non-migrated/test/plugins/NonMigratedMultiPlugin.java,96,57,4,11,13
connect/runtime/src/test/resources/test-plugins/always-throw-exception/test/plugins/AlwaysThrowException.java,54,24,4,4,4
connect/runtime/src/test/resources/test-plugins/sampling-header-converter/test/plugins/SamplingHeaderConverter.java,107,69,5,14,11
connect/runtime/src/test/resources/test-plugins/classpath-converter/org/apache/kafka/connect/converters/ByteArrayConverter.java,96,64,7,11,14
connect/runtime/src/test/resources/test-plugins/multiple-plugins-in-jar/test/plugins/ThingOne.java,46,19,4,3,5
connect/runtime/src/test/resources/test-plugins/multiple-plugins-in-jar/test/plugins/ThingTwo.java,47,20,4,3,6
connect/runtime/src/test/resources/test-plugins/aliased-static-field/test/plugins/AliasedStaticField.java,77,42,5,9,6
connect/runtime/src/test/resources/test-plugins/read-version-from-resource-v1/test/plugins/ReadVersionFromResource.java,91,59,9,5,14
connect/runtime/src/test/resources/test-plugins/service-loader/test/plugins/ServiceLoadedClass.java,48,20,4,4,1
connect/runtime/src/test/resources/test-plugins/service-loader/test/plugins/ServiceLoaderPlugin.java,87,54,7,9,8
connect/runtime/src/test/resources/test-plugins/service-loader/test/plugins/ServiceLoadedSubclass.java,46,19,3,4,0
connect/runtime/src/test/resources/test-plugins/bad-packaging/test/plugins/DefaultConstructorThrowsConverter.java,77,42,4,9,7
connect/runtime/src/test/resources/test-plugins/bad-packaging/test/plugins/DefaultConstructorThrowsConnector.java,68,33,4,7,5
connect/runtime/src/test/resources/test-plugins/bad-packaging/test/plugins/NonExistentInterface.java,24,3,4,0,0
connect/runtime/src/test/resources/test-plugins/bad-packaging/test/plugins/VersionMethodThrowsConnector.java,63,30,4,6,5
connect/runtime/src/test/resources/test-plugins/bad-packaging/test/plugins/InnocuousSinkConnector.java,85,49,4,10,9
connect/runtime/src/test/resources/test-plugins/bad-packaging/test/plugins/MissingSuperclassConverter.java,46,18,4,3,4
connect/runtime/src/test/resources/test-plugins/bad-packaging/test/plugins/CoLocatedPlugin.java,46,18,4,3,4
connect/runtime/src/test/resources/test-plugins/bad-packaging/test/plugins/DefaultConstructorPrivateConnector.java,67,32,4,7,5
connect/runtime/src/test/resources/test-plugins/bad-packaging/test/plugins/NoDefaultConstructorConnector.java,67,32,4,7,5
connect/runtime/src/test/resources/test-plugins/bad-packaging/test/plugins/StaticInitializerThrowsRestExtension.java,64,30,4,5,8
connect/runtime/src/test/resources/test-plugins/bad-packaging/test/plugins/NoDefaultConstructorConverter.java,76,41,4,9,7
connect/runtime/src/test/resources/test-plugins/bad-packaging/test/plugins/StaticInitializerThrowsConnector.java,71,36,4,7,5
connect/runtime/src/test/resources/test-plugins/bad-packaging/test/plugins/NoDefaultConstructorOverridePolicy.java,53,21,4,4,6
connect/runtime/src/test/resources/test-plugins/bad-packaging/test/plugins/OuterClass.java,66,32,4,6,5
connect/runtime/src/test/resources/test-plugins/sampling-connector/test/plugins/SamplingConnector.java,112,73,5,15,10
connect/runtime/src/test/resources/test-plugins/versioned-predicate/test/plugins/VersionedPredicate.java,63,29,4,5,6
connect/runtime/src/test/resources/test-plugins/sampling-config-provider/test/plugins/SamplingConfigProvider.java,120,79,5,16,14
connect/runtime/src/test/resources/test-plugins/versioned-sink-connector/test/plugins/VersionedSinkConnector.java,96,58,5,11,10
connect/runtime/src/test/resources/test-plugins/read-version-from-resource-v2/test/plugins/ReadVersionFromResource.java,91,59,9,5,14
connect/runtime/src/test/resources/test-plugins/versioned-converter/test/plugins/VersionedConverter.java,66,33,4,6,6
connect/runtime/src/test/java/org/apache/kafka/connect/test/util/ConcurrencyUtils.java,52,17,9,3,3
connect/runtime/src/test/java/org/apache/kafka/connect/test/util/MockitoUtils.java,69,18,5,2,5
connect/runtime/src/test/java/org/apache/kafka/connect/util/SharedTopicAdminTest.java,117,72,4,8,18
connect/runtime/src/test/java/org/apache/kafka/connect/util/KafkaBasedLogTest.java,560,439,12,45,58
connect/runtime/src/test/java/org/apache/kafka/connect/util/SinkUtilsTest.java,189,140,7,12,11
connect/runtime/src/test/java/org/apache/kafka/connect/util/TestFuture.java,99,70,9,12,5
connect/runtime/src/test/java/org/apache/kafka/connect/util/TopicAdminTest.java,965,829,39,65,61
connect/runtime/src/test/java/org/apache/kafka/connect/util/RetryUtilTest.java,192,144,3,17,18
connect/runtime/src/test/java/org/apache/kafka/connect/util/TableTest.java,47,24,3,1,5
connect/runtime/src/test/java/org/apache/kafka/connect/util/LoggingContextTest.java,209,156,9,24,13
connect/runtime/src/test/java/org/apache/kafka/connect/util/ConvertingFutureCallbackTest.java,238,199,13,21,16
connect/runtime/src/test/java/org/apache/kafka/connect/util/TopicCreationTest.java,639,506,8,25,46
connect/runtime/src/test/java/org/apache/kafka/connect/util/ConnectUtilsTest.java,195,152,5,7,17
connect/runtime/src/test/java/org/apache/kafka/connect/util/clusters/EmbeddedConnect.java,1041,604,132,60,37
connect/runtime/src/test/java/org/apache/kafka/connect/util/clusters/EmbeddedConnectCluster.java,225,141,13,25,21
connect/runtime/src/test/java/org/apache/kafka/connect/util/clusters/ConnectAssertions.java,640,399,39,36,19
connect/runtime/src/test/java/org/apache/kafka/connect/util/clusters/EmbeddedConnectBuilder.java,84,45,5,13,3
connect/runtime/src/test/java/org/apache/kafka/connect/util/clusters/EmbeddedConnectStandalone.java,193,140,8,20,25
connect/runtime/src/test/java/org/apache/kafka/connect/util/clusters/EmbeddedKafkaCluster.java,696,470,70,43,68
connect/runtime/src/test/java/org/apache/kafka/connect/util/clusters/UngracefulShutdownException.java,38,13,3,3,1
connect/runtime/src/test/java/org/apache/kafka/connect/util/clusters/WorkerHandle.java,128,61,10,13,7
connect/runtime/src/test/java/org/apache/kafka/connect/integration/ConnectorRestartApiIntegrationTest.java,428,305,20,42,35
connect/runtime/src/test/java/org/apache/kafka/connect/integration/MonitorableSourceIntegrationTest.java,130,81,5,12,21
connect/runtime/src/test/java/org/apache/kafka/connect/integration/ConnectWorkerIntegrationTest.java,1481,1027,50,47,86
connect/runtime/src/test/java/org/apache/kafka/connect/integration/SinkConnectorsIntegrationTest.java,319,249,11,10,31
connect/runtime/src/test/java/org/apache/kafka/connect/integration/RebalanceSourceConnectorsIntegrationTest.java,358,231,17,20,34
connect/runtime/src/test/java/org/apache/kafka/connect/integration/OffsetsApiIntegrationTest.java,1085,799,103,55,52
connect/runtime/src/test/java/org/apache/kafka/connect/integration/MonitorableSinkConnector.java,68,41,3,8,9
connect/runtime/src/test/java/org/apache/kafka/connect/integration/ExactlyOnceSourceIntegrationTest.java,1298,921,80,54,92
connect/runtime/src/test/java/org/apache/kafka/connect/integration/ErrantRecordSinkConnector.java,81,54,6,7,11
connect/runtime/src/test/java/org/apache/kafka/connect/integration/StandaloneWorkerIntegrationTest.java,380,295,24,17,39
connect/runtime/src/test/java/org/apache/kafka/connect/integration/ConnectorClientPolicyIntegrationTest.java,159,114,9,13,21
connect/runtime/src/test/java/org/apache/kafka/connect/integration/StartAndStopLatchTest.java,139,104,5,16,14
connect/runtime/src/test/java/org/apache/kafka/connect/integration/ConnectorValidationIntegrationTest.java,594,513,10,46,34
connect/runtime/src/test/java/org/apache/kafka/connect/integration/TransformationIntegrationTest.java,318,197,17,19,29
connect/runtime/src/test/java/org/apache/kafka/connect/integration/ConnectorTopicsIntegrationTest.java,319,211,30,18,38
connect/runtime/src/test/java/org/apache/kafka/connect/integration/ExampleConnectIntegrationTest.java,242,129,19,17,25
connect/runtime/src/test/java/org/apache/kafka/connect/integration/TestableSourceConnector.java,302,235,19,51,21
connect/runtime/src/test/java/org/apache/kafka/connect/integration/ConnectorHandle.java,366,151,34,32,12
connect/runtime/src/test/java/org/apache/kafka/connect/integration/TestableSinkConnector.java,167,120,8,20,14
connect/runtime/src/test/java/org/apache/kafka/connect/integration/StartAndStopCounterTest.java,119,85,5,11,13
connect/runtime/src/test/java/org/apache/kafka/connect/integration/TaskHandle.java,375,194,34,51,13
connect/runtime/src/test/java/org/apache/kafka/connect/integration/ErrorHandlingIntegrationTest.java,343,228,24,23,45
connect/runtime/src/test/java/org/apache/kafka/connect/integration/RuntimeHandles.java,63,18,7,6,2
connect/runtime/src/test/java/org/apache/kafka/connect/integration/InternalTopicsIntegrationTest.java,338,235,12,17,22
connect/runtime/src/test/java/org/apache/kafka/connect/integration/MonitorableSourceConnector.java,71,44,4,8,9
connect/runtime/src/test/java/org/apache/kafka/connect/integration/RestForwardingIntegrationTest.java,265,206,10,20,57
connect/runtime/src/test/java/org/apache/kafka/connect/integration/BlockingConnectorTest.java,890,692,30,130,51
connect/runtime/src/test/java/org/apache/kafka/connect/integration/StartAndStopLatch.java,118,48,15,8,5
connect/runtime/src/test/java/org/apache/kafka/connect/integration/StartsAndStops.java,21,3,3,1,0
connect/runtime/src/test/java/org/apache/kafka/connect/integration/MonitorableSinkIntegrationTest.java,157,96,12,13,23
connect/runtime/src/test/java/org/apache/kafka/connect/integration/SourceConnectorsIntegrationTest.java,232,157,6,21,26
connect/runtime/src/test/java/org/apache/kafka/connect/integration/RestExtensionIntegrationTest.java,214,149,7,15,27
connect/runtime/src/test/java/org/apache/kafka/connect/integration/StartAndStopCounter.java,170,60,6,19,4
connect/runtime/src/test/java/org/apache/kafka/connect/integration/SessionedProtocolIntegrationTest.java,163,106,6,8,23
connect/runtime/src/test/java/org/apache/kafka/connect/runtime/WorkerConfigTransformerTest.java,163,109,7,23,21
connect/runtime/src/test/java/org/apache/kafka/connect/runtime/SampleTransformation.java,62,34,3,8,6
connect/runtime/src/test/java/org/apache/kafka/connect/runtime/AbstractWorkerSourceTaskTest.java,1013,764,15,73,92
connect/runtime/src/test/java/org/apache/kafka/connect/runtime/RestartRequestTest.java,111,80,3,10,7
connect/runtime/src/test/java/org/apache/kafka/connect/runtime/WorkerSinkTaskTest.java,2034,1530,24,95,89
connect/runtime/src/test/java/org/apache/kafka/connect/runtime/WorkerMetricsGroupTest.java,190,134,5,23,18
connect/runtime/src/test/java/org/apache/kafka/connect/runtime/InternalSinkRecordTest.java,71,44,3,3,13
connect/runtime/src/test/java/org/apache/kafka/connect/runtime/ExactlyOnceWorkerSourceTaskTest.java,1304,996,41,94,92
connect/runtime/src/test/java/org/apache/kafka/connect/runtime/MockConnectMetrics.java,208,93,6,21,9
connect/runtime/src/test/java/org/apache/kafka/connect/runtime/ConnectorConfigTest.java,521,426,5,53,24
connect/runtime/src/test/java/org/apache/kafka/connect/runtime/ErrorHandlingTaskTest.java,564,450,12,61,82
connect/runtime/src/test/java/org/apache/kafka/connect/runtime/WorkerSourceTaskTest.java,1027,795,32,87,98
connect/runtime/src/test/java/org/apache/kafka/connect/runtime/SampleHeaderConverter.java,60,34,3,6,8
connect/runtime/src/test/java/org/apache/kafka/connect/runtime/WorkerTest.java,3218,2600,62,143,153
connect/runtime/src/test/java/org/apache/kafka/connect/runtime/SampleSourceConnector.java,92,56,3,12,7
connect/runtime/src/test/java/org/apache/kafka/connect/runtime/SourceTaskOffsetCommitterTest.java,172,125,3,17,28
connect/runtime/src/test/java/org/apache/kafka/connect/runtime/WorkerTransactionContextTest.java,111,78,3,11,5
connect/runtime/src/test/java/org/apache/kafka/connect/runtime/ConnectMetricsTest.java,429,351,6,51,38
connect/runtime/src/test/java/org/apache/kafka/connect/runtime/AbstractHerderTest.java,1358,1100,16,94,87
connect/runtime/src/test/java/org/apache/kafka/connect/runtime/MockLoggersTest.java,265,193,6,12,25
connect/runtime/src/test/java/org/apache/kafka/connect/runtime/SubmittedRecordsTest.java,383,282,15,23,16
connect/runtime/src/test/java/org/apache/kafka/connect/runtime/RestartPlanTest.java,93,65,3,4,9
connect/runtime/src/test/java/org/apache/kafka/connect/runtime/LoggersTest.java,190,149,3,18,19
connect/runtime/src/test/java/org/apache/kafka/connect/runtime/WorkerTaskTest.java,343,258,5,29,34
connect/runtime/src/test/java/org/apache/kafka/connect/runtime/SampleSinkConnector.java,67,38,3,8,5
connect/runtime/src/test/java/org/apache/kafka/connect/runtime/StateTrackerTest.java,104,72,4,7,6
connect/runtime/src/test/java/org/apache/kafka/connect/runtime/TransformationStageTest.java,80,54,4,4,14
connect/runtime/src/test/java/org/apache/kafka/connect/runtime/SampleConverterWithHeaders.java,88,54,8,8,10
connect/runtime/src/test/java/org/apache/kafka/connect/runtime/WorkerConfigTest.java,109,76,3,9,18
connect/runtime/src/test/java/org/apache/kafka/connect/runtime/WorkerTestUtils.java,209,168,5,11,24
connect/runtime/src/test/java/org/apache/kafka/connect/runtime/WorkerSinkTaskThreadedTest.java,727,552,19,65,64
connect/runtime/src/test/java/org/apache/kafka/connect/runtime/TransformationConfigTest.java,227,160,16,13,19
connect/runtime/src/test/java/org/apache/kafka/connect/runtime/SamplePredicate.java,62,34,3,8,6
connect/runtime/src/test/java/org/apache/kafka/connect/runtime/WorkerConnectorTest.java,663,535,14,39,39
connect/runtime/src/test/java/org/apache/kafka/connect/runtime/SourceConnectorConfigTest.java,162,122,5,14,23
connect/runtime/src/test/java/org/apache/kafka/connect/runtime/standalone/StandaloneConfigTest.java,90,61,3,6,9
connect/runtime/src/test/java/org/apache/kafka/connect/runtime/standalone/StandaloneHerderTest.java,1285,1030,28,61,90
connect/runtime/src/test/java/org/apache/kafka/connect/runtime/distributed/DistributedHerderTest.java,4429,3248,86,182,130
connect/runtime/src/test/java/org/apache/kafka/connect/runtime/distributed/IncrementalCooperativeAssignorTest.java,1597,1197,59,66,39
connect/runtime/src/test/java/org/apache/kafka/connect/runtime/distributed/SampleConnectorClientConfigOverridePolicy.java,32,12,3,3,1
connect/runtime/src/test/java/org/apache/kafka/connect/runtime/distributed/ConnectProtocolCompatibilityTest.java,233,186,3,21,9
connect/runtime/src/test/java/org/apache/kafka/connect/runtime/distributed/WorkerCoordinatorIncrementalTest.java,592,454,5,52,46
connect/runtime/src/test/java/org/apache/kafka/connect/runtime/distributed/DistributedConfigTest.java,479,381,10,30,33
connect/runtime/src/test/java/org/apache/kafka/connect/runtime/distributed/WorkerCoordinatorTest.java,631,499,13,50,55
connect/runtime/src/test/java/org/apache/kafka/connect/runtime/distributed/WorkerGroupMemberTest.java,125,94,6,3,28
connect/runtime/src/test/java/org/apache/kafka/connect/runtime/health/ConnectClusterStateImplTest.java,114,82,3,10,21
connect/runtime/src/test/java/org/apache/kafka/connect/runtime/isolation/PluginsTest.java,793,656,20,79,51
connect/runtime/src/test/java/org/apache/kafka/connect/runtime/isolation/PluginUtilsTest.java,707,603,11,45,30
connect/runtime/src/test/java/org/apache/kafka/connect/runtime/isolation/PluginDescTest.java,345,268,4,16,19
connect/runtime/src/test/java/org/apache/kafka/connect/runtime/isolation/MultiVersionTest.java,291,235,17,16,17
connect/runtime/src/test/java/org/apache/kafka/connect/runtime/isolation/PluginRecommenderTest.java,150,118,10,8,13
connect/runtime/src/test/java/org/apache/kafka/connect/runtime/isolation/TestPlugins.java,523,305,27,30,31
connect/runtime/src/test/java/org/apache/kafka/connect/runtime/isolation/DelegatingClassLoaderTest.java,121,88,4,14,15
connect/runtime/src/test/java/org/apache/kafka/connect/runtime/isolation/SamplingTestPlugin.java,129,70,10,7,4
connect/runtime/src/test/java/org/apache/kafka/connect/runtime/isolation/SynchronizationTest.java,477,345,38,30,36
connect/runtime/src/test/java/org/apache/kafka/connect/runtime/isolation/VersionedPluginBuilder.java,114,76,4,19,6
connect/runtime/src/test/java/org/apache/kafka/connect/runtime/isolation/PluginScannerTest.java,160,120,4,11,15
connect/runtime/src/test/java/org/apache/kafka/connect/runtime/errors/RetryWithToleranceOperatorTest.java,484,382,8,40,58
connect/runtime/src/test/java/org/apache/kafka/connect/runtime/errors/ErrorReporterTest.java,347,261,6,25,48
connect/runtime/src/test/java/org/apache/kafka/connect/runtime/errors/WorkerErrantRecordReporterTest.java,116,85,5,6,24
connect/runtime/src/test/java/org/apache/kafka/connect/runtime/rest/RestClientTest.java,341,284,3,31,37
connect/runtime/src/test/java/org/apache/kafka/connect/runtime/rest/InternalRequestSignatureTest.java,156,115,3,16,27
connect/runtime/src/test/java/org/apache/kafka/connect/runtime/rest/RestServerConfigTest.java,165,117,7,12,11
connect/runtime/src/test/java/org/apache/kafka/connect/runtime/rest/ConnectRestServerTest.java,488,377,10,29,57
connect/runtime/src/test/java/org/apache/kafka/connect/runtime/rest/util/SSLUtilsTest.java,188,151,3,10,14
connect/runtime/src/test/java/org/apache/kafka/connect/runtime/rest/resources/LoggingResourceTest.java,170,128,6,12,22
connect/runtime/src/test/java/org/apache/kafka/connect/runtime/rest/resources/RootResourceTest.java,172,126,5,11,29
connect/runtime/src/test/java/org/apache/kafka/connect/runtime/rest/resources/ConnectorPluginsResourceTest.java,514,372,12,41,79
connect/runtime/src/test/java/org/apache/kafka/connect/runtime/rest/resources/ConnectorsResourceTest.java,971,781,6,91,64
connect/runtime/src/test/java/org/apache/kafka/connect/runtime/rest/resources/InternalConnectResourceTest.java,236,184,3,22,33
connect/runtime/src/test/java/org/apache/kafka/connect/runtime/rest/entities/PluginInfoTest.java,38,15,3,1,4
connect/runtime/src/test/java/org/apache/kafka/connect/runtime/rest/entities/ConnectorTypeTest.java,44,23,6,2,4
connect/runtime/src/test/java/org/apache/kafka/connect/runtime/rest/entities/CreateConnectorRequestTest.java,54,28,3,2,5
connect/runtime/src/test/java/org/apache/kafka/connect/runtime/rest/entities/ConnectorOffsetsTest.java,52,27,3,1,5
connect/runtime/src/test/java/org/apache/kafka/connect/converters/NumberConverterTest.java,114,76,4,19,11
connect/runtime/src/test/java/org/apache/kafka/connect/converters/DoubleConverterTest.java,43,21,3,4,3
connect/runtime/src/test/java/org/apache/kafka/connect/converters/IntegerConverterTest.java,43,21,3,4,3
connect/runtime/src/test/java/org/apache/kafka/connect/converters/BooleanConverterTest.java,115,81,3,14,13
connect/runtime/src/test/java/org/apache/kafka/connect/converters/LongConverterTest.java,43,21,3,4,3
connect/runtime/src/test/java/org/apache/kafka/connect/converters/FloatConverterTest.java,43,21,3,4,3
connect/runtime/src/test/java/org/apache/kafka/connect/converters/ByteArrayConverterTest.java,122,86,3,13,13
connect/runtime/src/test/java/org/apache/kafka/connect/converters/ShortConverterTest.java,43,21,3,4,3
connect/runtime/src/test/java/org/apache/kafka/connect/cli/ConnectStandaloneTest.java,129,90,3,10,14
connect/runtime/src/test/java/org/apache/kafka/connect/storage/FileOffsetBackingStoreTest.java,205,153,5,14,34
connect/runtime/src/test/java/org/apache/kafka/connect/storage/OffsetStorageWriterTest.java,243,164,9,22,29
connect/runtime/src/test/java/org/apache/kafka/connect/storage/ConnectorOffsetBackingStoreTest.java,460,372,8,24,41
connect/runtime/src/test/java/org/apache/kafka/connect/storage/KafkaStatusBackingStoreTest.java,448,329,5,23,46
connect/runtime/src/test/java/org/apache/kafka/connect/storage/KafkaConfigBackingStoreTest.java,1739,1314,34,88,85
connect/runtime/src/test/java/org/apache/kafka/connect/storage/MemoryStatusBackingStoreTest.java,66,41,3,4,7
connect/runtime/src/test/java/org/apache/kafka/connect/storage/MemoryConfigBackingStoreTest.java,203,138,9,12,25
connect/runtime/src/test/java/org/apache/kafka/connect/storage/KafkaStatusBackingStoreFormatTest.java,283,220,3,16,36
connect/runtime/src/test/java/org/apache/kafka/connect/storage/OffsetUtilsTest.java,150,112,5,13,15
connect/runtime/src/test/java/org/apache/kafka/connect/storage/KafkaOffsetBackingStoreTest.java,569,441,14,38,58
connect/runtime/src/test/java/org/apache/kafka/connect/connector/policy/NoneConnectorClientConfigOverridePolicyTest.java,49,24,3,3,5
connect/runtime/src/test/java/org/apache/kafka/connect/connector/policy/PrincipalConnectorClientConfigOverridePolicyTest.java,49,24,3,3,5
connect/runtime/src/test/java/org/apache/kafka/connect/connector/policy/BaseConnectorClientConfigOverridePolicyTest.java,60,33,3,6,6
connect/runtime/src/main/java/org/apache/kafka/connect/tools/TransformationDoc.java,82,58,4,4,18
connect/runtime/src/main/java/org/apache/kafka/connect/tools/PredicateDoc.java,72,48,5,4,6
connect/runtime/src/main/java/org/apache/kafka/connect/util/LoggingContext.java,215,76,21,12,5
connect/runtime/src/main/java/org/apache/kafka/connect/util/ConvertingFutureCallback.java,139,98,14,17,7
connect/runtime/src/main/java/org/apache/kafka/connect/util/TopicCreationGroup.java,153,85,18,14,10
connect/runtime/src/main/java/org/apache/kafka/connect/util/Stage.java,83,52,6,11,3
connect/runtime/src/main/java/org/apache/kafka/connect/util/ConnectorTaskId.java,59,32,5,6,3
connect/runtime/src/main/java/org/apache/kafka/connect/util/KafkaBasedLog.java,603,348,96,44,37
connect/runtime/src/main/java/org/apache/kafka/connect/util/Table.java,63,37,7,7,2
connect/runtime/src/main/java/org/apache/kafka/connect/util/ConnectUtils.java,247,136,29,14,21
connect/runtime/src/main/java/org/apache/kafka/connect/util/SafeObjectInputStream.java,63,38,7,4,5
connect/runtime/src/main/java/org/apache/kafka/connect/util/StagedTimeoutException.java,35,13,3,3,2
connect/runtime/src/main/java/org/apache/kafka/connect/util/SharedTopicAdmin.java,145,61,16,12,10
connect/runtime/src/main/java/org/apache/kafka/connect/util/FutureCallback.java,37,13,3,3,0
connect/runtime/src/main/java/org/apache/kafka/connect/util/Callback.java,49,19,6,2,0
connect/runtime/src/main/java/org/apache/kafka/connect/util/TopicCreation.java,144,59,19,14,6
connect/runtime/src/main/java/org/apache/kafka/connect/util/TopicAdmin.java,769,467,141,52,48
connect/runtime/src/main/java/org/apache/kafka/connect/util/ConcreteSubClassValidator.java,48,24,5,5,2
connect/runtime/src/main/java/org/apache/kafka/connect/util/SinkUtils.java,137,78,19,7,9
connect/runtime/src/main/java/org/apache/kafka/connect/util/InstantiableClassValidator.java,47,25,9,2,3
connect/runtime/src/main/java/org/apache/kafka/connect/util/TemporaryStage.java,37,15,3,4,1
connect/runtime/src/main/java/org/apache/kafka/connect/util/RetryUtil.java,109,57,15,2,10
connect/runtime/src/main/java/org/apache/kafka/connect/runtime/AbstractWorkerSourceTask.java,698,509,68,69,56
connect/runtime/src/main/java/org/apache/kafka/connect/runtime/ConnectorConfig.java,807,510,71,136,39
connect/runtime/src/main/java/org/apache/kafka/connect/runtime/HerderRequest.java,21,4,3,0,0
connect/runtime/src/main/java/org/apache/kafka/connect/runtime/RestartRequest.java,93,38,18,8,2
connect/runtime/src/main/java/org/apache/kafka/connect/runtime/ExactlyOnceWorkerSourceTask.java,565,422,44,54,42
connect/runtime/src/main/java/org/apache/kafka/connect/runtime/WorkerSourceTask.java,360,274,27,19,39
connect/runtime/src/main/java/org/apache/kafka/connect/runtime/TopicStatus.java,109,56,8,13,2
connect/runtime/src/main/java/org/apache/kafka/connect/runtime/AbstractHerder.java,1286,1033,131,82,84
connect/runtime/src/main/java/org/apache/kafka/connect/runtime/WorkerTask.java,585,412,52,74,30
connect/runtime/src/main/java/org/apache/kafka/connect/runtime/TaskStatus.java,78,19,6,2,1
connect/runtime/src/main/java/org/apache/kafka/connect/runtime/WorkerSourceTaskContext.java,66,41,3,10,6
connect/runtime/src/main/java/org/apache/kafka/connect/runtime/Herder.java,396,74,41,0,19
connect/runtime/src/main/java/org/apache/kafka/connect/runtime/SourceConnectorConfig.java,349,273,29,43,29
connect/runtime/src/main/java/org/apache/kafka/connect/runtime/WorkerConnector.java,620,487,71,60,22
connect/runtime/src/main/java/org/apache/kafka/connect/runtime/AbstractStatus.java,122,89,11,18,1
connect/runtime/src/main/java/org/apache/kafka/connect/runtime/StateTracker.java,187,114,23,15,2
connect/runtime/src/main/java/org/apache/kafka/connect/runtime/SinkConnectorConfig.java,220,159,20,37,15
connect/runtime/src/main/java/org/apache/kafka/connect/runtime/ConnectMetricsRegistry.java,499,118,13,123,6
connect/runtime/src/main/java/org/apache/kafka/connect/runtime/Worker.java,2415,1717,283,119,108
connect/runtime/src/main/java/org/apache/kafka/connect/runtime/RestartPlan.java,144,56,10,15,6
connect/runtime/src/main/java/org/apache/kafka/connect/runtime/CloseableConnectorContext.java,32,7,3,0,3
connect/runtime/src/main/java/org/apache/kafka/connect/runtime/ConnectMetrics.java,512,267,31,53,36
connect/runtime/src/main/java/org/apache/kafka/connect/runtime/InternalSinkRecord.java,79,44,4,7,6
connect/runtime/src/main/java/org/apache/kafka/connect/runtime/SessionKey.java,33,8,4,2,2
connect/runtime/src/main/java/org/apache/kafka/connect/runtime/TargetState.java,40,6,5,1,0
connect/runtime/src/main/java/org/apache/kafka/connect/runtime/TopicCreationConfig.java,146,111,21,17,6
connect/runtime/src/main/java/org/apache/kafka/connect/runtime/HerderConnectorContext.java,81,48,9,10,6
connect/runtime/src/main/java/org/apache/kafka/connect/runtime/TransformationStage.java,143,104,6,17,8
connect/runtime/src/main/java/org/apache/kafka/connect/runtime/SourceTaskOffsetCommitter.java,122,75,18,8,15
connect/runtime/src/main/java/org/apache/kafka/connect/runtime/WorkerInfo.java,108,63,4,9,9
connect/runtime/src/main/java/org/apache/kafka/connect/runtime/Loggers.java,329,184,40,23,18
connect/runtime/src/main/java/org/apache/kafka/connect/runtime/WorkerSinkTask.java,950,753,92,77,54
connect/runtime/src/main/java/org/apache/kafka/connect/runtime/ConnectorStatus.java,88,22,4,3,0
connect/runtime/src/main/java/org/apache/kafka/connect/runtime/WorkerConfigTransformer.java,102,69,12,11,13
connect/runtime/src/main/java/org/apache/kafka/connect/runtime/WorkerConfig.java,458,348,33,74,31
connect/runtime/src/main/java/org/apache/kafka/connect/runtime/CachedConnectors.java,80,51,8,9,7
connect/runtime/src/main/java/org/apache/kafka/connect/runtime/TransformationChain.java,97,59,10,10,11
connect/runtime/src/main/java/org/apache/kafka/connect/runtime/WorkerSinkTaskContext.java,181,134,12,26,15
connect/runtime/src/main/java/org/apache/kafka/connect/runtime/TaskConfig.java,53,23,5,5,6
connect/runtime/src/main/java/org/apache/kafka/connect/runtime/SubmittedRecords.java,296,158,37,23,12
connect/runtime/src/main/java/org/apache/kafka/connect/runtime/TaskPluginsMetadata.java,131,95,3,27,11
connect/runtime/src/main/java/org/apache/kafka/connect/runtime/Connect.java,123,80,11,16,9
connect/runtime/src/main/java/org/apache/kafka/connect/runtime/WorkerMetricsGroup.java,219,162,5,30,6
connect/runtime/src/main/java/org/apache/kafka/connect/runtime/WorkerTransactionContext.java,110,67,6,15,7
connect/runtime/src/main/java/org/apache/kafka/connect/runtime/TooManyTasksException.java,43,18,4,1,1
connect/runtime/src/main/java/org/apache/kafka/connect/runtime/standalone/StandaloneHerder.java,635,503,61,52,46
connect/runtime/src/main/java/org/apache/kafka/connect/runtime/standalone/StandaloneConfig.java,47,19,4,4,3
connect/runtime/src/main/java/org/apache/kafka/connect/runtime/standalone/HealthCheckThread.java,136,80,19,8,6
connect/runtime/src/main/java/org/apache/kafka/connect/runtime/distributed/RebalanceNeededException.java,30,7,3,1,1
connect/runtime/src/main/java/org/apache/kafka/connect/runtime/distributed/WorkerCoordinator.java,656,494,46,92,30
connect/runtime/src/main/java/org/apache/kafka/connect/runtime/distributed/ExtendedWorkerState.java,48,19,3,4,0
connect/runtime/src/main/java/org/apache/kafka/connect/runtime/distributed/ConnectProtocol.java,407,209,19,46,19
connect/runtime/src/main/java/org/apache/kafka/connect/runtime/distributed/WorkerRebalanceListener.java,45,8,6,0,2
connect/runtime/src/main/java/org/apache/kafka/connect/runtime/distributed/NotAssignedException.java,29,6,4,1,0
connect/runtime/src/main/java/org/apache/kafka/connect/runtime/distributed/ConnectProtocolCompatibility.java,144,66,13,13,5
connect/runtime/src/main/java/org/apache/kafka/connect/runtime/distributed/DistributedHerder.java,3032,2302,458,176,101
connect/runtime/src/main/java/org/apache/kafka/connect/runtime/distributed/DistributedConfig.java,725,428,42,98,32
connect/runtime/src/main/java/org/apache/kafka/connect/runtime/distributed/ConnectAssignor.java,43,10,3,0,4
connect/runtime/src/main/java/org/apache/kafka/connect/runtime/distributed/IncrementalCooperativeConnectProtocol.java,275,125,14,18,26
connect/runtime/src/main/java/org/apache/kafka/connect/runtime/distributed/ExtendedAssignment.java,283,188,20,19,24
connect/runtime/src/main/java/org/apache/kafka/connect/runtime/distributed/RequestTargetException.java,37,12,3,3,1
connect/runtime/src/main/java/org/apache/kafka/connect/runtime/distributed/Crypto.java,70,19,10,2,3
connect/runtime/src/main/java/org/apache/kafka/connect/runtime/distributed/NotLeaderException.java,29,6,3,1,0
connect/runtime/src/main/java/org/apache/kafka/connect/runtime/distributed/WorkerGroupMember.java,244,174,10,20,35
connect/runtime/src/main/java/org/apache/kafka/connect/runtime/distributed/IncrementalCooperativeAssignor.java,975,727,66,60,32
connect/runtime/src/main/java/org/apache/kafka/connect/runtime/distributed/EagerAssignor.java,176,120,19,8,15
connect/runtime/src/main/java/org/apache/kafka/connect/runtime/health/ConnectClusterDetailsImpl.java,23,4,3,1,1
connect/runtime/src/main/java/org/apache/kafka/connect/runtime/health/ConnectClusterStateImpl.java,114,85,7,9,17
connect/runtime/src/main/java/org/apache/kafka/connect/runtime/isolation/Plugins.java,689,498,65,52,32
connect/runtime/src/main/java/org/apache/kafka/connect/runtime/isolation/ClassLoaderFactory.java,41,15,5,2,2
connect/runtime/src/main/java/org/apache/kafka/connect/runtime/isolation/DelegatingClassLoader.java,273,196,31,11,15
connect/runtime/src/main/java/org/apache/kafka/connect/runtime/isolation/PluginClassLoaderFactory.java,29,5,5,0,1
connect/runtime/src/main/java/org/apache/kafka/connect/runtime/isolation/PluginUtils.java,508,391,61,23,29
connect/runtime/src/main/java/org/apache/kafka/connect/runtime/isolation/PluginDesc.java,134,99,7,22,4
connect/runtime/src/main/java/org/apache/kafka/connect/runtime/isolation/PluginScanResult.java,145,108,6,24,14
connect/runtime/src/main/java/org/apache/kafka/connect/runtime/isolation/PluginDiscoveryMode.java,65,18,9,4,1
connect/runtime/src/main/java/org/apache/kafka/connect/runtime/isolation/PluginScanner.java,233,155,38,11,17
connect/runtime/src/main/java/org/apache/kafka/connect/runtime/isolation/VersionedPluginLoadingException.java,40,16,3,4,2
connect/runtime/src/main/java/org/apache/kafka/connect/runtime/isolation/PluginType.java,60,36,3,5,10
connect/runtime/src/main/java/org/apache/kafka/connect/runtime/isolation/PluginClassLoader.java,134,76,16,8,10
connect/runtime/src/main/java/org/apache/kafka/connect/runtime/isolation/LoaderSwap.java,36,11,4,3,0
connect/runtime/src/main/java/org/apache/kafka/connect/runtime/isolation/PluginSource.java,55,32,6,6,4
connect/runtime/src/main/java/org/apache/kafka/connect/runtime/isolation/ServiceLoaderScanner.java,80,36,4,3,11
connect/runtime/src/main/java/org/apache/kafka/connect/runtime/isolation/PluginsRecommenders.java,263,194,13,40,9
connect/runtime/src/main/java/org/apache/kafka/connect/runtime/isolation/ReflectionScanner.java,166,105,13,7,20
connect/runtime/src/main/java/org/apache/kafka/connect/runtime/errors/Stage.java,69,15,3,1,4
connect/runtime/src/main/java/org/apache/kafka/connect/runtime/errors/ToleranceType.java,40,9,3,2,1
connect/runtime/src/main/java/org/apache/kafka/connect/runtime/errors/Operation.java,28,4,3,0,1
connect/runtime/src/main/java/org/apache/kafka/connect/runtime/errors/ErrorReporter.java,38,8,3,0,2
connect/runtime/src/main/java/org/apache/kafka/connect/runtime/errors/ErrorHandlingMetrics.java,154,75,6,22,8
connect/runtime/src/main/java/org/apache/kafka/connect/runtime/errors/DeadLetterQueueReporter.java,216,155,20,25,24
connect/runtime/src/main/java/org/apache/kafka/connect/runtime/errors/LogReporter.java,129,84,8,13,11
connect/runtime/src/main/java/org/apache/kafka/connect/runtime/errors/WorkerErrantRecordReporter.java,207,143,19,20,27
connect/runtime/src/main/java/org/apache/kafka/connect/runtime/errors/RetryWithToleranceOperator.java,364,214,55,23,18
connect/runtime/src/main/java/org/apache/kafka/connect/runtime/errors/ProcessingContext.java,125,45,6,17,0
connect/runtime/src/main/java/org/apache/kafka/connect/runtime/rest/ConnectRestConfigurable.java,138,96,13,17,7
connect/runtime/src/main/java/org/apache/kafka/connect/runtime/rest/ConnectRestServer.java,83,54,3,9,11
connect/runtime/src/main/java/org/apache/kafka/connect/runtime/rest/RestServerConfig.java,429,300,35,56,13
connect/runtime/src/main/java/org/apache/kafka/connect/runtime/rest/RestServer.java,590,309,73,42,47
connect/runtime/src/main/java/org/apache/kafka/connect/runtime/rest/ConnectRestExtensionContextImpl.java,27,7,3,1,3
connect/runtime/src/main/java/org/apache/kafka/connect/runtime/rest/RestRequestTimeout.java,45,17,5,2,0
connect/runtime/src/main/java/org/apache/kafka/connect/runtime/rest/HerderRequestHandler.java,157,102,19,10,16
connect/runtime/src/main/java/org/apache/kafka/connect/runtime/rest/RestClient.java,259,158,32,11,29
connect/runtime/src/main/java/org/apache/kafka/connect/runtime/rest/InternalRequestSignature.java,155,100,18,13,13
connect/runtime/src/main/java/org/apache/kafka/connect/runtime/rest/util/SSLUtils.java,176,98,20,10,10
connect/runtime/src/main/java/org/apache/kafka/connect/runtime/rest/resources/ConnectorPluginsResource.java,179,138,18,10,37
connect/runtime/src/main/java/org/apache/kafka/connect/runtime/rest/resources/LoggingResource.java,137,80,13,8,22
connect/runtime/src/main/java/org/apache/kafka/connect/runtime/rest/resources/InternalClusterResource.java,113,74,8,6,22
connect/runtime/src/main/java/org/apache/kafka/connect/runtime/rest/resources/ConnectorsResource.java,407,344,34,29,49
connect/runtime/src/main/java/org/apache/kafka/connect/runtime/rest/resources/InternalConnectResource.java,42,19,3,3,5
connect/runtime/src/main/java/org/apache/kafka/connect/runtime/rest/resources/RootResource.java,99,69,6,6,17
connect/runtime/src/main/java/org/apache/kafka/connect/runtime/rest/errors/ConnectRestException.java,69,39,3,12,2
connect/runtime/src/main/java/org/apache/kafka/connect/runtime/rest/errors/BadRequestException.java,30,10,3,2,1
connect/runtime/src/main/java/org/apache/kafka/connect/runtime/rest/errors/ConnectExceptionMapper.java,78,48,9,3,10
connect/runtime/src/main/java/org/apache/kafka/connect/runtime/rest/entities/LoggerLevel.java,30,11,3,2,2
connect/runtime/src/main/java/org/apache/kafka/connect/runtime/rest/entities/Message.java,30,4,4,1,1
connect/runtime/src/main/java/org/apache/kafka/connect/runtime/rest/entities/TaskInfo.java,29,9,3,1,3
connect/runtime/src/main/java/org/apache/kafka/connect/runtime/rest/entities/ConnectorType.java,52,28,5,4,6
connect/runtime/src/main/java/org/apache/kafka/connect/runtime/rest/entities/ServerInfo.java,56,32,3,8,3
connect/runtime/src/main/java/org/apache/kafka/connect/runtime/rest/entities/ConfigInfo.java,25,7,3,1,1
connect/runtime/src/main/java/org/apache/kafka/connect/runtime/rest/entities/CreateConnectorRequest.java,54,31,6,5,5
connect/runtime/src/main/java/org/apache/kafka/connect/runtime/rest/entities/WorkerStatus.java,99,67,8,12,3
connect/runtime/src/main/java/org/apache/kafka/connect/runtime/rest/entities/ConnectorOffsets.java,68,22,5,3,6
connect/runtime/src/main/java/org/apache/kafka/connect/runtime/rest/entities/ConnectorInfo.java,32,12,3,1,4
connect/runtime/src/main/java/org/apache/kafka/connect/runtime/rest/entities/ConfigValueInfo.java,30,11,3,1,2
connect/runtime/src/main/java/org/apache/kafka/connect/runtime/rest/entities/ConnectorStateInfo.java,116,84,5,17,5
connect/runtime/src/main/java/org/apache/kafka/connect/runtime/rest/entities/ErrorMessage.java,30,7,4,1,1
connect/runtime/src/main/java/org/apache/kafka/connect/runtime/rest/entities/ActiveTopicsInfo.java,43,20,3,5,3
connect/runtime/src/main/java/org/apache/kafka/connect/runtime/rest/entities/ConfigKeyInfo.java,36,17,3,1,2
connect/runtime/src/main/java/org/apache/kafka/connect/runtime/rest/entities/PluginInfo.java,49,26,3,4,4
connect/runtime/src/main/java/org/apache/kafka/connect/runtime/rest/entities/ConnectorOffset.java,50,15,4,2,2
connect/runtime/src/main/java/org/apache/kafka/connect/runtime/rest/entities/ConfigInfos.java,29,10,3,1,2
connect/runtime/src/main/java/org/apache/kafka/connect/converters/NumberConverterConfig.java,39,13,4,3,3
connect/runtime/src/main/java/org/apache/kafka/connect/converters/LongConverter.java,38,11,3,1,5
connect/runtime/src/main/java/org/apache/kafka/connect/converters/ShortConverter.java,37,11,3,1,5
connect/runtime/src/main/java/org/apache/kafka/connect/converters/NumberConverter.java,135,89,7,15,16
connect/runtime/src/main/java/org/apache/kafka/connect/converters/FloatConverter.java,37,11,3,1,5
connect/runtime/src/main/java/org/apache/kafka/connect/converters/BooleanConverterConfig.java,38,13,4,3,3
connect/runtime/src/main/java/org/apache/kafka/connect/converters/BooleanConverter.java,113,76,7,11,17
connect/runtime/src/main/java/org/apache/kafka/connect/converters/IntegerConverter.java,37,11,3,1,5
connect/runtime/src/main/java/org/apache/kafka/connect/converters/DoubleConverter.java,37,11,3,1,5
connect/runtime/src/main/java/org/apache/kafka/connect/converters/ByteArrayConverter.java,99,61,8,11,11
connect/runtime/src/main/java/org/apache/kafka/connect/cli/ConnectDistributed.java,114,71,4,5,23
connect/runtime/src/main/java/org/apache/kafka/connect/cli/AbstractConnectCli.java,152,82,12,10,18
connect/runtime/src/main/java/org/apache/kafka/connect/cli/ConnectStandalone.java,183,122,15,7,32
connect/runtime/src/main/java/org/apache/kafka/connect/storage/OffsetStorageReaderImpl.java,159,119,19,11,14
connect/runtime/src/main/java/org/apache/kafka/connect/storage/KafkaOffsetBackingStore.java,400,286,38,35,36
connect/runtime/src/main/java/org/apache/kafka/connect/storage/AppliedConnectorConfig.java,66,20,7,4,2
connect/runtime/src/main/java/org/apache/kafka/connect/storage/ConnectorOffsetBackingStore.java,487,314,44,42,24
connect/runtime/src/main/java/org/apache/kafka/connect/storage/FileOffsetBackingStore.java,116,81,9,11,16
connect/runtime/src/main/java/org/apache/kafka/connect/storage/KafkaConfigBackingStore.java,1339,867,212,83,60
connect/runtime/src/main/java/org/apache/kafka/connect/storage/StatusBackingStore.java,138,26,12,0,7
connect/runtime/src/main/java/org/apache/kafka/connect/storage/KafkaTopicBasedBackingStore.java,74,45,8,4,15
connect/runtime/src/main/java/org/apache/kafka/connect/storage/OffsetUtils.java,134,82,23,4,10
connect/runtime/src/main/java/org/apache/kafka/connect/storage/MemoryStatusBackingStore.java,143,99,6,20,14
connect/runtime/src/main/java/org/apache/kafka/connect/storage/MemoryOffsetBackingStore.java,95,59,6,10,12
connect/runtime/src/main/java/org/apache/kafka/connect/storage/ClusterConfigState.java,325,194,32,26,10
connect/runtime/src/main/java/org/apache/kafka/connect/storage/MemoryConfigBackingStore.java,225,160,20,27,12
connect/runtime/src/main/java/org/apache/kafka/connect/storage/OffsetStorageWriter.java,245,117,32,17,13
connect/runtime/src/main/java/org/apache/kafka/connect/storage/CloseableOffsetStorageReader.java,33,8,4,0,4
connect/runtime/src/main/java/org/apache/kafka/connect/storage/OffsetBackingStore.java,81,16,8,0,7
connect/runtime/src/main/java/org/apache/kafka/connect/storage/PrivilegedWriteException.java,29,7,3,1,1
connect/runtime/src/main/java/org/apache/kafka/connect/storage/ConfigBackingStore.java,186,38,16,0,9
connect/runtime/src/main/java/org/apache/kafka/connect/storage/KafkaStatusBackingStore.java,706,555,72,79,47
connect/runtime/src/main/java/org/apache/kafka/connect/connector/policy/PrincipalConnectorClientConfigOverridePolicy.java,58,29,4,5,9
connect/runtime/src/main/java/org/apache/kafka/connect/connector/policy/AllConnectorClientConfigOverridePolicy.java,47,20,4,4,4
connect/runtime/src/main/java/org/apache/kafka/connect/connector/policy/NoneConnectorClientConfigOverridePolicy.java,48,20,4,4,4
connect/runtime/src/main/java/org/apache/kafka/connect/connector/policy/AbstractConnectorClientConfigOverridePolicy.java,64,36,4,7,7
connect/basic-auth-extension/src/test/java/org/apache/kafka/connect/rest/basic/auth/extension/BasicAuthSecurityRestExtensionTest.java,116,77,3,6,18
connect/basic-auth-extension/src/test/java/org/apache/kafka/connect/rest/basic/auth/extension/JaasBasicAuthFilterTest.java,269,206,4,19,32
connect/basic-auth-extension/src/main/java/org/apache/kafka/connect/rest/basic/auth/extension/PropertyFileLoginModule.java,155,114,16,12,18
connect/basic-auth-extension/src/main/java/org/apache/kafka/connect/rest/basic/auth/extension/BasicAuthSecurityRestExtension.java,118,48,5,8,9
connect/basic-auth-extension/src/main/java/org/apache/kafka/connect/rest/basic/auth/extension/JaasBasicAuthFilter.java,223,170,18,24,26
connect/json/src/test/java/org/apache/kafka/connect/json/JsonConverterConfigTest.java,41,17,3,1,6
connect/json/src/test/java/org/apache/kafka/connect/json/JsonConverterTest.java,1074,883,10,99,43
connect/json/src/main/java/org/apache/kafka/connect/json/DecimalFormat.java,36,5,3,1,0
connect/json/src/main/java/org/apache/kafka/connect/json/JsonDeserializer.java,79,40,8,3,9
connect/json/src/main/java/org/apache/kafka/connect/json/JsonSerializer.java,74,36,7,3,8
connect/json/src/main/java/org/apache/kafka/connect/json/JsonConverter.java,767,628,155,34,37
connect/json/src/main/java/org/apache/kafka/connect/json/JsonSchema.java,81,58,3,5,3
connect/json/src/main/java/org/apache/kafka/connect/json/JsonConverterConfig.java,158,92,13,33,8
connect/transforms/src/test/java/org/apache/kafka/connect/transforms/MaskFieldTest.java,276,230,9,18,21
connect/transforms/src/test/java/org/apache/kafka/connect/transforms/ExtractFieldTest.java,251,182,5,17,17
connect/transforms/src/test/java/org/apache/kafka/connect/transforms/CastTest.java,612,493,3,46,30
connect/transforms/src/test/java/org/apache/kafka/connect/transforms/InsertHeaderTest.java,125,90,3,10,11
connect/transforms/src/test/java/org/apache/kafka/connect/transforms/DropHeadersTest.java,121,88,3,9,11
connect/transforms/src/test/java/org/apache/kafka/connect/transforms/RegexRouterTest.java,78,48,3,8,6
connect/transforms/src/test/java/org/apache/kafka/connect/transforms/FlattenTest.java,400,303,4,20,18
connect/transforms/src/test/java/org/apache/kafka/connect/transforms/ValueToKeyTest.java,146,101,3,8,17
connect/transforms/src/test/java/org/apache/kafka/connect/transforms/TimestampRouterTest.java,60,35,3,5,7
connect/transforms/src/test/java/org/apache/kafka/connect/transforms/SetSchemaMetadataTest.java,219,163,4,15,19
connect/transforms/src/test/java/org/apache/kafka/connect/transforms/HeaderFromTest.java,386,330,10,21,20
connect/transforms/src/test/java/org/apache/kafka/connect/transforms/ReplaceFieldTest.java,201,142,3,11,15
connect/transforms/src/test/java/org/apache/kafka/connect/transforms/InsertFieldTest.java,254,181,3,13,20
connect/transforms/src/test/java/org/apache/kafka/connect/transforms/HoistFieldTest.java,86,53,3,6,10
connect/transforms/src/test/java/org/apache/kafka/connect/transforms/TimestampConverterTest.java,739,570,3,71,25
connect/transforms/src/test/java/org/apache/kafka/connect/transforms/predicates/TopicNameMatchesTest.java,93,62,3,7,12
connect/transforms/src/test/java/org/apache/kafka/connect/transforms/predicates/HasHeaderKeyTest.java,111,76,4,11,16
connect/transforms/src/test/java/org/apache/kafka/connect/transforms/util/NonEmptyListValidatorTest.java,44,20,3,3,4
connect/transforms/src/test/java/org/apache/kafka/connect/transforms/field/FieldPathNotationTest.java,161,98,3,3,5
connect/transforms/src/test/java/org/apache/kafka/connect/transforms/field/SingleFieldPathTest.java,118,84,3,1,8
connect/transforms/src/test/java/org/apache/kafka/connect/transforms/field/FieldSyntaxVersionTest.java,72,48,5,0,11
connect/transforms/src/main/java/org/apache/kafka/connect/transforms/InsertHeader.java,84,52,3,11,10
connect/transforms/src/main/java/org/apache/kafka/connect/transforms/TimestampRouter.java,106,72,7,11,12
connect/transforms/src/main/java/org/apache/kafka/connect/transforms/DropHeaders.java,81,52,5,9,12
connect/transforms/src/main/java/org/apache/kafka/connect/transforms/HeaderFrom.java,254,202,19,33,23
connect/transforms/src/main/java/org/apache/kafka/connect/transforms/Flatten.java,300,227,63,28,19
connect/transforms/src/main/java/org/apache/kafka/connect/transforms/HoistField.java,135,93,8,19,13
connect/transforms/src/main/java/org/apache/kafka/connect/transforms/SetSchemaMetadata.java,192,130,12,22,14
connect/transforms/src/main/java/org/apache/kafka/connect/transforms/ReplaceField.java,254,191,16,26,21
connect/transforms/src/main/java/org/apache/kafka/connect/transforms/TimestampConverter.java,510,400,52,65,29
connect/transforms/src/main/java/org/apache/kafka/connect/transforms/MaskField.java,226,179,15,31,22
connect/transforms/src/main/java/org/apache/kafka/connect/transforms/InsertField.java,296,228,37,33,21
connect/transforms/src/main/java/org/apache/kafka/connect/transforms/Cast.java,475,392,79,45,34
connect/transforms/src/main/java/org/apache/kafka/connect/transforms/RegexRouter.java,89,58,5,10,11
connect/transforms/src/main/java/org/apache/kafka/connect/transforms/ValueToKey.java,126,89,9,15,18
connect/transforms/src/main/java/org/apache/kafka/connect/transforms/Filter.java,63,30,3,7,5
connect/transforms/src/main/java/org/apache/kafka/connect/transforms/ExtractField.java,147,105,7,22,13
connect/transforms/src/main/java/org/apache/kafka/connect/transforms/predicates/TopicNameMatches.java,87,54,8,10,10
connect/transforms/src/main/java/org/apache/kafka/connect/transforms/predicates/HasHeaderKey.java,74,43,6,10,8
connect/transforms/src/main/java/org/apache/kafka/connect/transforms/predicates/RecordIsTombstone.java,64,32,5,8,5
connect/transforms/src/main/java/org/apache/kafka/connect/transforms/util/RegexValidator.java,40,18,4,2,3
connect/transforms/src/main/java/org/apache/kafka/connect/transforms/util/SimpleConfig.java,33,9,3,1,3
connect/transforms/src/main/java/org/apache/kafka/connect/transforms/util/NonEmptyListValidator.java,38,16,4,2,3
connect/transforms/src/main/java/org/apache/kafka/connect/transforms/util/Requirements.java,75,48,13,7,6
connect/transforms/src/main/java/org/apache/kafka/connect/transforms/util/SchemaUtil.java,49,25,5,2,3
connect/transforms/src/main/java/org/apache/kafka/connect/transforms/field/SingleFieldPath.java,247,166,33,18,10
connect/transforms/src/main/java/org/apache/kafka/connect/transforms/field/FieldSyntaxVersion.java,90,39,6,6,5
connect/api/src/test/java/org/apache/kafka/connect/util/ConnectorUtilsTest.java,66,38,3,3,4
connect/api/src/test/java/org/apache/kafka/connect/source/SourceConnectorTest.java,159,112,3,26,11
connect/api/src/test/java/org/apache/kafka/connect/source/SourceRecordTest.java,129,98,3,12,15
connect/api/src/test/java/org/apache/kafka/connect/sink/SinkConnectorTest.java,153,107,3,25,10
connect/api/src/test/java/org/apache/kafka/connect/sink/SinkRecordTest.java,161,122,3,14,15
connect/api/src/test/java/org/apache/kafka/connect/storage/ConverterTypeTest.java,31,11,4,1,2
connect/api/src/test/java/org/apache/kafka/connect/storage/SimpleHeaderConverterTest.java,243,188,4,36,14
connect/api/src/test/java/org/apache/kafka/connect/storage/StringConverterTest.java,109,72,3,15,10
connect/api/src/test/java/org/apache/kafka/connect/connector/ConnectorReconfigurationTest.java,89,57,4,13,7
connect/api/src/test/java/org/apache/kafka/connect/connector/ConnectorTest.java,88,55,3,9,6
connect/api/src/test/java/org/apache/kafka/connect/data/TimestampTest.java,78,48,3,9,7
connect/api/src/test/java/org/apache/kafka/connect/data/TimeTest.java,84,54,3,9,7
connect/api/src/test/java/org/apache/kafka/connect/data/SchemaBuilderTest.java,380,294,5,42,9
connect/api/src/test/java/org/apache/kafka/connect/data/DateTest.java,82,53,3,9,7
connect/api/src/test/java/org/apache/kafka/connect/data/FakeSchema.java,82,53,3,12,2
connect/api/src/test/java/org/apache/kafka/connect/data/ConnectSchemaTest.java,475,378,47,40,15
connect/api/src/test/java/org/apache/kafka/connect/data/ValuesTest.java,1332,1098,27,128,32
connect/api/src/test/java/org/apache/kafka/connect/data/FieldTest.java,39,18,3,1,3
connect/api/src/test/java/org/apache/kafka/connect/data/DecimalTest.java,62,37,3,8,6
connect/api/src/test/java/org/apache/kafka/connect/data/SchemaProjectorTest.java,476,379,17,15,14
connect/api/src/test/java/org/apache/kafka/connect/data/StructTest.java,326,257,10,25,9
connect/api/src/test/java/org/apache/kafka/connect/header/ConnectHeaderTest.java,109,76,3,10,10
connect/api/src/test/java/org/apache/kafka/connect/header/ConnectHeadersTest.java,577,463,8,48,34
connect/api/src/main/java/org/apache/kafka/connect/util/ConnectorUtils.java,62,23,9,1,2
connect/api/src/main/java/org/apache/kafka/connect/util/package-info.java,20,1,3,0,0
connect/api/src/main/java/org/apache/kafka/connect/health/ConnectClusterDetails.java,32,4,4,0,0
connect/api/src/main/java/org/apache/kafka/connect/health/ConnectorType.java,43,11,3,2,1
connect/api/src/main/java/org/apache/kafka/connect/health/ConnectorHealth.java,114,62,10,12,3
connect/api/src/main/java/org/apache/kafka/connect/health/ConnectClusterState.java,72,13,10,0,2
connect/api/src/main/java/org/apache/kafka/connect/health/AbstractState.java,95,43,11,9,2
connect/api/src/main/java/org/apache/kafka/connect/health/TaskState.java,77,36,7,6,1
connect/api/src/main/java/org/apache/kafka/connect/health/ConnectorState.java,44,14,3,2,0
connect/api/src/main/java/org/apache/kafka/connect/health/package-info.java,21,1,4,0,0
connect/api/src/main/java/org/apache/kafka/connect/source/TransactionContext.java,66,7,5,0,0
connect/api/src/main/java/org/apache/kafka/connect/source/SourceConnectorContext.java,32,6,5,0,2
connect/api/src/main/java/org/apache/kafka/connect/source/SourceConnector.java,115,18,17,4,2
connect/api/src/main/java/org/apache/kafka/connect/source/SourceTask.java,155,38,18,12,6
connect/api/src/main/java/org/apache/kafka/connect/source/SourceTaskContext.java,89,12,11,0,3
connect/api/src/main/java/org/apache/kafka/connect/source/ConnectorTransactionBoundaries.java,31,5,4,1,0
connect/api/src/main/java/org/apache/kafka/connect/source/ExactlyOnceSupport.java,31,5,4,1,0
connect/api/src/main/java/org/apache/kafka/connect/source/package-info.java,20,1,4,0,0
connect/api/src/main/java/org/apache/kafka/connect/source/SourceRecord.java,136,84,8,15,5
connect/api/src/main/java/org/apache/kafka/connect/sink/SinkTaskContext.java,149,19,16,0,4
connect/api/src/main/java/org/apache/kafka/connect/sink/SinkConnectorContext.java,25,4,3,0,1
connect/api/src/main/java/org/apache/kafka/connect/sink/ErrantRecordReporter.java,54,6,5,0,2
connect/api/src/main/java/org/apache/kafka/connect/sink/SinkTask.java,180,30,14,11,6
connect/api/src/main/java/org/apache/kafka/connect/sink/SinkConnector.java,84,14,13,3,3
connect/api/src/main/java/org/apache/kafka/connect/sink/SinkRecord.java,231,96,26,19,7
connect/api/src/main/java/org/apache/kafka/connect/sink/package-info.java,20,1,4,0,0
connect/api/src/main/java/org/apache/kafka/connect/storage/SimpleHeaderConverter.java,90,57,9,10,14
connect/api/src/main/java/org/apache/kafka/connect/storage/StringConverter.java,118,74,7,12,12
connect/api/src/main/java/org/apache/kafka/connect/storage/HeaderConverter.java,65,12,9,0,6
connect/api/src/main/java/org/apache/kafka/connect/storage/Converter.java,112,25,14,0,7
connect/api/src/main/java/org/apache/kafka/connect/storage/OffsetStorageReader.java,61,7,8,0,2
connect/api/src/main/java/org/apache/kafka/connect/storage/ConverterConfig.java,58,22,4,5,6
connect/api/src/main/java/org/apache/kafka/connect/storage/ConverterType.java,56,25,5,5,4
connect/api/src/main/java/org/apache/kafka/connect/storage/package-info.java,20,1,4,0,0
connect/api/src/main/java/org/apache/kafka/connect/storage/StringConverterConfig.java,61,28,5,8,6
connect/api/src/main/java/org/apache/kafka/connect/components/Versioned.java,30,4,3,0,0
connect/api/src/main/java/org/apache/kafka/connect/components/package-info.java,20,1,3,0,0
connect/api/src/main/java/org/apache/kafka/connect/transforms/Transformation.java,64,7,5,0,4
connect/api/src/main/java/org/apache/kafka/connect/transforms/package-info.java,20,1,4,0,0
connect/api/src/main/java/org/apache/kafka/connect/transforms/predicates/Predicate.java,59,10,6,0,3
connect/api/src/main/java/org/apache/kafka/connect/transforms/predicates/package-info.java,20,1,4,0,0
connect/api/src/main/java/org/apache/kafka/connect/connector/ConnectRecord.java,182,106,21,23,5
connect/api/src/main/java/org/apache/kafka/connect/connector/Connector.java,153,39,16,11,7
connect/api/src/main/java/org/apache/kafka/connect/connector/Task.java,52,7,3,0,1
connect/api/src/main/java/org/apache/kafka/connect/connector/ConnectorContext.java,60,7,6,0,1
connect/api/src/main/java/org/apache/kafka/connect/connector/package-info.java,20,1,4,0,0
connect/api/src/main/java/org/apache/kafka/connect/connector/policy/ConnectorClientConfigRequest.java,110,41,12,12,3
connect/api/src/main/java/org/apache/kafka/connect/connector/policy/ConnectorClientConfigOverridePolicy.java,55,7,7,0,3
connect/api/src/main/java/org/apache/kafka/connect/connector/policy/package-info.java,23,1,4,0,0
connect/api/src/main/java/org/apache/kafka/connect/errors/AlreadyExistsException.java,34,12,3,3,0
connect/api/src/main/java/org/apache/kafka/connect/errors/DataException.java,34,12,4,3,0
connect/api/src/main/java/org/apache/kafka/connect/errors/ConnectException.java,37,13,3,3,1
connect/api/src/main/java/org/apache/kafka/connect/errors/IllegalWorkerStateException.java,34,12,3,3,0
connect/api/src/main/java/org/apache/kafka/connect/errors/SchemaBuilderException.java,34,12,4,3,0
connect/api/src/main/java/org/apache/kafka/connect/errors/SchemaProjectorException.java,34,12,4,3,0
connect/api/src/main/java/org/apache/kafka/connect/errors/NotFoundException.java,34,12,3,3,0
connect/api/src/main/java/org/apache/kafka/connect/errors/package-info.java,20,1,4,0,0
connect/api/src/main/java/org/apache/kafka/connect/errors/RetriableException.java,34,12,3,3,0
connect/api/src/main/java/org/apache/kafka/connect/data/Values.java,1403,1027,309,116,24
connect/api/src/main/java/org/apache/kafka/connect/data/SchemaBuilder.java,444,228,38,54,7
connect/api/src/main/java/org/apache/kafka/connect/data/Timestamp.java,64,21,6,5,1
connect/api/src/main/java/org/apache/kafka/connect/data/Schema.java,219,64,18,3,4
connect/api/src/main/java/org/apache/kafka/connect/data/Decimal.java,97,41,8,7,3
connect/api/src/main/java/org/apache/kafka/connect/data/Time.java,81,33,8,7,3
connect/api/src/main/java/org/apache/kafka/connect/data/SchemaProjector.java,170,124,31,9,10
connect/api/src/main/java/org/apache/kafka/connect/data/ConnectSchema.java,367,256,53,40,10
connect/api/src/main/java/org/apache/kafka/connect/data/Field.java,85,42,8,10,1
connect/api/src/main/java/org/apache/kafka/connect/data/SchemaAndValue.java,64,36,6,9,1
connect/api/src/main/java/org/apache/kafka/connect/data/Date.java,80,32,8,7,3
connect/api/src/main/java/org/apache/kafka/connect/data/Struct.java,286,138,29,27,6
connect/api/src/main/java/org/apache/kafka/connect/data/package-info.java,20,1,4,0,0
connect/api/src/main/java/org/apache/kafka/connect/header/ConnectHeaders.java,495,403,84,45,21
connect/api/src/main/java/org/apache/kafka/connect/header/ConnectHeader.java,95,62,8,12,4
connect/api/src/main/java/org/apache/kafka/connect/header/Headers.java,308,44,15,0,8
connect/api/src/main/java/org/apache/kafka/connect/header/Header.java,66,9,7,0,1
connect/api/src/main/java/org/apache/kafka/connect/header/package-info.java,20,1,4,0,0
connect/api/src/main/java/org/apache/kafka/connect/rest/ConnectRestExtensionContext.java,45,7,5,0,2
connect/api/src/main/java/org/apache/kafka/connect/rest/ConnectRestExtension.java,63,9,4,0,5
connect/api/src/main/java/org/apache/kafka/connect/rest/package-info.java,20,1,4,0,0
connect/mirror-client/src/test/java/org/apache/kafka/connect/mirror/MirrorClientTest.java,216,172,3,14,9
connect/mirror-client/src/test/java/org/apache/kafka/connect/mirror/SourceAndTargetTest.java,50,28,3,5,3
connect/mirror-client/src/test/java/org/apache/kafka/connect/mirror/ReplicationPolicyTest.java,96,57,3,6,7
connect/mirror-client/src/main/java/org/apache/kafka/connect/mirror/MirrorClient.java,253,167,21,16,21
connect/mirror-client/src/main/java/org/apache/kafka/connect/mirror/MirrorClientConfig.java,174,55,14,20,15
connect/mirror-client/src/main/java/org/apache/kafka/connect/mirror/DefaultReplicationPolicy.java,120,77,11,19,5
connect/mirror-client/src/main/java/org/apache/kafka/connect/mirror/RemoteClusterUtils.java,106,43,6,6,8
connect/mirror-client/src/main/java/org/apache/kafka/connect/mirror/SourceAndTarget.java,53,27,4,8,0
connect/mirror-client/src/main/java/org/apache/kafka/connect/mirror/Heartbeat.java,146,105,3,21,8
connect/mirror-client/src/main/java/org/apache/kafka/connect/mirror/IdentityReplicationPolicy.java,95,44,12,8,3
connect/mirror-client/src/main/java/org/apache/kafka/connect/mirror/Checkpoint.java,199,152,6,31,11
connect/mirror-client/src/main/java/org/apache/kafka/connect/mirror/ReplicationPolicy.java,108,36,17,0,0
connect/mirror-client/src/main/java/org/apache/kafka/connect/mirror/package-info.java,20,1,4,0,0
connect/mirror/src/test/java/org/apache/kafka/connect/mirror/TestUtils.java,86,49,7,3,6
connect/mirror/src/test/java/org/apache/kafka/connect/mirror/MirrorConnectorConfigTest.java,214,174,3,14,14
connect/mirror/src/test/java/org/apache/kafka/connect/mirror/OffsetSyncStoreTest.java,351,249,22,14,9
connect/mirror/src/test/java/org/apache/kafka/connect/mirror/MirrorUtilsTest.java,143,106,3,11,19
connect/mirror/src/test/java/org/apache/kafka/connect/mirror/MirrorHeartbeatTaskTest.java,43,21,3,1,5
connect/mirror/src/test/java/org/apache/kafka/connect/mirror/CheckpointStoreTest.java,94,61,4,2,13
connect/mirror/src/test/java/org/apache/kafka/connect/mirror/MirrorSourceConfigTest.java,177,139,6,10,13
connect/mirror/src/test/java/org/apache/kafka/connect/mirror/MirrorCheckpointConfigTest.java,130,96,6,6,11
connect/mirror/src/test/java/org/apache/kafka/connect/mirror/MirrorSourceMetricsTest.java,95,62,4,13,11
connect/mirror/src/test/java/org/apache/kafka/connect/mirror/OffsetSyncWriterTest.java,113,73,3,3,16
connect/mirror/src/test/java/org/apache/kafka/connect/mirror/MirrorMakerConfigTest.java,394,331,4,21,20
connect/mirror/src/test/java/org/apache/kafka/connect/mirror/MirrorHeartBeatConnectorTest.java,190,130,5,11,13
connect/mirror/src/test/java/org/apache/kafka/connect/mirror/MirrorCheckpointConnectorTest.java,350,263,9,19,28
connect/mirror/src/test/java/org/apache/kafka/connect/mirror/MirrorSourceTaskTest.java,355,284,9,8,34
connect/mirror/src/test/java/org/apache/kafka/connect/mirror/OffsetSyncTest.java,42,21,3,1,4
connect/mirror/src/test/java/org/apache/kafka/connect/mirror/MirrorCheckpointTaskTest.java,374,282,12,10,18
connect/mirror/src/test/java/org/apache/kafka/connect/mirror/HeartbeatTest.java,41,20,3,1,3
connect/mirror/src/test/java/org/apache/kafka/connect/mirror/MirrorSourceConnectorTest.java,768,619,18,33,63
connect/mirror/src/test/java/org/apache/kafka/connect/mirror/CheckpointTest.java,44,23,3,1,4
connect/mirror/src/test/java/org/apache/kafka/connect/mirror/clients/admin/FakeForwardingAdminWithLocalMetadata.java,90,61,9,5,15
connect/mirror/src/test/java/org/apache/kafka/connect/mirror/clients/admin/FakeLocalMetadataStore.java,127,57,10,11,9
connect/mirror/src/test/java/org/apache/kafka/connect/mirror/integration/MirrorConnectorsWithCustomForwardingAdminIntegrationTest.java,359,262,7,13,39
connect/mirror/src/test/java/org/apache/kafka/connect/mirror/integration/DedicatedMirrorIntegrationTest.java,501,351,49,23,42
connect/mirror/src/test/java/org/apache/kafka/connect/mirror/integration/IdentityReplicationIntegrationTest.java,52,20,4,1,4
connect/mirror/src/test/java/org/apache/kafka/connect/mirror/integration/MirrorConnectorsIntegrationExactlyOnceTest.java,102,57,7,2,9
connect/mirror/src/test/java/org/apache/kafka/connect/mirror/integration/MirrorConnectorsIntegrationTransactionsTest.java,76,43,8,3,10
connect/mirror/src/test/java/org/apache/kafka/connect/mirror/integration/MirrorConnectorsIntegrationBaseTest.java,1501,1137,87,81,77
connect/mirror/src/test/java/org/apache/kafka/connect/mirror/integration/MirrorConnectorsIntegrationSSLTest.java,64,33,5,1,12
connect/mirror/src/main/java/org/apache/kafka/connect/mirror/MirrorUtils.java,341,204,50,8,29
connect/mirror/src/main/java/org/apache/kafka/connect/mirror/MirrorSourceMetrics.java,174,15,5,22,14
connect/mirror/src/main/java/org/apache/kafka/connect/mirror/MirrorCheckpointMetrics.java,108,14,5,12,13
connect/mirror/src/main/java/org/apache/kafka/connect/mirror/CheckpointStore.java,203,146,22,16,17
connect/mirror/src/main/java/org/apache/kafka/connect/mirror/OffsetSyncWriter.java,207,147,25,19,12
connect/mirror/src/main/java/org/apache/kafka/connect/mirror/MirrorSourceTaskConfig.java,66,41,3,3,6
connect/mirror/src/main/java/org/apache/kafka/connect/mirror/MirrorSourceTask.java,258,24,30,22,23
connect/mirror/src/main/java/org/apache/kafka/connect/mirror/MirrorHerder.java,91,61,14,9,14
connect/mirror/src/main/java/org/apache/kafka/connect/mirror/Scheduler.java,118,88,15,8,8
connect/mirror/src/main/java/org/apache/kafka/connect/mirror/DefaultGroupFilter.java,90,7,6,12,6
connect/mirror/src/main/java/org/apache/kafka/connect/mirror/MirrorCheckpointTaskConfig.java,61,36,3,3,4
connect/mirror/src/main/java/org/apache/kafka/connect/mirror/ConfigPropertyFilter.java,56,12,7,0,2
connect/mirror/src/main/java/org/apache/kafka/connect/mirror/MirrorCheckpointTask.java,406,29,64,27,28
connect/mirror/src/main/java/org/apache/kafka/connect/mirror/OffsetSyncStore.java,340,214,57,20,14
connect/mirror/src/main/java/org/apache/kafka/connect/mirror/MirrorCheckpointConfig.java,275,220,11,48,5
connect/mirror/src/main/java/org/apache/kafka/connect/mirror/DefaultTopicFilter.java,87,7,6,12,6
connect/mirror/src/main/java/org/apache/kafka/connect/mirror/DefaultConfigPropertyFilter.java,95,7,4,12,6
connect/mirror/src/main/java/org/apache/kafka/connect/mirror/MirrorConnectorConfig.java,336,255,7,44,19
connect/mirror/src/main/java/org/apache/kafka/connect/mirror/MirrorHeartbeatConnector.java,124,77,11,12,11
connect/mirror/src/main/java/org/apache/kafka/connect/mirror/MirrorSourceConfig.java,329,271,10,57,7
connect/mirror/src/main/java/org/apache/kafka/connect/mirror/MirrorHeartbeatTask.java,84,10,4,11,9
connect/mirror/src/main/java/org/apache/kafka/connect/mirror/MirrorMaker.java,368,267,33,29,50
connect/mirror/src/main/java/org/apache/kafka/connect/mirror/TopicFilter.java,36,3,3,0,2
connect/mirror/src/main/java/org/apache/kafka/connect/mirror/MirrorMakerConfig.java,317,218,19,26,22
connect/mirror/src/main/java/org/apache/kafka/connect/mirror/MirrorCheckpointConnector.java,289,218,23,21,30
connect/mirror/src/main/java/org/apache/kafka/connect/mirror/MirrorHeartbeatConfig.java,87,57,5,14,3
connect/mirror/src/main/java/org/apache/kafka/connect/mirror/GroupFilter.java,36,3,3,0,2
connect/mirror/src/main/java/org/apache/kafka/connect/mirror/MirrorSourceConnector.java,740,596,65,44,57
connect/mirror/src/main/java/org/apache/kafka/connect/mirror/OffsetSync.java,97,66,3,11,7
connect/mirror/src/main/java/org/apache/kafka/connect/mirror/formatters/HeartbeatFormatter.java,31,11,3,1,4
connect/mirror/src/main/java/org/apache/kafka/connect/mirror/formatters/CheckpointFormatter.java,31,11,3,1,4
connect/mirror/src/main/java/org/apache/kafka/connect/mirror/formatters/OffsetSyncFormatter.java,31,11,3,1,4
connect/mirror/src/main/java/org/apache/kafka/connect/mirror/rest/MirrorRestServer.java,71,44,3,8,12
connect/mirror/src/main/java/org/apache/kafka/connect/mirror/rest/resources/InternalMirrorResource.java,69,43,6,5,11
metadata/src/test/java/org/apache/kafka/image/ClusterImageTest.java,330,266,5,14,38
metadata/src/test/java/org/apache/kafka/image/TopicsImageTest.java,911,769,9,35,36
metadata/src/test/java/org/apache/kafka/image/ConfigurationsImageTest.java,140,97,4,10,15
metadata/src/test/java/org/apache/kafka/image/ClientQuotasImageTest.java,140,97,4,10,16
metadata/src/test/java/org/apache/kafka/image/MetadataImageTest.java,157,118,5,11,11
metadata/src/test/java/org/apache/kafka/image/ProducerIdsImageTest.java,117,77,4,9,10
metadata/src/test/java/org/apache/kafka/image/MetadataVersionChangeTest.java,79,49,3,8,7
metadata/src/test/java/org/apache/kafka/image/AclsImageTest.java,121,80,6,10,16
metadata/src/test/java/org/apache/kafka/image/FakeSnapshotWriter.java,88,56,4,15,5
metadata/src/test/java/org/apache/kafka/image/AclsDeltaTest.java,128,88,3,8,13
metadata/src/test/java/org/apache/kafka/image/ImageDowngradeTest.java,154,121,3,5,17
metadata/src/test/java/org/apache/kafka/image/FeaturesImageTest.java,189,137,6,14,17
metadata/src/test/java/org/apache/kafka/image/DelegationTokenImageTest.java,155,111,5,12,20
metadata/src/test/java/org/apache/kafka/image/ScramImageTest.java,191,138,5,12,22
metadata/src/test/java/org/apache/kafka/image/FeaturesDeltaTest.java,52,28,4,2,9
metadata/src/test/java/org/apache/kafka/image/publisher/SnapshotEmitterTest.java,178,130,5,17,23
metadata/src/test/java/org/apache/kafka/image/publisher/ControllerRegistrationsPublisherTest.java,98,69,4,6,19
metadata/src/test/java/org/apache/kafka/image/publisher/BrokerRegistrationTrackerTest.java,157,121,5,5,16
metadata/src/test/java/org/apache/kafka/image/publisher/SnapshotGeneratorTest.java,240,190,7,12,20
metadata/src/test/java/org/apache/kafka/image/publisher/metrics/SnapshotEmitterMetricsTest.java,110,79,4,5,12
metadata/src/test/java/org/apache/kafka/image/writer/RecordListWriterTest.java,61,36,3,3,8
metadata/src/test/java/org/apache/kafka/image/writer/RaftSnapshotWriterTest.java,60,36,3,2,8
metadata/src/test/java/org/apache/kafka/image/writer/ImageReWriterTest.java,94,66,3,4,14
metadata/src/test/java/org/apache/kafka/image/writer/ImageWriterOptionsTest.java,121,92,5,4,24
metadata/src/test/java/org/apache/kafka/image/loader/MetadataLoaderTest.java,927,800,16,43,50
metadata/src/test/java/org/apache/kafka/image/loader/MetadataBatchLoaderTest.java,476,391,6,12,27
metadata/src/test/java/org/apache/kafka/image/loader/metrics/MetadataLoaderMetricsTest.java,269,215,3,11,16
metadata/src/test/java/org/apache/kafka/image/node/ClusterImageBrokersNodeTest.java,80,53,3,5,13
metadata/src/test/java/org/apache/kafka/image/node/ConfigurationsImageNodeTest.java,84,58,4,3,12
metadata/src/test/java/org/apache/kafka/image/node/ConfigurationImageNodeTest.java,77,48,3,5,13
metadata/src/test/java/org/apache/kafka/image/node/ClientQuotasImageNodeTest.java,133,95,3,16,7
metadata/src/test/java/org/apache/kafka/image/node/ClusterImageControllersNodeTest.java,73,46,3,5,12
metadata/src/test/java/org/apache/kafka/image/node/MetadataImageNodeTest.java,54,29,3,5,9
metadata/src/test/java/org/apache/kafka/image/node/ClusterImageNodeTest.java,59,32,3,5,7
metadata/src/test/java/org/apache/kafka/image/node/TopicImageNodeTest.java,96,67,4,8,14
metadata/src/test/java/org/apache/kafka/image/node/ScramCredentialDataNodeTest.java,65,40,3,3,6
metadata/src/test/java/org/apache/kafka/image/node/printer/MetadataNodeRedactionCriteriaTest.java,129,88,3,18,10
metadata/src/test/java/org/apache/kafka/image/node/printer/NodeStringifierTest.java,55,32,3,3,3
metadata/src/test/java/org/apache/kafka/controller/PartitionReassignmentRevertTest.java,121,94,3,5,9
metadata/src/test/java/org/apache/kafka/controller/MockRaftClientTestEnv.java,232,165,20,23,21
metadata/src/test/java/org/apache/kafka/controller/MockRaftClientListener.java,109,79,9,15,10
metadata/src/test/java/org/apache/kafka/controller/ActivationRecordsGeneratorTest.java,120,90,4,5,11
metadata/src/test/java/org/apache/kafka/controller/PartitionReassignmentReplicasTest.java,215,180,3,12,11
metadata/src/test/java/org/apache/kafka/controller/QuorumFeaturesTest.java,118,89,8,8,14
metadata/src/test/java/org/apache/kafka/controller/ReplicationControlManagerTest.java,3471,3072,41,85,141
metadata/src/test/java/org/apache/kafka/controller/MockAclMutator.java,92,62,8,6,14
metadata/src/test/java/org/apache/kafka/controller/QuorumControllerTest.java,1705,1476,45,41,143
metadata/src/test/java/org/apache/kafka/controller/MockRaftClient.java,810,616,64,66,47
metadata/src/test/java/org/apache/kafka/controller/QuorumControllerIntegrationTestUtils.java,244,161,17,2,25
metadata/src/test/java/org/apache/kafka/controller/ControllerRequestContextUtil.java,67,43,3,6,6
metadata/src/test/java/org/apache/kafka/controller/BrokerHeartbeatTrackerTest.java,126,92,4,13,10
metadata/src/test/java/org/apache/kafka/controller/OffsetControlManagerTest.java,268,221,4,16,19
metadata/src/test/java/org/apache/kafka/controller/QuorumControllerTestEnv.java,200,160,19,20,18
metadata/src/test/java/org/apache/kafka/controller/AclControlManagerTest.java,441,344,16,22,56
metadata/src/test/java/org/apache/kafka/controller/ProducerIdControlManagerTest.java,164,124,5,7,14
metadata/src/test/java/org/apache/kafka/controller/MockRaftClientTest.java,171,127,14,5,13
metadata/src/test/java/org/apache/kafka/controller/BrokerToElrsTest.java,71,46,4,4,8
metadata/src/test/java/org/apache/kafka/controller/ResultOrErrorTest.java,68,44,3,3,9
metadata/src/test/java/org/apache/kafka/controller/PartitionChangeBuilderTest.java,1268,1093,25,50,35
metadata/src/test/java/org/apache/kafka/controller/EventPerformanceMonitorTest.java,120,88,3,12,6
metadata/src/test/java/org/apache/kafka/controller/BrokerHeartbeatManagerTest.java,249,215,8,8,22
metadata/src/test/java/org/apache/kafka/controller/QuorumControllerMetricsIntegrationTest.java,215,158,11,5,27
metadata/src/test/java/org/apache/kafka/controller/ScramCredentialValueTest.java,79,47,4,3,4
metadata/src/test/java/org/apache/kafka/controller/FeatureControlManagerTest.java,494,436,14,25,30
metadata/src/test/java/org/apache/kafka/controller/PeriodicTaskControlManagerTest.java,286,243,15,11,16
metadata/src/test/java/org/apache/kafka/controller/ConfigurationControlManagerTest.java,564,476,17,21,46
metadata/src/test/java/org/apache/kafka/controller/ClusterControlManagerTest.java,1115,1022,14,24,59
metadata/src/test/java/org/apache/kafka/controller/BrokersToIsrsTest.java,106,78,4,6,10
metadata/src/test/java/org/apache/kafka/controller/ClientQuotaControlManagerTest.java,486,389,6,30,25
metadata/src/test/java/org/apache/kafka/controller/metrics/ControllerMetadataMetricsPublisherTest.java,159,128,4,4,30
metadata/src/test/java/org/apache/kafka/controller/metrics/ControllerMetricsTestUtils.java,106,80,10,4,12
metadata/src/test/java/org/apache/kafka/controller/metrics/ControllerMetadataMetricsTest.java,295,251,3,17,12
metadata/src/test/java/org/apache/kafka/controller/metrics/ControllerMetricsChangesTest.java,249,205,4,15,21
metadata/src/test/java/org/apache/kafka/controller/metrics/QuorumControllerMetricsTest.java,208,169,7,8,9
metadata/src/test/java/org/apache/kafka/controller/errors/EventHandlerExceptionInfoTest.java,219,171,3,26,16
metadata/src/test/java/org/apache/kafka/controller/errors/ControllerExceptionsTest.java,108,75,4,10,15
metadata/src/test/java/org/apache/kafka/metadata/OptionalStringComparatorTest.java,40,18,3,1,5
metadata/src/test/java/org/apache/kafka/metadata/BrokerRegistrationTest.java,225,195,3,8,21
metadata/src/test/java/org/apache/kafka/metadata/BrokerStateTest.java,40,18,4,2,3
metadata/src/test/java/org/apache/kafka/metadata/LeaderRecoveryStateTest.java,89,61,6,1,8
metadata/src/test/java/org/apache/kafka/metadata/MockConfigRepository.java,63,39,3,6,5
metadata/src/test/java/org/apache/kafka/metadata/RecordTestUtils.java,276,206,31,15,23
metadata/src/test/java/org/apache/kafka/metadata/FakeKafkaConfigSchema.java,59,31,3,3,11
metadata/src/test/java/org/apache/kafka/metadata/MockConfigRepositoryTest.java,56,31,3,2,3
metadata/src/test/java/org/apache/kafka/metadata/VersionRangeTest.java,62,39,3,4,6
metadata/src/test/java/org/apache/kafka/metadata/ScramCredentialDataTest.java,160,117,4,9,10
metadata/src/test/java/org/apache/kafka/metadata/PartitionRegistrationTest.java,410,365,9,18,27
metadata/src/test/java/org/apache/kafka/metadata/ControllerRegistrationTest.java,136,106,3,7,16
metadata/src/test/java/org/apache/kafka/metadata/DelegationTokenDataTest.java,117,86,3,9,10
metadata/src/test/java/org/apache/kafka/metadata/LeaderAndIsrTest.java,77,43,3,5,3
metadata/src/test/java/org/apache/kafka/metadata/BrokerRegistrationInControlledShutdownChangeTest.java,48,24,4,3,4
metadata/src/test/java/org/apache/kafka/metadata/KafkaConfigSchemaTest.java,197,161,3,12,17
metadata/src/test/java/org/apache/kafka/metadata/ConfigSynonymTest.java,49,26,3,2,4
metadata/src/test/java/org/apache/kafka/metadata/BrokerRegistrationFencingChangeTest.java,50,26,4,3,4
metadata/src/test/java/org/apache/kafka/metadata/ListenerInfoTest.java,216,170,4,24,14
metadata/src/test/java/org/apache/kafka/metadata/ReplicasTest.java,127,95,3,11,8
metadata/src/test/java/org/apache/kafka/metadata/MetadataRecordSerdeTest.java,225,163,8,10,13
metadata/src/test/java/org/apache/kafka/metadata/bootstrap/BootstrapMetadataTest.java,136,99,4,13,12
metadata/src/test/java/org/apache/kafka/metadata/bootstrap/BootstrapDirectoryTest.java,97,66,4,4,12
metadata/src/test/java/org/apache/kafka/metadata/util/RecordRedactorTest.java,105,74,3,8,12
metadata/src/test/java/org/apache/kafka/metadata/util/BatchFileWriterReaderTest.java,111,77,3,1,15
metadata/src/test/java/org/apache/kafka/metadata/storage/FormatterTest.java,601,538,15,29,46
metadata/src/test/java/org/apache/kafka/metadata/storage/ScramParserTest.java,278,232,3,24,14
metadata/src/test/java/org/apache/kafka/metadata/authorizer/StandardAclTest.java,120,92,7,5,14
metadata/src/test/java/org/apache/kafka/metadata/authorizer/StandardAclRecordIteratorTest.java,66,42,3,2,10
metadata/src/test/java/org/apache/kafka/metadata/authorizer/StandardAuthorizerTest.java,732,623,15,40,67
metadata/src/test/java/org/apache/kafka/metadata/authorizer/MockAuthorizableRequestContext.java,161,120,3,35,5
metadata/src/test/java/org/apache/kafka/metadata/authorizer/StandardAclWithIdTest.java,71,45,7,3,8
metadata/src/test/java/org/apache/kafka/metadata/authorizer/StandardAuthorizerPropertyTest.java,299,235,10,14,34
metadata/src/test/java/org/apache/kafka/metadata/authorizer/ClusterMetadataAuthorizerTest.java,246,192,5,20,37
metadata/src/test/java/org/apache/kafka/metadata/properties/MetaPropertiesTest.java,177,144,4,12,7
metadata/src/test/java/org/apache/kafka/metadata/properties/PropertiesUtilsTest.java,93,67,3,5,10
metadata/src/test/java/org/apache/kafka/metadata/properties/MetaPropertiesEnsembleTest.java,447,384,3,41,28
metadata/src/test/java/org/apache/kafka/metadata/properties/MetaPropertiesVersionTest.java,99,67,3,13,5
metadata/src/test/java/org/apache/kafka/metadata/placement/TopicAssignmentTest.java,91,65,6,3,6
metadata/src/test/java/org/apache/kafka/metadata/placement/PartitionAssignmentTest.java,78,52,6,4,6
metadata/src/test/java/org/apache/kafka/metadata/placement/StripedReplicaPlacerTest.java,304,251,7,17,16
metadata/src/main/java/org/apache/kafka/image/MetadataVersionChangeException.java,37,13,3,4,0
metadata/src/main/java/org/apache/kafka/image/AclsDelta.java,119,71,15,9,12
metadata/src/main/java/org/apache/kafka/image/MetadataImage.java,86,54,11,7,4
metadata/src/main/java/org/apache/kafka/image/ClientQuotasDelta.java,96,67,10,9,6
metadata/src/main/java/org/apache/kafka/image/TopicDelta.java,234,172,30,19,14
metadata/src/main/java/org/apache/kafka/image/ProducerIdsImage.java,51,22,5,5,3
metadata/src/main/java/org/apache/kafka/image/TopicsDelta.java,275,178,33,22,16
metadata/src/main/java/org/apache/kafka/image/MetadataVersionChange.java,40,15,3,4,2
metadata/src/main/java/org/apache/kafka/image/ConfigurationDelta.java,86,54,12,8,5
metadata/src/main/java/org/apache/kafka/image/DelegationTokenImage.java,68,36,6,6,9
metadata/src/main/java/org/apache/kafka/image/ClusterDelta.java,198,158,23,18,17
metadata/src/main/java/org/apache/kafka/image/ClientQuotaImage.java,94,61,8,9,12
metadata/src/main/java/org/apache/kafka/image/ConfigurationsDelta.java,112,79,11,10,8
metadata/src/main/java/org/apache/kafka/image/FeaturesImage.java,125,77,10,14,11
metadata/src/main/java/org/apache/kafka/image/ScramDelta.java,110,75,11,11,9
metadata/src/main/java/org/apache/kafka/image/MetadataDelta.java,460,367,48,59,25
metadata/src/main/java/org/apache/kafka/image/AclsImage.java,58,28,4,6,8
metadata/src/main/java/org/apache/kafka/image/ProducerIdsDelta.java,59,29,3,9,2
metadata/src/main/java/org/apache/kafka/image/TopicsImage.java,90,46,6,11,8
metadata/src/main/java/org/apache/kafka/image/ClientQuotasImage.java,173,138,27,9,22
metadata/src/main/java/org/apache/kafka/image/TopicImage.java,57,29,4,4,9
metadata/src/main/java/org/apache/kafka/image/MetadataProvenance.java,48,16,3,5,2
metadata/src/main/java/org/apache/kafka/image/ClientQuotaDelta.java,77,49,12,7,5
metadata/src/main/java/org/apache/kafka/image/ConfigurationsImage.java,99,59,9,11,8
metadata/src/main/java/org/apache/kafka/image/ConfigurationImage.java,80,47,5,8,8
metadata/src/main/java/org/apache/kafka/image/DelegationTokenDelta.java,106,62,13,11,8
metadata/src/main/java/org/apache/kafka/image/ClusterImage.java,82,51,8,8,7
metadata/src/main/java/org/apache/kafka/image/LocalReplicaChanges.java,97,62,8,14,6
metadata/src/main/java/org/apache/kafka/image/ScramImage.java,143,104,20,9,17
metadata/src/main/java/org/apache/kafka/image/FeaturesDelta.java,121,83,19,10,7
metadata/src/main/java/org/apache/kafka/image/publisher/ControllerRegistrationsPublisher.java,82,52,6,7,9
metadata/src/main/java/org/apache/kafka/image/publisher/SnapshotEmitter.java,163,103,9,20,13
metadata/src/main/java/org/apache/kafka/image/publisher/MetadataPublisher.java,69,15,5,0,4
metadata/src/main/java/org/apache/kafka/image/publisher/BrokerRegistrationTracker.java,131,74,21,6,7
metadata/src/main/java/org/apache/kafka/image/publisher/SnapshotGenerator.java,293,193,18,33,12
metadata/src/main/java/org/apache/kafka/image/publisher/metrics/SnapshotEmitterMetrics.java,103,65,4,16,8
metadata/src/main/java/org/apache/kafka/image/writer/RecordListWriter.java,51,24,6,5,3
metadata/src/main/java/org/apache/kafka/image/writer/RaftSnapshotWriter.java,78,47,9,8,5
metadata/src/main/java/org/apache/kafka/image/writer/ImageWriterClosedException.java,30,7,3,2,0
metadata/src/main/java/org/apache/kafka/image/writer/UnwritableMetadataException.java,48,22,3,6,1
metadata/src/main/java/org/apache/kafka/image/writer/ImageWriterOptions.java,98,62,3,18,3
metadata/src/main/java/org/apache/kafka/image/writer/ImageWriter.java,65,13,5,0,2
metadata/src/main/java/org/apache/kafka/image/writer/ImageReWriter.java,60,29,6,7,3
metadata/src/main/java/org/apache/kafka/image/loader/LoaderManifestType.java,27,5,3,1,0
metadata/src/main/java/org/apache/kafka/image/loader/MetadataBatchLoader.java,278,196,34,21,12
metadata/src/main/java/org/apache/kafka/image/loader/LoaderManifest.java,36,6,3,0,1
metadata/src/main/java/org/apache/kafka/image/loader/MetadataLoader.java,611,441,55,41,36
metadata/src/main/java/org/apache/kafka/image/loader/LogDeltaManifest.java,183,121,14,26,3
metadata/src/main/java/org/apache/kafka/image/loader/SnapshotManifest.java,34,8,3,2,1
metadata/src/main/java/org/apache/kafka/image/loader/metrics/MetadataLoaderMetrics.java,261,169,14,37,17
metadata/src/main/java/org/apache/kafka/image/node/FeaturesImageNode.java,73,34,6,7,3
metadata/src/main/java/org/apache/kafka/image/node/DelegationTokenDataNode.java,87,64,10,4,3
metadata/src/main/java/org/apache/kafka/image/node/TopicImageNode.java,66,39,8,4,4
metadata/src/main/java/org/apache/kafka/image/node/DelegationTokenImageNode.java,51,21,4,5,3
metadata/src/main/java/org/apache/kafka/image/node/ScramImageNode.java,62,31,6,5,6
metadata/src/main/java/org/apache/kafka/image/node/AclsImageByIdNode.java,64,33,6,5,5
metadata/src/main/java/org/apache/kafka/image/node/ClusterImageControllersNode.java,62,31,6,5,4
metadata/src/main/java/org/apache/kafka/image/node/ScramMechanismNode.java,47,20,5,4,3
metadata/src/main/java/org/apache/kafka/image/node/TopicsImageByNameNode.java,52,21,4,5,3
metadata/src/main/java/org/apache/kafka/image/node/ClientQuotaImageNode.java,46,19,4,4,2
metadata/src/main/java/org/apache/kafka/image/node/MetadataNode.java,70,33,7,0,5
metadata/src/main/java/org/apache/kafka/image/node/TopicsImageByIdNode.java,64,33,6,5,5
metadata/src/main/java/org/apache/kafka/image/node/MetadataLeafNode.java,39,16,3,4,1
metadata/src/main/java/org/apache/kafka/image/node/ClusterImageNode.java,56,25,5,5,3
metadata/src/main/java/org/apache/kafka/image/node/ConfigurationsImageNode.java,80,48,11,5,5
metadata/src/main/java/org/apache/kafka/image/node/TopicsImageNode.java,56,25,5,5,3
metadata/src/main/java/org/apache/kafka/image/node/MetadataImageNode.java,58,28,3,5,4
metadata/src/main/java/org/apache/kafka/image/node/ClientQuotasImageNode.java,153,118,26,5,10
metadata/src/main/java/org/apache/kafka/image/node/ProducerIdsImageNode.java,54,23,4,5,3
metadata/src/main/java/org/apache/kafka/image/node/ProvenanceNode.java,57,26,3,5,6
metadata/src/main/java/org/apache/kafka/image/node/ConfigurationImageNode.java,62,34,6,6,3
metadata/src/main/java/org/apache/kafka/image/node/AclsImageNode.java,54,23,4,5,3
metadata/src/main/java/org/apache/kafka/image/node/ScramCredentialDataNode.java,73,49,8,5,2
metadata/src/main/java/org/apache/kafka/image/node/ClusterImageBrokersNode.java,62,31,6,5,4
metadata/src/main/java/org/apache/kafka/image/node/printer/NodeStringifier.java,67,41,3,10,1
metadata/src/main/java/org/apache/kafka/image/node/printer/MetadataNodeRedactionCriteria.java,105,56,7,13,2
metadata/src/main/java/org/apache/kafka/image/node/printer/MetadataNodePrinter.java,51,9,3,0,0
metadata/src/main/java/org/apache/kafka/controller/BrokerHeartbeatTracker.java,146,54,19,3,6
metadata/src/main/java/org/apache/kafka/controller/BrokerControlState.java,46,22,3,6,0
metadata/src/main/java/org/apache/kafka/controller/PeriodicTask.java,101,52,5,6,3
metadata/src/main/java/org/apache/kafka/controller/PartitionReassignmentReplicas.java,161,120,17,9,9
metadata/src/main/java/org/apache/kafka/controller/ClientQuotaControlManager.java,339,265,48,7,27
metadata/src/main/java/org/apache/kafka/controller/ProducerIdControlManager.java,122,85,8,8,10
metadata/src/main/java/org/apache/kafka/controller/ClusterControlManager.java,869,658,100,52,53
metadata/src/main/java/org/apache/kafka/controller/PeriodicTaskControlManager.java,249,171,24,13,10
metadata/src/main/java/org/apache/kafka/controller/OffsetControlManager.java,421,244,33,19,13
metadata/src/main/java/org/apache/kafka/controller/BrokerIdAndEpoch.java,21,3,3,1,0
metadata/src/main/java/org/apache/kafka/controller/ActivationRecordsGenerator.java,173,124,15,0,14
metadata/src/main/java/org/apache/kafka/controller/QuorumController.java,2167,1646,161,188,129
metadata/src/main/java/org/apache/kafka/controller/AclControlManager.java,252,205,34,8,30
metadata/src/main/java/org/apache/kafka/controller/ControllerRequestContext.java,114,74,3,13,9
metadata/src/main/java/org/apache/kafka/controller/ConfigurationValidator.java,49,13,5,2,2
metadata/src/main/java/org/apache/kafka/controller/RaftClientKRaftVersionAccessor.java,37,15,3,4,2
metadata/src/main/java/org/apache/kafka/controller/Controller.java,445,161,18,0,44
metadata/src/main/java/org/apache/kafka/controller/ClusterFeatureSupportDescriber.java,30,9,3,0,4
metadata/src/main/java/org/apache/kafka/controller/PartitionChangeBuilder.java,589,410,84,49,23
metadata/src/main/java/org/apache/kafka/controller/BrokerControlStates.java,21,3,3,0,0
metadata/src/main/java/org/apache/kafka/controller/PeriodicTaskFlag.java,28,4,5,0,0
metadata/src/main/java/org/apache/kafka/controller/ConfigurationControlManager.java,730,589,102,31,40
metadata/src/main/java/org/apache/kafka/controller/PartitionReassignmentRevert.java,102,59,10,6,5
metadata/src/main/java/org/apache/kafka/controller/KRaftVersionAccessor.java,41,6,4,0,1
metadata/src/main/java/org/apache/kafka/controller/ReplicationControlManager.java,2476,1973,347,62,120
metadata/src/main/java/org/apache/kafka/controller/DelegationTokenControlManager.java,367,274,32,25,34
metadata/src/main/java/org/apache/kafka/controller/ScramControlManager.java,350,290,41,20,29
metadata/src/main/java/org/apache/kafka/controller/BrokersToElrs.java,160,121,27,4,7
metadata/src/main/java/org/apache/kafka/controller/EventPerformanceMonitor.java,212,109,10,9,7
metadata/src/main/java/org/apache/kafka/controller/ControllerResult.java,88,57,6,13,4
metadata/src/main/java/org/apache/kafka/controller/ControllerResultAndOffset.java,69,42,7,7,3
metadata/src/main/java/org/apache/kafka/controller/QuorumFeatures.java,136,101,10,15,10
metadata/src/main/java/org/apache/kafka/controller/FeatureControlManager.java,474,376,54,25,30
metadata/src/main/java/org/apache/kafka/controller/BrokersToIsrs.java,288,220,45,13,12
metadata/src/main/java/org/apache/kafka/controller/ResultOrError.java,92,59,6,14,3
metadata/src/main/java/org/apache/kafka/controller/BrokerHeartbeatManager.java,485,307,58,16,19
metadata/src/main/java/org/apache/kafka/controller/metrics/ControllerMetricsChanges.java,199,153,20,18,5
metadata/src/main/java/org/apache/kafka/controller/metrics/ControllerMetadataMetricsPublisher.java,161,125,21,9,12
metadata/src/main/java/org/apache/kafka/controller/metrics/BrokerRegistrationState.java,49,26,5,4,2
metadata/src/main/java/org/apache/kafka/controller/metrics/QuorumControllerMetrics.java,308,249,6,65,13
metadata/src/main/java/org/apache/kafka/controller/metrics/ControllerMetadataMetrics.java,341,267,7,72,15
metadata/src/main/java/org/apache/kafka/controller/errors/ControllerExceptions.java,72,30,10,3,4
metadata/src/main/java/org/apache/kafka/controller/errors/PeriodicControlTaskException.java,27,6,3,1,0
metadata/src/main/java/org/apache/kafka/controller/errors/EventHandlerExceptionInfo.java,225,149,28,13,12
metadata/src/main/java/org/apache/kafka/common/errors/InvalidReplicaDirectoriesException.java,37,13,4,4,2
metadata/src/main/java/org/apache/kafka/metadata/ControllerRegistration.java,230,187,15,29,17
metadata/src/main/java/org/apache/kafka/metadata/BrokerState.java,107,32,5,5,2
metadata/src/main/java/org/apache/kafka/metadata/Replicas.java,245,131,41,12,5
metadata/src/main/java/org/apache/kafka/metadata/LeaderRecoveryState.java,74,33,8,7,1
metadata/src/main/java/org/apache/kafka/metadata/PartitionRegistration.java,449,382,60,52,12
metadata/src/main/java/org/apache/kafka/metadata/ListenerInfo.java,389,261,32,22,17
metadata/src/main/java/org/apache/kafka/metadata/ConfigRepository.java,63,16,15,0,3
metadata/src/main/java/org/apache/kafka/metadata/KafkaConfigSchema.java,284,201,49,18,15
metadata/src/main/java/org/apache/kafka/metadata/MetadataCache.java,227,136,16,4,30
metadata/src/main/java/org/apache/kafka/metadata/VersionRange.java,80,45,9,12,1
metadata/src/main/java/org/apache/kafka/metadata/ScramCredentialData.java,90,60,8,7,5
metadata/src/main/java/org/apache/kafka/metadata/BrokerRegistrationFencingChange.java,56,29,3,7,5
metadata/src/main/java/org/apache/kafka/metadata/LeaderConstants.java,32,5,4,2,0
metadata/src/main/java/org/apache/kafka/metadata/OptionalStringComparator.java,40,19,6,2,2
metadata/src/main/java/org/apache/kafka/metadata/DelegationTokenData.java,71,39,4,4,6
metadata/src/main/java/org/apache/kafka/metadata/BrokerRegistrationReply.java,22,3,3,1,0
metadata/src/main/java/org/apache/kafka/metadata/LeaderAndIsr.java,152,109,8,27,4
metadata/src/main/java/org/apache/kafka/metadata/BrokerRegistration.java,398,333,29,54,19
metadata/src/main/java/org/apache/kafka/metadata/BrokerHeartbeatReply.java,29,4,7,1,0
metadata/src/main/java/org/apache/kafka/metadata/MetadataRecordSerde.java,30,11,3,2,3
metadata/src/main/java/org/apache/kafka/metadata/FinalizedControllerFeatures.java,45,20,3,5,4
metadata/src/main/java/org/apache/kafka/metadata/BrokerRegistrationInControlledShutdownChange.java,57,28,3,7,5
metadata/src/main/java/org/apache/kafka/metadata/bootstrap/BootstrapMetadata.java,185,145,24,15,10
metadata/src/main/java/org/apache/kafka/metadata/bootstrap/BootstrapDirectory.java,117,80,10,5,15
metadata/src/main/java/org/apache/kafka/metadata/util/SnapshotFileReader.java,212,172,14,25,25
metadata/src/main/java/org/apache/kafka/metadata/util/BatchFileWriter.java,120,80,5,8,16
metadata/src/main/java/org/apache/kafka/metadata/util/BatchFileReader.java,169,133,14,14,20
metadata/src/main/java/org/apache/kafka/metadata/util/RecordRedactor.java,64,38,7,3,5
metadata/src/main/java/org/apache/kafka/metadata/publisher/FeaturesPublisher.java,77,51,7,7,9
metadata/src/main/java/org/apache/kafka/metadata/publisher/ScramPublisher.java,65,43,7,7,7
metadata/src/main/java/org/apache/kafka/metadata/publisher/AclPublisher.java,113,73,11,10,13
metadata/src/main/java/org/apache/kafka/metadata/storage/ScramParser.java,258,225,37,9,15
metadata/src/main/java/org/apache/kafka/metadata/storage/Formatter.java,519,386,57,37,36
metadata/src/main/java/org/apache/kafka/metadata/storage/FormatterException.java,28,9,3,2,0
metadata/src/main/java/org/apache/kafka/metadata/authorizer/StandardAuthorizer.java,256,191,16,24,30
metadata/src/main/java/org/apache/kafka/metadata/authorizer/StandardAclWithId.java,47,23,3,4,3
metadata/src/main/java/org/apache/kafka/metadata/authorizer/AclMutator.java,63,18,8,0,7
metadata/src/main/java/org/apache/kafka/metadata/authorizer/StandardAclRecordIterator.java,60,33,6,7,5
metadata/src/main/java/org/apache/kafka/metadata/authorizer/ClusterMetadataAuthorizer.java,167,83,17,0,17
metadata/src/main/java/org/apache/kafka/metadata/authorizer/StandardAuthorizerData.java,600,409,61,30,32
metadata/src/main/java/org/apache/kafka/metadata/authorizer/StandardAcl.java,100,69,11,6,9
metadata/src/main/java/org/apache/kafka/metadata/authorizer/AclCache.java,107,64,8,4,7
metadata/src/main/java/org/apache/kafka/metadata/properties/MetaPropertiesEnsemble.java,605,396,73,50,26
metadata/src/main/java/org/apache/kafka/metadata/properties/MetaPropertiesVersion.java,80,41,7,9,0
metadata/src/main/java/org/apache/kafka/metadata/properties/MetaProperties.java,264,176,19,33,5
metadata/src/main/java/org/apache/kafka/metadata/properties/PropertiesUtils.java,105,60,8,2,11
metadata/src/main/java/org/apache/kafka/metadata/placement/ReplicaPlacer.java,43,10,3,0,2
metadata/src/main/java/org/apache/kafka/metadata/placement/PartitionAssignment.java,74,36,6,8,3
metadata/src/main/java/org/apache/kafka/metadata/placement/PlacementSpec.java,27,5,3,1,1
metadata/src/main/java/org/apache/kafka/metadata/placement/ClusterDescriber.java,40,9,4,0,3
metadata/src/main/java/org/apache/kafka/metadata/placement/UsableBroker.java,29,6,3,1,2
metadata/src/main/java/org/apache/kafka/metadata/placement/StripedReplicaPlacer.java,443,213,43,19,10
metadata/src/main/java/org/apache/kafka/metadata/placement/TopicAssignment.java,31,7,3,2,1
metadata/src/main/java/org/apache/kafka/metadata/placement/DefaultDirProvider.java,32,6,5,0,1
committer-tools/refresh_collaborators.py,145,80,19,5,12
committer-tools/verify_license.py,150,95,29,6,7
committer-tools/reviewers.py,139,100,37,3,7
committer-tools/kafka-merge-pr.py,483,304,85,14,8
committer-tools/find-unfinished-test.py,66,42,16,1,2
